well_id,well_name,timestamp,css_cycle_id,phase,reservoir_temperature,reservoir_pressure,oil_viscosity,oil_api,asphaltene_content,water_cut,steam_volume,steam_rate,injection_pressure,injection_duration,soak_time,production_start,production_cutoff,oil_rate_bopd,water_rate,total_fluid_rate,cumulative_oil,stroke_length,spm,vfd_setting,pump_efficiency,rod_load,pump_unsetting_event,rod_floating_event,rod_failure_event,energy_consumption,power,operating_cost,sor,energy_per_barrel,rod_floating_probability,failure_probability
BGW-01,Baghewala-01 (pad A),2024-01-01T00:00:00,1,injection,49.21,12.54,802.66,18.02,8.35,14.46,416.52,6.037,7.55,69.0,53.23,False,False,31.45,6.29,37.74,31.45,2.36,4.75,54.43,0.743,98.5,0,0,0,196.73,8.2,1064.91,1.5,6.256,0.758,0.546
BGW-01,Baghewala-01 (pad A),2024-01-02T00:00:00,1,injection,50.64,12.51,672.34,18.37,7.89,12.58,411.13,5.53,7.42,74.35,42.43,False,False,39.59,7.92,47.51,71.04,2.39,4.5,62.74,0.887,89.9,0,1,0,184.64,7.69,1049.98,1.5,4.664,0.552,0.366
BGW-01,Baghewala-01 (pad A),2024-01-03T00:00:00,1,injection,52.15,12.59,675.4,17.93,8.43,16.03,414.4,6.151,7.49,67.37,51.13,False,False,35.65,7.13,42.78,106.69,2.48,4.4,60.22,0.82,91.91,0,0,0,181.54,7.56,1057.77,1.5,5.092,0.566,0.386
BGW-01,Baghewala-01 (pad A),2024-01-04T00:00:00,1,soak,52.06,12.44,650.12,18.22,8.38,16.6,450.0,6.25,7.19,72.0,48.0,False,False,42.96,8.59,51.55,149.65,2.43,4.0,63.54,0.889,89.22,0,0,0,180.54,7.52,1146.66,1.5,4.203,0.521,0.375
BGW-01,Baghewala-01 (pad A),2024-01-05T00:00:00,1,soak,52.02,12.77,675.95,18.2,8.78,15.29,450.0,6.25,7.7,72.0,48.0,False,False,42.84,8.57,51.4,192.48,2.52,4.0,60.95,0.864,89.73,0,0,0,183.12,7.63,1146.97,1.5,4.275,0.556,0.399
BGW-01,Baghewala-01 (pad A),2024-01-06T00:00:00,1,soak,51.95,12.61,731.59,17.88,8.7,15.78,450.0,6.25,7.4,72.0,48.0,False,False,33.38,6.68,40.06,225.86,2.29,4.0,67.3,0.843,91.73,0,1,0,175.36,7.31,1146.04,1.5,5.253,0.636,0.455
BGW-01,Baghewala-01 (pad A),2024-01-07T00:00:00,1,production,51.86,12.51,662.68,18.34,8.48,16.0,481.84,6.692,8.02,72.0,48.0,True,False,46.8,9.36,56.16,272.67,2.42,6.22,63.87,0.806,98.12,0,0,0,200.59,8.36,1228.67,1.5,4.286,0.581,0.432
BGW-01,Baghewala-01 (pad A),2024-01-08T00:00:00,1,production,51.72,12.73,635.38,18.27,8.56,14.6,510.63,7.092,7.0,72.0,48.0,True,False,47.52,9.5,57.03,320.19,2.54,4.72,74.27,0.887,94.68,0,0,0,193.01,8.04,1299.74,1.5,4.061,0.53,0.443
BGW-01,Baghewala-01 (pad A),2024-01-09T00:00:00,1,production,51.62,12.31,715.76,18.06,8.82,16.61,452.12,6.28,7.75,72.0,48.0,True,False,41.0,8.2,49.21,361.19,2.41,5.41,71.25,0.753,96.49,0,0,0,186.57,7.77,1152.7,1.5,4.55,0.64,0.459
BGW-01,Baghewala-01 (pad A),2024-01-10T00:00:00,1,production,51.5,12.97,684.92,18.19,8.42,16.67,443.98,6.166,7.74,72.0,48.0,True,False,45.11,9.02,54.13,406.3,2.53,5.5,69.04,0.797,96.5,0,0,0,190.09,7.92,1132.77,1.5,4.214,0.601,0.438
BGW-01,Baghewala-01 (pad A),2024-01-11T00:00:00,1,production,51.49,12.81,693.19,18.18,8.59,15.41,431.09,5.987,7.44,72.0,48.0,True,False,39.79,7.96,47.75,446.1,2.41,5.21,66.26,0.785,97.27,0,0,0,197.17,8.22,1101.4,1.5,4.955,0.615,0.45
BGW-01,Baghewala-01 (pad A),2024-01-12T00:00:00,1,production,51.39,12.31,725.59,17.93,8.67,15.62,437.76,6.08,6.91,72.0,48.0,True,False,41.01,8.2,49.22,487.11,2.43,5.47,63.22,0.774,99.35,0,0,0,195.36,8.14,1117.85,1.5,4.763,0.666,0.516
BGW-01,Baghewala-01 (pad A),2024-01-13T00:00:00,1,production,51.31,11.75,712.35,17.93,8.78,16.08,458.6,6.369,7.29,72.0,48.0,True,False,37.11,7.42,44.53,524.22,2.35,6.11,61.95,0.792,97.38,0,0,0,201.59,8.4,1170.68,1.5,5.432,0.64,0.456
BGW-01,Baghewala-01 (pad A),2024-01-14T00:00:00,1,production,51.22,12.93,673.83,18.31,8.68,15.81,457.42,6.353,8.18,72.0,48.0,True,False,41.13,8.23,49.36,565.35,2.57,5.48,71.72,0.78,97.15,0,0,0,195.05,8.13,1166.95,1.5,4.742,0.591,0.393
BGW-01,Baghewala-01 (pad A),2024-01-15T00:00:00,1,production,51.17,12.36,660.24,18.47,8.77,14.97,475.15,6.599,7.39,72.0,48.0,True,False,40.03,8.01,48.03,605.38,2.43,5.04,68.69,0.868,93.08,0,0,0,185.89,7.75,1210.18,1.5,4.644,0.553,0.368
BGW-01,Baghewala-01 (pad A),2024-01-16T00:00:00,1,production,51.13,12.46,686.12,18.32,8.81,15.14,447.69,6.218,7.91,72.0,48.0,True,False,46.62,9.32,55.94,652.0,2.48,5.89,61.95,0.808,95.82,0,0,0,195.46,8.14,1142.68,1.5,4.193,0.599,0.435
BGW-01,Baghewala-01 (pad A),2024-01-17T00:00:00,1,production,51.13,12.88,778.84,17.67,8.54,17.78,463.08,6.432,8.7,72.0,48.0,True,False,34.24,6.85,41.09,686.24,2.33,5.52,54.88,0.761,98.41,0,0,0,195.25,8.14,1181.12,1.5,5.702,0.728,0.51
BGW-01,Baghewala-01 (pad A),2024-01-18T00:00:00,1,production,51.08,12.46,681.74,18.22,8.08,15.62,438.24,6.087,7.73,72.0,48.0,True,False,40.04,8.01,48.05,726.28,2.61,5.48,67.09,0.804,100.43,0,0,0,192.12,8.01,1118.66,1.5,4.798,0.617,0.466
BGW-01,Baghewala-01 (pad A),2024-01-19T00:00:00,1,production,51.07,12.59,693.92,18.12,8.42,16.08,442.04,6.139,7.71,72.0,48.0,True,False,39.97,7.99,47.97,766.25,2.5,5.65,69.07,0.785,97.64,0,0,0,189.96,7.91,1127.89,1.5,4.752,0.618,0.446
BGW-01,Baghewala-01 (pad A),2024-01-20T00:00:00,1,production,50.99,12.48,774.93,17.85,8.29,16.42,463.05,6.431,7.7,72.0,48.0,True,False,37.36,7.47,44.84,803.62,2.33,5.84,58.78,0.792,99.44,0,0,0,201.11,8.38,1181.76,1.5,5.383,0.728,0.531
BGW-01,Baghewala-01 (pad A),2024-01-21T00:00:00,1,production,50.93,12.37,715.66,17.99,8.51,15.56,482.31,6.699,6.76,72.0,48.0,True,False,38.66,7.73,46.39,842.27,2.56,5.62,64.7,0.802,96.76,0,0,0,195.32,8.14,1229.21,1.5,5.053,0.641,0.471
BGW-01,Baghewala-01 (pad A),2024-01-22T00:00:00,1,production,50.88,12.83,665.99,18.26,8.55,16.3,466.08,6.473,7.24,72.0,48.0,True,False,42.99,8.6,51.59,885.27,2.24,5.79,64.5,0.763,93.21,0,0,0,197.66,8.24,1188.93,1.5,4.597,0.561,0.437
BGW-01,Baghewala-01 (pad A),2024-01-23T00:00:00,1,production,50.76,12.67,788.81,17.8,8.39,17.03,433.09,6.015,7.14,72.0,48.0,True,False,39.85,7.97,47.83,925.12,2.44,5.37,70.13,0.764,99.94,0,0,0,193.54,8.06,1105.95,1.5,4.856,0.748,0.537
BGW-01,Baghewala-01 (pad A),2024-01-24T00:00:00,1,production,50.64,12.04,763.42,17.84,8.26,16.79,454.16,6.308,7.68,72.0,48.0,True,False,41.55,8.31,49.86,966.67,2.42,6.38,67.25,0.701,100.37,0,0,0,208.18,8.67,1160.39,1.5,5.01,0.719,0.531
BGW-01,Baghewala-01 (pad A),2024-01-25T00:00:00,1,production,50.5,12.64,852.44,17.51,8.63,15.15,438.74,6.094,7.54,72.0,48.0,True,False,35.69,7.14,42.83,1002.36,2.37,5.03,70.72,0.751,103.31,1,0,0,185.08,7.71,1119.06,1.5,5.186,0.845,0.637
BGW-01,Baghewala-01 (pad A),2024-01-26T00:00:00,1,production,50.47,12.19,774.89,17.79,8.5,15.52,485.64,6.745,7.3,72.0,48.0,True,True,32.63,6.53,39.15,1034.99,2.47,5.15,70.9,0.772,100.69,0,0,0,192.76,8.03,1237.24,1.5,5.908,0.735,0.523
BGW-01,Baghewala-01 (pad A),2024-01-27T00:00:00,1,production,50.33,12.5,724.16,18.11,8.33,15.58,432.53,6.007,7.58,72.0,48.0,True,True,31.43,6.29,37.71,1066.42,2.37,5.18,67.52,0.768,96.55,0,0,0,197.96,8.25,1105.08,1.5,6.299,0.65,0.445
BGW-01,Baghewala-01 (pad A),2024-01-28T00:00:00,1,production,50.23,12.84,740.15,18.19,8.48,15.67,510.29,7.087,7.32,72.0,48.0,True,True,41.22,8.24,49.46,1107.64,2.47,5.73,53.67,0.754,96.47,0,0,0,197.4,8.22,1299.42,1.5,4.789,0.67,0.451
BGW-01,Baghewala-01 (pad A),2024-01-29T00:00:00,1,production,50.15,12.08,770.07,17.89,8.7,16.45,460.24,6.392,7.67,72.0,48.0,True,True,32.25,6.45,38.7,1139.88,2.48,6.54,67.12,0.678,100.78,0,0,0,212.83,8.87,1176.14,1.5,6.6,0.731,0.572
BGW-01,Baghewala-01 (pad A),2024-01-30T00:00:00,2,production,48.53,12.84,972.04,17.25,8.55,16.03,461.93,6.416,7.91,72.0,48.0,True,True,29.39,5.88,35.27,1169.28,2.23,4.22,60.63,0.679,97.87,0,0,0,189.18,7.88,1177.52,1.5,6.436,0.95,0.658
BGW-01,Baghewala-01 (pad A),2024-01-31T00:00:00,2,injection,50.12,13.21,753.77,18.07,8.52,16.54,460.8,6.682,7.37,68.96,52.02,False,False,35.24,7.05,42.28,1204.51,2.38,4.15,66.71,0.801,94.95,0,0,0,185.25,7.72,1174.22,1.5,5.257,0.679,0.449
BGW-01,Baghewala-01 (pad A),2024-02-01T00:00:00,2,injection,51.49,12.75,732.33,18.0,8.23,14.6,499.6,8.928,7.22,55.96,51.61,False,False,36.92,7.38,44.31,1241.44,2.23,3.95,54.48,0.824,91.58,0,0,0,193.24,8.05,1272.19,1.5,5.233,0.636,0.435
BGW-01,Baghewala-01 (pad A),2024-02-02T00:00:00,2,injection,53.07,13.04,625.25,18.25,8.53,17.57,435.56,5.121,7.53,85.05,52.99,False,False,40.42,8.08,48.51,1281.86,2.44,4.41,67.67,0.898,88.52,0,0,0,184.12,7.67,1110.99,1.5,4.555,0.487,0.317
BGW-01,Baghewala-01 (pad A),2024-02-03T00:00:00,2,soak,53.05,12.31,678.05,17.89,8.73,15.89,450.0,6.25,7.56,72.0,48.0,False,False,39.73,7.95,47.67,1321.59,2.47,4.0,65.31,0.861,89.99,0,0,0,191.65,7.99,1148.0,1.5,4.824,0.56,0.376
BGW-01,Baghewala-01 (pad A),2024-02-04T00:00:00,2,soak,52.97,12.93,674.77,17.96,8.19,16.39,450.0,6.25,7.52,72.0,48.0,False,False,40.89,8.18,49.07,1362.48,2.55,4.0,60.43,0.909,90.62,0,0,0,187.96,7.83,1147.56,1.5,4.597,0.559,0.375
BGW-01,Baghewala-01 (pad A),2024-02-05T00:00:00,2,soak,52.87,11.94,712.4,17.84,8.62,18.19,450.0,6.25,7.9,72.0,48.0,False,False,43.35,8.67,52.02,1405.83,2.54,4.0,62.39,0.843,95.43,0,0,0,181.72,7.57,1146.81,1.5,4.192,0.63,0.481
BGW-01,Baghewala-01 (pad A),2024-02-06T00:00:00,2,production,52.75,12.16,646.63,18.18,8.31,18.01,462.28,6.421,7.54,72.0,48.0,True,False,47.78,9.56,57.33,1453.6,2.38,5.6,61.93,0.821,92.29,0,0,0,191.6,7.98,1178.7,1.5,4.01,0.532,0.345
BGW-01,Baghewala-01 (pad A),2024-02-07T00:00:00,2,production,52.64,12.65,733.4,17.69,8.5,17.39,451.71,6.274,8.17,72.0,48.0,True,False,38.05,7.61,45.66,1491.66,2.24,5.13,66.75,0.806,94.33,0,0,0,190.66,7.94,1152.15,1.5,5.01,0.651,0.449
BGW-01,Baghewala-01 (pad A),2024-02-08T00:00:00,2,production,52.57,12.25,697.87,17.86,8.63,18.13,459.78,6.386,7.27,72.0,48.0,True,False,41.06,8.21,49.28,1532.72,2.39,5.46,62.01,0.825,93.65,0,0,0,196.66,8.19,1173.05,1.5,4.789,0.603,0.431
BGW-01,Baghewala-01 (pad A),2024-02-09T00:00:00,2,production,52.5,11.82,644.97,18.16,8.65,15.74,416.86,5.79,7.63,72.0,48.0,True,False,42.81,8.56,51.37,1575.53,2.53,5.76,72.04,0.843,97.07,0,0,0,189.75,7.91,1064.92,1.5,4.432,0.554,0.432
BGW-01,Baghewala-01 (pad A),2024-02-10T00:00:00,2,production,52.43,12.36,753.01,17.57,8.21,17.09,396.34,5.505,7.54,72.0,48.0,True,False,38.56,7.71,46.27,1614.09,2.32,6.0,64.28,0.747,98.15,0,0,0,191.49,7.98,1013.83,1.5,4.966,0.695,0.496
BGW-01,Baghewala-01 (pad A),2024-02-11T00:00:00,2,production,52.38,12.26,596.2,18.47,8.77,17.36,431.44,5.992,7.11,72.0,48.0,True,False,45.87,9.17,55.05,1659.96,2.37,5.55,59.67,0.83,88.91,0,0,0,194.34,8.1,1101.91,1.5,4.236,0.452,0.289
BGW-01,Baghewala-01 (pad A),2024-02-12T00:00:00,2,production,52.3,12.8,680.53,17.91,8.44,16.31,446.62,6.203,7.08,72.0,48.0,True,False,42.77,8.55,51.32,1702.73,2.35,5.27,63.69,0.814,98.69,0,0,0,189.88,7.91,1139.33,1.5,4.44,0.607,0.484
BGW-01,Baghewala-01 (pad A),2024-02-13T00:00:00,2,production,52.18,12.52,664.11,18.23,8.3,17.23,425.15,5.905,7.31,72.0,48.0,True,False,43.87,8.77,52.64,1746.6,2.33,5.71,68.29,0.777,96.36,0,0,0,189.32,7.89,1085.6,1.5,4.316,0.574,0.45
BGW-01,Baghewala-01 (pad A),2024-02-14T00:00:00,2,production,52.12,13.01,762.5,17.7,8.27,19.69,480.54,6.674,7.79,72.0,48.0,True,False,47.27,9.45,56.72,1793.87,2.5,5.89,74.48,0.756,101.29,0,0,0,206.5,8.6,1226.12,1.5,4.369,0.722,0.552
BGW-01,Baghewala-01 (pad A),2024-02-15T00:00:00,2,production,52.04,12.62,678.67,18.03,8.59,16.2,464.87,6.457,7.1,72.0,48.0,True,False,39.72,7.94,47.67,1833.59,2.35,5.62,64.11,0.804,96.68,0,0,0,196.18,8.17,1185.73,1.5,4.939,0.594,0.457
BGW-01,Baghewala-01 (pad A),2024-02-16T00:00:00,2,production,51.91,12.6,676.26,18.06,8.35,18.44,489.42,6.797,7.44,72.0,48.0,True,False,45.51,9.1,54.62,1879.1,2.22,5.55,67.65,0.8,91.8,0,0,0,203.71,8.49,1248.0,1.5,4.476,0.567,0.415
BGW-01,Baghewala-01 (pad A),2024-02-17T00:00:00,2,production,51.78,12.31,645.33,18.3,8.77,17.22,448.59,6.23,7.93,72.0,48.0,True,False,45.62,9.12,54.75,1924.73,2.36,5.28,71.39,0.807,89.47,0,0,0,187.58,7.82,1143.99,1.5,4.112,0.517,0.314
BGW-01,Baghewala-01 (pad A),2024-02-18T00:00:00,2,production,51.74,12.83,688.6,18.15,8.47,18.89,452.97,6.291,7.62,72.0,48.0,True,False,39.84,7.97,47.81,1964.56,2.71,6.22,70.37,0.786,100.0,0,0,0,194.84,8.12,1155.81,1.5,4.891,0.623,0.46
BGW-01,Baghewala-01 (pad A),2024-02-19T00:00:00,2,production,51.66,12.53,671.41,18.24,8.89,15.91,404.16,5.613,7.57,72.0,48.0,True,False,36.72,7.34,44.07,2001.29,2.51,4.6,60.73,0.855,92.99,0,0,0,185.98,7.75,1032.72,1.5,5.065,0.567,0.413
BGW-01,Baghewala-01 (pad A),2024-02-20T00:00:00,2,production,51.54,12.27,683.74,18.26,8.12,16.76,452.65,6.287,6.54,72.0,48.0,True,False,47.05,9.41,56.46,2048.33,2.54,5.87,58.17,0.784,94.7,0,0,0,194.82,8.12,1155.0,1.5,4.141,0.591,0.418
BGW-01,Baghewala-01 (pad A),2024-02-21T00:00:00,2,production,51.49,12.34,646.12,18.41,8.86,19.05,467.28,6.49,7.7,72.0,48.0,True,False,41.18,8.24,49.42,2089.52,2.42,5.12,62.75,0.818,95.6,0,0,0,193.18,8.05,1191.38,1.5,4.691,0.548,0.427
BGW-01,Baghewala-01 (pad A),2024-02-22T00:00:00,2,production,51.46,12.37,776.85,17.71,8.45,16.51,460.09,6.39,7.22,72.0,48.0,True,False,47.15,9.43,56.58,2136.67,2.42,5.87,67.22,0.757,102.29,0,0,0,181.91,7.58,1172.05,1.5,3.858,0.745,0.557
BGW-01,Baghewala-01 (pad A),2024-02-23T00:00:00,2,production,51.43,12.18,686.6,18.25,8.34,17.35,455.4,6.325,7.73,72.0,48.0,True,False,40.09,8.02,48.1,2176.76,2.48,6.11,57.13,0.781,97.81,0,0,0,189.51,7.9,1161.24,1.5,4.728,0.61,0.457
BGW-01,Baghewala-01 (pad A),2024-02-24T00:00:00,2,production,51.38,12.39,750.7,17.86,8.82,15.77,498.61,6.925,7.32,72.0,48.0,True,False,37.92,7.58,45.51,2214.68,2.5,5.81,71.47,0.761,97.13,0,0,0,198.08,8.25,1270.29,1.5,5.223,0.687,0.503
BGW-01,Baghewala-01 (pad A),2024-02-25T00:00:00,2,production,51.35,12.89,652.48,18.23,8.43,16.36,473.75,6.58,6.8,72.0,48.0,True,True,39.99,8.0,47.98,2254.67,2.27,5.66,73.65,0.805,96.32,0,0,0,200.4,8.35,1208.43,1.5,5.012,0.56,0.419
BGW-01,Baghewala-01 (pad A),2024-02-26T00:00:00,2,production,51.26,12.35,808.21,17.6,8.35,17.36,435.31,6.046,7.41,72.0,48.0,True,True,40.95,8.19,49.14,2295.62,2.45,6.16,63.75,0.701,101.76,0,0,0,190.59,7.94,1111.13,1.5,4.654,0.782,0.566
BGW-01,Baghewala-01 (pad A),2024-02-27T00:00:00,2,production,51.16,12.51,784.64,17.62,8.63,17.08,440.86,6.123,7.28,72.0,48.0,True,True,36.14,7.23,43.37,2331.76,2.39,5.98,58.88,0.7,103.31,0,0,0,205.79,8.57,1126.84,1.5,5.694,0.76,0.559
BGW-01,Baghewala-01 (pad A),2024-02-28T00:00:00,2,production,51.08,12.4,640.38,18.49,8.05,18.73,402.41,5.589,7.09,72.0,48.0,True,True,41.59,8.32,49.91,2373.35,2.41,6.26,57.94,0.828,90.64,0,0,0,193.26,8.05,1029.21,1.5,4.646,0.516,0.366
BGW-01,Baghewala-01 (pad A),2024-02-29T00:00:00,3,production,49.58,12.32,832.85,17.62,8.52,18.16,452.43,6.284,7.35,72.0,48.0,True,True,35.64,7.13,42.77,2408.99,2.34,5.71,64.58,0.708,102.68,0,0,0,190.46,7.94,1153.92,1.5,5.344,0.817,0.593
BGW-01,Baghewala-01 (pad A),2024-03-01T00:00:00,3,injection,51.23,12.08,718.5,18.11,8.1,17.02,490.07,8.276,7.72,59.21,45.49,False,False,38.48,7.7,46.18,2447.47,2.48,5.1,61.12,0.783,98.92,0,0,0,188.24,7.84,1247.75,1.5,4.892,0.655,0.492
BGW-01,Baghewala-01 (pad A),2024-03-02T00:00:00,3,injection,52.66,12.61,649.55,18.2,8.49,17.84,381.03,4.397,7.06,86.65,48.75,False,False,44.49,8.9,53.39,2491.97,2.46,4.78,65.68,0.854,90.63,0,1,0,184.97,7.71,974.76,1.5,4.157,0.528,0.367
BGW-01,Baghewala-01 (pad A),2024-03-03T00:00:00,3,injection,54.11,11.88,555.35,18.29,8.64,17.43,435.92,6.078,7.83,71.72,47.96,False,False,49.5,9.9,59.4,2541.47,2.46,4.66,58.0,0.897,89.94,0,0,0,194.1,8.09,1113.09,1.5,3.921,0.406,0.288
BGW-01,Baghewala-01 (pad A),2024-03-04T00:00:00,3,soak,54.04,12.5,649.64,17.98,8.57,16.15,450.0,6.25,7.48,72.0,48.0,False,False,41.24,8.25,49.49,2582.71,2.33,4.0,69.95,0.875,85.28,0,0,0,183.11,7.63,1146.97,1.5,4.44,0.501,0.331
BGW-01,Baghewala-01 (pad A),2024-03-05T00:00:00,3,soak,54.01,12.23,618.23,18.1,8.5,17.63,450.0,6.25,7.52,72.0,48.0,False,False,43.43,8.69,52.12,2626.14,2.45,4.0,64.83,0.893,91.96,0,0,0,182.01,7.58,1146.84,1.5,4.191,0.495,0.369
BGW-01,Baghewala-01 (pad A),2024-03-06T00:00:00,3,soak,53.93,11.92,635.99,18.1,8.16,17.34,450.0,6.25,7.51,72.0,48.0,False,False,50.69,10.14,60.82,2676.82,2.49,4.0,62.18,0.908,90.22,0,1,0,183.75,7.66,1147.05,1.5,3.625,0.509,0.4
BGW-01,Baghewala-01 (pad A),2024-03-07T00:00:00,3,production,53.83,12.05,712.7,17.62,8.68,17.25,462.76,6.427,7.44,72.0,48.0,True,False,40.87,8.17,49.05,2717.7,2.35,5.46,65.51,0.78,99.31,0,0,0,189.14,7.88,1179.6,1.5,4.628,0.65,0.5
BGW-01,Baghewala-01 (pad A),2024-03-08T00:00:00,3,production,53.8,13.04,687.34,17.76,8.85,19.77,429.43,5.964,7.31,72.0,48.0,True,False,35.01,7.0,42.01,2752.71,2.19,5.32,61.13,0.82,91.35,0,0,0,191.03,7.96,1096.49,1.5,5.456,0.578,0.389
BGW-01,Baghewala-01 (pad A),2024-03-09T00:00:00,3,production,53.72,12.8,671.65,17.77,8.63,19.68,439.77,6.108,7.26,72.0,48.0,True,False,46.43,9.29,55.72,2799.14,2.27,4.73,64.45,0.839,92.77,0,0,0,185.56,7.73,1121.69,1.5,3.996,0.566,0.405
BGW-01,Baghewala-01 (pad A),2024-03-10T00:00:00,3,production,53.69,12.9,769.25,17.29,8.65,18.07,447.66,6.217,8.28,72.0,48.0,True,False,34.55,6.91,41.46,2833.69,2.15,5.32,61.63,0.758,91.94,0,0,0,189.57,7.9,1141.89,1.5,5.486,0.684,0.485
BGW-01,Baghewala-01 (pad A),2024-03-11T00:00:00,3,production,53.6,12.4,677.58,17.9,8.45,19.33,453.47,6.298,7.74,72.0,48.0,True,False,51.37,10.27,61.64,2885.06,2.64,6.02,59.8,0.767,99.69,0,0,0,205.99,8.58,1158.39,1.5,4.01,0.608,0.464
BGW-01,Baghewala-01 (pad A),2024-03-12T00:00:00,3,production,53.53,12.41,647.17,17.95,8.43,15.69,460.9,6.401,8.09,72.0,48.0,True,False,44.58,8.92,53.5,2929.64,2.22,5.32,51.23,0.84,93.03,0,0,0,187.83,7.83,1174.78,1.5,4.213,0.537,0.406
BGW-01,Baghewala-01 (pad A),2024-03-13T00:00:00,3,production,53.5,13.19,720.67,17.53,8.43,18.53,417.69,5.801,7.94,72.0,48.0,True,False,41.51,8.3,49.81,2971.15,2.55,5.35,64.64,0.807,97.39,0,0,0,194.97,8.12,1067.61,1.5,4.697,0.65,0.487
BGW-01,Baghewala-01 (pad A),2024-03-14T00:00:00,3,production,53.43,12.11,611.63,18.27,8.3,20.62,424.31,5.893,7.32,72.0,48.0,True,False,45.07,9.01,54.08,3016.22,2.47,5.61,57.3,0.828,93.3,0,0,0,194.64,8.11,1084.14,1.5,4.319,0.494,0.335
BGW-01,Baghewala-01 (pad A),2024-03-15T00:00:00,3,production,53.33,12.23,638.64,18.02,8.47,19.23,459.75,6.385,7.72,72.0,48.0,True,False,48.7,9.74,58.44,3064.92,2.28,5.94,65.59,0.78,90.13,0,0,0,201.12,8.38,1173.52,1.5,4.13,0.511,0.336
BGW-01,Baghewala-01 (pad A),2024-03-16T00:00:00,3,production,53.19,12.16,644.34,18.09,8.62,19.89,414.07,5.751,8.24,72.0,48.0,True,False,47.86,9.57,57.43,3112.78,2.33,5.28,68.51,0.833,91.4,0,0,0,190.03,7.92,1057.99,1.5,3.971,0.525,0.367
BGW-01,Baghewala-01 (pad A),2024-03-17T00:00:00,3,production,53.15,12.56,618.96,18.27,8.37,20.45,424.88,5.901,7.25,72.0,48.0,True,False,45.48,9.1,54.57,3158.25,2.29,5.64,68.96,0.794,91.23,0,0,0,201.43,8.39,1086.36,1.5,4.429,0.492,0.354
BGW-01,Baghewala-01 (pad A),2024-03-18T00:00:00,3,production,53.04,13.21,720.07,17.71,8.33,20.0,418.02,5.806,7.71,72.0,48.0,True,False,41.74,8.35,50.08,3199.99,2.4,5.43,60.44,0.816,96.74,0,0,0,194.06,8.09,1068.34,1.5,4.65,0.646,0.494
BGW-01,Baghewala-01 (pad A),2024-03-19T00:00:00,3,production,52.96,12.78,670.64,17.96,8.5,18.86,475.86,6.609,8.04,72.0,48.0,True,False,43.2,8.64,51.85,3243.19,2.35,5.77,58.27,0.795,90.82,0,0,0,191.84,7.99,1212.66,1.5,4.44,0.555,0.378
BGW-01,Baghewala-01 (pad A),2024-03-20T00:00:00,3,production,52.85,12.65,617.8,18.12,8.63,18.61,451.82,6.275,7.29,72.0,48.0,True,False,43.62,8.72,52.35,3286.82,2.3,5.16,68.31,0.834,90.53,0,0,0,187.03,7.79,1152.0,1.5,4.287,0.487,0.321
BGW-01,Baghewala-01 (pad A),2024-03-21T00:00:00,3,production,52.78,12.34,668.64,18.15,8.25,19.54,450.22,6.253,7.04,72.0,48.0,True,False,49.21,9.84,59.05,3336.03,2.29,5.3,66.16,0.834,93.94,0,0,0,196.85,8.2,1149.17,1.5,4.0,0.568,0.4
BGW-01,Baghewala-01 (pad A),2024-03-22T00:00:00,3,production,52.74,12.31,608.01,18.5,8.4,21.57,466.93,6.485,7.82,72.0,48.0,True,False,51.8,10.36,62.16,3387.83,2.46,6.18,64.51,0.834,94.39,0,0,0,203.2,8.47,1191.71,1.5,3.923,0.494,0.402
BGW-01,Baghewala-01 (pad A),2024-03-23T00:00:00,3,production,52.68,12.05,691.82,17.92,8.56,20.46,440.05,6.112,7.51,72.0,48.0,True,False,37.47,7.49,44.96,3425.3,2.29,6.19,62.52,0.754,98.28,0,0,0,193.47,8.06,1123.34,1.5,5.164,0.619,0.465
BGW-01,Baghewala-01 (pad A),2024-03-24T00:00:00,3,production,52.61,12.1,717.74,17.74,8.63,19.57,438.36,6.088,7.42,72.0,48.0,True,False,41.71,8.34,50.05,3467.0,2.29,5.99,60.35,0.746,98.35,0,0,0,195.39,8.14,1119.35,1.5,4.685,0.651,0.496
BGW-01,Baghewala-01 (pad A),2024-03-25T00:00:00,3,production,52.56,12.86,747.54,17.66,9.04,19.68,442.01,6.139,8.04,72.0,48.0,True,False,41.06,8.21,49.27,3508.06,2.24,4.89,73.5,0.761,94.13,0,0,0,193.04,8.04,1128.2,1.5,4.701,0.668,0.461
BGW-01,Baghewala-01 (pad A),2024-03-26T00:00:00,3,production,52.53,12.19,701.26,17.93,8.49,19.68,447.69,6.218,7.19,72.0,48.0,True,True,37.13,7.43,44.56,3545.19,2.17,5.97,66.04,0.755,91.66,0,0,0,191.82,7.99,1142.25,1.5,5.166,0.597,0.456
BGW-01,Baghewala-01 (pad A),2024-03-27T00:00:00,3,production,52.49,12.14,624.64,18.32,8.41,22.06,429.17,5.961,7.77,72.0,48.0,True,True,49.43,9.89,59.31,3594.62,2.51,5.43,63.48,0.822,91.74,0,0,0,182.94,7.62,1094.88,1.5,3.701,0.502,0.376
BGW-01,Baghewala-01 (pad A),2024-03-28T00:00:00,3,production,52.38,12.2,596.52,18.38,8.76,19.93,443.56,6.161,7.75,72.0,48.0,True,True,44.9,8.98,53.87,3639.51,2.37,5.77,61.19,0.837,92.72,0,0,0,209.99,8.75,1134.09,1.5,4.677,0.472,0.331
BGW-01,Baghewala-01 (pad A),2024-03-29T00:00:00,3,production,52.31,12.32,678.82,18.23,8.79,20.7,437.53,6.077,7.47,72.0,48.0,True,True,44.11,8.82,52.94,3683.63,2.27,5.64,69.59,0.808,94.69,0,0,0,193.69,8.07,1117.08,1.5,4.391,0.584,0.433
BGW-01,Baghewala-01 (pad A),2024-03-30T00:00:00,4,production,50.73,12.59,676.82,18.31,8.29,19.72,459.65,6.384,7.87,72.0,48.0,True,True,36.16,7.23,43.39,3719.79,2.36,5.94,59.93,0.738,97.69,0,0,0,197.01,8.21,1172.76,1.5,5.448,0.597,0.433
BGW-01,Baghewala-01 (pad A),2024-03-31T00:00:00,4,injection,52.49,12.32,630.62,18.28,8.46,20.1,433.59,6.261,8.07,69.26,43.48,False,False,40.18,8.04,48.22,3759.97,2.35,4.23,64.47,0.882,91.42,0,0,0,182.6,7.61,1105.89,1.5,4.544,0.508,0.36
BGW-01,Baghewala-01 (pad A),2024-04-01T00:00:00,4,injection,54.13,12.59,660.07,17.81,8.39,17.82,462.45,7.801,7.64,59.28,58.01,False,False,41.26,8.25,49.51,3801.24,2.34,4.09,67.18,0.868,87.59,0,0,0,179.94,7.5,1177.71,1.5,4.361,0.526,0.369
BGW-01,Baghewala-01 (pad A),2024-04-02T00:00:00,4,injection,55.43,12.06,637.37,17.63,7.94,18.09,395.66,5.638,7.58,70.17,52.3,False,False,47.51,9.5,57.02,3848.75,2.45,4.66,70.13,0.854,90.87,0,0,0,169.37,7.06,1009.48,1.5,3.565,0.514,0.382
BGW-01,Baghewala-01 (pad A),2024-04-03T00:00:00,4,soak,55.39,12.36,586.8,18.05,8.18,19.62,450.0,6.25,8.11,72.0,48.0,False,False,51.07,10.21,61.29,3899.82,2.38,4.0,66.78,0.906,82.8,0,0,0,179.38,7.47,1146.53,1.5,3.512,0.41,0.268
BGW-01,Baghewala-01 (pad A),2024-04-04T00:00:00,4,soak,55.28,12.47,527.07,18.39,8.44,20.63,450.0,6.25,7.66,72.0,48.0,False,False,46.77,9.35,56.12,3946.59,2.17,4.0,71.81,0.856,84.06,0,0,0,177.73,7.41,1146.33,1.5,3.8,0.342,0.246
BGW-01,Baghewala-01 (pad A),2024-04-05T00:00:00,4,soak,55.22,12.73,560.67,18.33,8.36,21.23,450.0,6.25,7.09,72.0,48.0,False,False,48.78,9.76,58.53,3995.36,2.45,4.0,67.95,0.889,86.29,0,0,0,186.38,7.77,1147.37,1.5,3.821,0.395,0.282
BGW-01,Baghewala-01 (pad A),2024-04-06T00:00:00,4,production,55.05,12.45,606.89,18.0,8.35,18.99,447.21,6.211,7.97,72.0,48.0,True,False,51.2,10.24,61.44,4046.57,2.52,4.86,64.9,0.872,90.1,0,0,0,187.48,7.81,1140.52,1.5,3.661,0.472,0.333
BGW-01,Baghewala-01 (pad A),2024-04-07T00:00:00,4,production,54.96,12.42,680.27,17.69,8.52,19.31,455.71,6.329,7.36,72.0,48.0,True,False,46.79,9.36,56.15,4093.36,2.34,5.0,61.99,0.819,92.06,0,0,0,188.75,7.86,1161.93,1.5,4.034,0.573,0.382
BGW-01,Baghewala-01 (pad A),2024-04-08T00:00:00,4,production,54.91,11.95,643.04,17.9,8.33,19.05,465.26,6.462,7.45,72.0,48.0,True,False,46.74,9.35,56.08,4140.09,2.39,5.06,66.18,0.834,90.32,0,0,0,192.83,8.03,1186.29,1.5,4.126,0.518,0.354
BGW-01,Baghewala-01 (pad A),2024-04-09T00:00:00,4,production,54.89,12.48,676.07,17.73,8.37,18.85,438.75,6.094,8.15,72.0,48.0,True,False,46.1,9.22,55.33,4186.2,2.46,6.2,68.85,0.777,97.36,0,0,0,200.38,8.35,1120.93,1.5,4.346,0.594,0.415
BGW-01,Baghewala-01 (pad A),2024-04-10T00:00:00,4,production,54.75,12.63,650.95,17.69,8.41,17.89,403.95,5.61,7.78,72.0,48.0,True,False,51.04,10.21,61.25,4237.24,2.39,5.86,61.16,0.817,94.6,0,0,0,191.99,8.0,1032.93,1.5,3.761,0.549,0.417
BGW-01,Baghewala-01 (pad A),2024-04-11T00:00:00,4,production,54.71,12.37,656.52,17.7,8.59,19.64,451.42,6.27,7.46,72.0,48.0,True,False,45.14,9.03,54.17,4282.38,2.44,4.54,69.38,0.848,96.44,0,0,0,189.8,7.91,1151.33,1.5,4.204,0.565,0.452
BGW-01,Baghewala-01 (pad A),2024-04-12T00:00:00,4,production,54.68,12.59,493.08,18.67,8.3,20.26,440.43,6.117,6.75,72.0,48.0,True,False,58.43,11.69,70.12,4340.82,2.41,5.23,54.85,0.865,88.73,0,0,0,188.41,7.85,1123.67,1.5,3.224,0.323,0.277
BGW-01,Baghewala-01 (pad A),2024-04-13T00:00:00,4,production,54.63,12.69,622.87,17.89,8.69,19.62,449.43,6.242,7.72,72.0,48.0,True,False,50.37,10.07,60.45,4391.19,2.46,4.97,64.68,0.854,91.1,0,0,0,193.92,8.08,1146.84,1.5,3.85,0.497,0.35
BGW-01,Baghewala-01 (pad A),2024-04-14T00:00:00,4,production,54.57,12.09,616.68,18.13,8.81,20.05,455.85,6.331,7.17,72.0,48.0,True,False,54.91,10.98,65.89,4446.1,2.4,5.68,56.35,0.861,94.52,0,0,0,191.59,7.98,1162.62,1.5,3.489,0.506,0.407
BGW-01,Baghewala-01 (pad A),2024-04-15T00:00:00,4,production,54.5,12.46,654.99,17.9,8.8,20.71,446.26,6.198,7.83,72.0,48.0,True,False,42.85,8.57,51.43,4488.96,2.27,5.33,59.5,0.853,96.61,0,0,0,193.02,8.04,1138.82,1.5,4.504,0.564,0.453
BGW-01,Baghewala-01 (pad A),2024-04-16T00:00:00,4,production,54.44,12.6,643.02,17.72,8.46,20.34,434.97,6.041,6.75,72.0,48.0,True,False,50.72,10.14,60.86,4539.67,2.42,5.19,71.01,0.846,93.93,0,0,0,182.05,7.59,1109.26,1.5,3.59,0.536,0.4
BGW-01,Baghewala-01 (pad A),2024-04-17T00:00:00,4,production,54.32,12.27,682.36,17.78,8.9,20.93,456.73,6.343,7.93,72.0,48.0,True,False,47.03,9.41,56.44,4586.7,2.42,5.88,64.38,0.838,97.22,0,1,0,196.35,8.18,1165.39,1.5,4.175,0.602,0.467
BGW-01,Baghewala-01 (pad A),2024-04-18T00:00:00,4,production,54.16,12.65,661.41,17.9,8.5,20.44,440.81,6.122,7.54,72.0,48.0,True,False,44.4,8.88,53.28,4631.11,2.39,5.54,53.67,0.818,94.26,0,0,0,179.97,7.5,1123.61,1.5,4.053,0.561,0.375
BGW-01,Baghewala-01 (pad A),2024-04-19T00:00:00,4,production,54.09,12.49,708.84,17.69,8.69,21.06,448.12,6.224,7.44,72.0,48.0,True,False,46.07,9.21,55.28,4677.17,2.41,5.13,65.82,0.817,91.74,0,0,0,191.8,7.99,1143.31,1.5,4.164,0.607,0.43
BGW-01,Baghewala-01 (pad A),2024-04-20T00:00:00,4,production,53.96,12.27,542.45,18.52,8.59,18.91,430.46,5.979,7.52,72.0,48.0,True,False,53.01,10.6,63.62,4730.18,2.35,5.04,62.52,0.889,90.25,0,0,0,187.45,7.81,1098.64,1.5,3.536,0.392,0.284
BGW-01,Baghewala-01 (pad A),2024-04-21T00:00:00,4,production,53.87,12.1,610.28,18.13,8.3,20.74,458.61,6.37,7.99,72.0,48.0,True,False,48.07,9.61,57.69,4778.26,2.43,5.42,65.44,0.838,91.6,0,0,0,187.87,7.83,1169.07,1.5,3.908,0.483,0.379
BGW-01,Baghewala-01 (pad A),2024-04-22T00:00:00,4,production,53.8,12.38,710.56,17.49,8.39,21.31,449.05,6.237,7.94,72.0,48.0,True,False,41.06,8.21,49.27,4819.32,2.56,5.24,61.8,0.782,100.45,0,0,0,182.79,7.62,1144.56,1.5,4.452,0.653,0.497
BGW-01,Baghewala-01 (pad A),2024-04-23T00:00:00,4,production,53.72,12.92,658.94,17.9,8.36,21.69,444.77,6.177,7.07,72.0,48.0,True,False,41.13,8.23,49.35,4860.44,2.29,6.08,67.13,0.746,89.1,0,0,0,196.49,8.19,1135.51,1.5,4.778,0.532,0.394
BGW-01,Baghewala-01 (pad A),2024-04-24T00:00:00,4,production,53.64,12.77,619.01,18.1,8.69,19.4,441.41,6.131,7.81,72.0,48.0,True,False,54.53,10.91,65.44,4914.97,2.42,5.53,62.22,0.814,90.66,0,0,0,196.21,8.18,1127.07,1.5,3.598,0.49,0.359
BGW-01,Baghewala-01 (pad A),2024-04-25T00:00:00,4,production,53.53,12.3,701.17,17.66,8.31,18.91,469.99,6.528,7.63,72.0,48.0,True,True,42.93,8.59,51.52,4957.91,2.46,5.05,62.12,0.803,91.81,0,0,0,194.47,8.1,1198.31,1.5,4.529,0.598,0.412
BGW-01,Baghewala-01 (pad A),2024-04-26T00:00:00,4,production,53.49,12.76,661.86,17.9,8.31,21.7,454.37,6.311,7.37,72.0,48.0,True,True,49.49,9.9,59.39,5007.39,2.52,5.76,67.65,0.815,97.06,0,0,0,194.22,8.09,1159.24,1.5,3.925,0.575,0.423
BGW-01,Baghewala-01 (pad A),2024-04-27T00:00:00,4,production,53.47,12.57,651.67,18.03,8.41,20.26,428.72,5.954,7.44,72.0,48.0,True,True,47.78,9.56,57.33,5055.17,2.35,5.86,58.35,0.81,95.01,0,0,0,192.7,8.03,1094.91,1.5,4.033,0.552,0.392
BGW-01,Baghewala-01 (pad A),2024-04-28T00:00:00,4,production,53.37,11.97,704.44,17.65,8.71,21.77,461.75,6.413,7.15,72.0,48.0,True,True,43.11,8.62,51.73,5098.28,2.49,5.08,59.13,0.8,92.48,0,0,0,196.31,8.18,1177.92,1.5,4.554,0.605,0.38
BGW-01,Baghewala-01 (pad A),2024-04-29T00:00:00,5,production,51.87,12.4,797.93,17.53,8.55,21.55,447.17,6.211,7.49,72.0,48.0,True,True,39.56,7.91,47.47,5137.84,2.42,5.18,60.71,0.755,96.22,0,0,0,193.7,8.07,1141.18,1.5,4.897,0.741,0.524
BGW-01,Baghewala-01 (pad A),2024-04-30T00:00:00,5,injection,53.53,11.81,635.73,18.21,8.44,21.26,454.53,6.214,7.12,73.15,52.47,False,False,42.46,8.49,50.96,5180.3,2.47,4.46,59.37,0.853,92.7,0,0,0,173.46,7.23,1157.15,1.5,4.085,0.521,0.4
BGW-01,Baghewala-01 (pad A),2024-05-01T00:00:00,5,injection,55.21,12.26,623.89,17.73,8.7,21.24,485.62,6.723,7.97,72.23,53.59,False,False,54.35,10.87,65.22,5234.66,2.46,4.7,71.06,0.862,89.34,0,0,0,187.58,7.82,1236.56,1.5,3.451,0.489,0.353
BGW-01,Baghewala-01 (pad A),2024-05-02T00:00:00,5,injection,56.85,13.09,559.43,17.91,8.58,22.7,443.93,5.977,7.67,74.28,44.27,False,False,63.02,12.6,75.63,5297.68,2.46,4.71,60.84,0.885,87.7,0,0,0,182.73,7.61,1131.76,1.5,2.899,0.4,0.267
BGW-01,Baghewala-01 (pad A),2024-05-03T00:00:00,5,soak,56.82,12.36,604.35,17.85,8.3,19.67,450.0,6.25,8.34,72.0,48.0,False,False,47.75,9.55,57.3,5345.43,2.3,4.0,69.05,0.891,85.82,0,0,0,184.36,7.68,1147.12,1.5,3.861,0.447,0.306
BGW-01,Baghewala-01 (pad A),2024-05-04T00:00:00,5,soak,56.75,12.36,590.9,17.86,8.68,20.75,450.0,6.25,7.34,72.0,48.0,False,False,49.81,9.96,59.77,5395.24,2.42,4.0,68.7,0.878,91.93,0,0,0,186.34,7.76,1147.36,1.5,3.741,0.461,0.313
BGW-01,Baghewala-01 (pad A),2024-05-05T00:00:00,5,soak,56.68,12.46,588.5,17.94,8.45,21.16,450.0,6.25,7.32,72.0,48.0,False,False,55.34,11.07,66.41,5450.58,2.39,4.0,76.57,0.868,83.75,0,0,0,178.65,7.44,1146.44,1.5,3.228,0.417,0.284
BGW-01,Baghewala-01 (pad A),2024-05-06T00:00:00,5,production,56.64,12.23,551.31,18.23,8.7,18.91,480.62,6.675,6.65,72.0,48.0,True,False,58.04,11.61,69.65,5508.62,2.43,5.38,69.72,0.869,89.45,0,0,0,196.59,8.19,1225.14,1.5,3.387,0.399,0.316
BGW-01,Baghewala-01 (pad A),2024-05-07T00:00:00,5,production,56.58,12.42,538.84,18.1,8.17,20.4,435.87,6.054,7.13,72.0,48.0,True,False,59.7,11.94,71.64,5568.32,2.41,4.83,57.94,0.911,90.4,0,0,0,197.27,8.22,1113.34,1.5,3.304,0.388,0.294
BGW-01,Baghewala-01 (pad A),2024-05-08T00:00:00,5,production,56.52,12.45,578.8,18.13,8.67,19.94,442.18,6.141,7.51,72.0,48.0,True,False,58.33,11.67,70.0,5626.65,2.31,5.89,68.28,0.87,94.55,0,0,0,195.76,8.16,1128.94,1.5,3.356,0.459,0.371
BGW-01,Baghewala-01 (pad A),2024-05-09T00:00:00,5,production,56.44,12.98,529.76,18.15,8.78,20.67,444.33,6.171,7.9,72.0,48.0,True,False,65.45,13.09,78.54,5692.11,2.5,6.2,57.61,0.87,94.79,0,0,0,207.0,8.62,1135.65,1.5,3.163,0.399,0.303
BGW-01,Baghewala-01 (pad A),2024-05-10T00:00:00,5,production,56.34,12.3,601.13,17.79,8.39,22.55,430.51,5.979,7.58,72.0,48.0,True,False,51.72,10.34,62.06,5743.82,2.47,5.84,66.89,0.806,98.49,0,0,0,207.06,8.63,1101.12,1.5,4.004,0.506,0.427
BGW-01,Baghewala-01 (pad A),2024-05-11T00:00:00,5,production,56.26,12.32,528.74,18.28,8.43,22.23,456.98,6.347,7.61,72.0,48.0,True,False,61.08,12.22,73.29,5804.9,2.51,5.99,63.81,0.873,90.4,0,0,0,197.71,8.24,1166.19,1.5,3.237,0.375,0.306
BGW-01,Baghewala-01 (pad A),2024-05-12T00:00:00,5,production,56.18,12.45,527.35,18.41,8.54,20.24,434.78,6.039,7.33,72.0,48.0,True,False,59.82,11.96,71.78,5864.72,2.36,6.12,52.18,0.852,87.11,0,0,0,197.4,8.23,1110.64,1.5,3.3,0.357,0.27
BGW-01,Baghewala-01 (pad A),2024-05-13T00:00:00,5,production,56.09,13.0,605.52,17.79,7.99,21.95,481.82,6.692,7.57,72.0,48.0,True,False,58.53,11.71,70.23,5923.25,2.49,5.6,57.57,0.828,92.8,0,0,0,188.37,7.85,1227.14,1.5,3.219,0.483,0.358
BGW-01,Baghewala-01 (pad A),2024-05-14T00:00:00,5,production,55.99,12.59,614.75,17.61,8.95,22.26,465.41,6.464,7.38,72.0,48.0,True,False,52.84,10.57,63.41,5976.08,2.26,6.6,58.55,0.781,93.18,0,0,0,207.13,8.63,1188.37,1.5,3.92,0.503,0.357
BGW-01,Baghewala-01 (pad A),2024-05-15T00:00:00,5,production,55.92,12.5,556.75,18.09,8.63,22.89,451.19,6.267,7.91,72.0,48.0,True,False,59.33,11.87,71.19,6035.41,2.48,5.42,62.66,0.853,92.11,0,0,0,195.83,8.16,1151.47,1.5,3.301,0.419,0.344
BGW-01,Baghewala-01 (pad A),2024-05-16T00:00:00,5,production,55.83,12.72,597.15,18.09,8.45,21.31,464.65,6.453,7.95,72.0,48.0,True,False,56.63,11.33,67.96,6092.04,2.44,5.21,58.88,0.84,95.38,0,0,0,188.98,7.87,1184.29,1.5,3.337,0.486,0.391
BGW-01,Baghewala-01 (pad A),2024-05-17T00:00:00,5,production,55.75,12.14,625.46,17.84,8.25,21.46,410.02,5.695,7.66,72.0,48.0,True,False,53.09,10.62,63.71,6145.14,2.36,5.27,70.24,0.858,89.92,0,0,0,196.68,8.2,1048.64,1.5,3.705,0.494,0.372
BGW-01,Baghewala-01 (pad A),2024-05-18T00:00:00,5,production,55.65,12.55,635.58,17.76,8.53,21.96,458.05,6.362,7.2,72.0,48.0,True,False,50.47,10.09,60.56,6195.61,2.23,5.07,59.09,0.87,91.82,0,1,0,201.61,8.4,1169.31,1.5,3.995,0.516,0.385
BGW-01,Baghewala-01 (pad A),2024-05-19T00:00:00,5,production,55.62,12.36,588.72,17.96,8.36,22.04,461.06,6.404,7.3,72.0,48.0,True,False,58.41,11.68,70.09,6254.01,2.52,5.86,63.42,0.829,96.4,0,0,0,199.5,8.31,1176.6,1.5,3.416,0.48,0.404
BGW-01,Baghewala-01 (pad A),2024-05-20T00:00:00,5,production,55.52,12.39,604.78,17.94,8.51,21.91,438.93,6.096,6.84,72.0,48.0,True,False,56.03,11.21,67.24,6310.04,2.41,5.18,58.94,0.85,88.19,0,0,0,192.99,8.04,1120.48,1.5,3.444,0.459,0.313
BGW-01,Baghewala-01 (pad A),2024-05-21T00:00:00,5,production,55.47,12.26,611.53,18.05,8.4,22.07,458.82,6.373,6.57,72.0,48.0,True,False,52.52,10.5,63.02,6362.56,2.51,5.86,59.54,0.815,96.4,0,0,0,193.0,8.04,1170.21,1.5,3.675,0.509,0.39
BGW-01,Baghewala-01 (pad A),2024-05-22T00:00:00,5,production,55.42,12.31,578.88,18.06,8.51,23.27,457.49,6.354,6.96,72.0,48.0,True,False,51.1,10.22,61.32,6413.66,2.46,5.22,68.49,0.843,92.86,0,0,0,186.6,7.78,1166.12,1.5,3.652,0.45,0.318
BGW-01,Baghewala-01 (pad A),2024-05-23T00:00:00,5,production,55.36,12.43,569.13,18.25,8.02,21.87,457.16,6.349,8.08,72.0,48.0,True,False,56.23,11.25,67.47,6469.88,2.44,5.15,65.0,0.9,89.26,0,0,0,186.4,7.77,1165.27,1.5,3.315,0.42,0.289
BGW-01,Baghewala-01 (pad A),2024-05-24T00:00:00,5,production,55.27,12.26,611.01,17.88,8.68,20.05,461.18,6.405,7.63,72.0,48.0,True,False,51.0,10.2,61.2,6520.88,2.5,5.78,70.61,0.844,92.89,0,0,0,196.63,8.19,1176.54,1.5,3.856,0.491,0.331
BGW-01,Baghewala-01 (pad A),2024-05-25T00:00:00,5,production,55.21,12.74,534.37,18.35,8.29,21.28,443.6,6.161,7.16,72.0,48.0,True,True,54.65,10.93,65.58,6575.53,2.43,5.24,68.69,0.852,86.92,0,0,0,186.52,7.77,1131.39,1.5,3.413,0.365,0.256
BGW-01,Baghewala-01 (pad A),2024-05-26T00:00:00,5,production,55.19,12.39,652.44,17.65,8.72,20.57,431.65,5.995,7.61,72.0,48.0,True,True,45.33,9.07,54.39,6620.85,2.43,5.75,72.66,0.767,95.53,0,1,0,187.81,7.83,1101.66,1.5,4.144,0.556,0.42
BGW-01,Baghewala-01 (pad A),2024-05-27T00:00:00,5,production,55.04,12.31,584.47,18.07,9.02,22.78,452.1,6.279,7.5,72.0,48.0,True,True,55.79,11.16,66.94,6676.64,2.52,5.57,71.14,0.829,90.84,0,0,0,182.82,7.62,1152.2,1.5,3.277,0.447,0.314
BGW-01,Baghewala-01 (pad A),2024-05-28T00:00:00,5,production,54.92,11.92,602.82,18.14,8.37,23.34,453.67,6.301,7.7,72.0,48.0,True,True,54.08,10.82,64.9,6730.72,2.48,5.23,60.9,0.867,92.85,0,0,0,191.61,7.98,1157.16,1.5,3.543,0.48,0.345
BGW-01,Baghewala-01 (pad A),2024-05-29T00:00:00,6,production,53.35,12.67,620.59,18.14,8.66,21.68,445.62,6.189,7.88,72.0,48.0,True,True,49.3,9.86,59.16,6780.02,2.31,5.95,56.71,0.802,91.62,0,0,0,199.73,8.32,1138.01,1.5,4.051,0.496,0.316
BGW-01,Baghewala-01 (pad A),2024-05-30T00:00:00,6,injection,54.79,12.23,608.69,18.06,8.58,22.45,532.54,6.968,7.68,76.42,42.51,False,False,41.74,8.35,50.09,6821.76,2.47,4.2,62.62,0.855,89.02,0,0,0,193.03,8.04,1354.52,1.5,4.625,0.468,0.283
BGW-01,Baghewala-01 (pad A),2024-05-31T00:00:00,6,injection,56.36,12.18,561.37,18.18,8.31,23.21,515.98,8.06,8.18,64.02,60.89,False,False,51.53,10.31,61.84,6873.29,2.46,4.52,64.17,0.878,89.88,0,0,0,197.67,8.24,1313.66,1.5,3.836,0.414,0.325
BGW-01,Baghewala-01 (pad A),2024-06-01T00:00:00,6,injection,57.85,12.4,636.78,17.45,8.42,21.8,437.36,5.921,7.37,73.87,47.86,False,False,53.65,10.73,64.38,6926.94,2.5,4.74,67.46,0.862,96.01,0,0,0,185.22,7.72,1115.64,1.5,3.452,0.539,0.449
BGW-01,Baghewala-01 (pad A),2024-06-02T00:00:00,6,soak,57.8,12.79,469.78,18.48,8.61,25.03,450.0,6.25,6.98,72.0,48.0,False,False,60.6,12.12,72.72,6987.54,2.5,4.0,66.16,0.905,83.51,0,0,0,181.1,7.55,1146.73,1.5,2.988,0.267,0.171
BGW-01,Baghewala-01 (pad A),2024-06-03T00:00:00,6,soak,57.77,11.74,561.96,17.91,8.4,23.36,450.0,6.25,7.22,72.0,48.0,False,False,52.49,10.5,62.99,7040.03,2.34,4.0,64.02,0.88,85.62,0,0,0,181.69,7.57,1146.8,1.5,3.461,0.393,0.258
BGW-01,Baghewala-01 (pad A),2024-06-04T00:00:00,6,soak,57.67,12.59,482.65,18.47,8.75,23.4,450.0,6.25,7.57,72.0,48.0,False,False,54.47,10.89,65.37,7094.5,2.32,4.0,64.55,0.899,84.64,0,0,0,191.68,7.99,1148.0,1.5,3.519,0.289,0.178
BGW-01,Baghewala-01 (pad A),2024-06-05T00:00:00,6,production,57.59,11.72,474.99,18.39,8.5,23.15,476.49,6.618,7.49,72.0,48.0,True,False,76.39,15.28,91.66,7170.89,2.5,6.3,58.67,0.867,91.73,0,0,0,203.38,8.47,1215.63,1.5,2.662,0.315,0.278
BGW-01,Baghewala-01 (pad A),2024-06-06T00:00:00,6,production,57.49,12.86,528.59,17.91,8.14,22.59,428.96,5.958,7.11,72.0,48.0,True,False,63.47,12.69,76.16,7234.36,2.36,5.3,61.4,0.899,86.79,0,0,0,184.62,7.69,1094.55,1.5,2.909,0.357,0.262
BGW-01,Baghewala-01 (pad A),2024-06-07T00:00:00,6,production,57.43,12.18,475.39,18.51,8.58,20.84,448.43,6.228,7.6,72.0,48.0,True,False,63.7,12.74,76.44,7298.06,2.4,5.29,57.18,0.868,89.88,0,0,0,190.85,7.95,1143.97,1.5,2.996,0.306,0.256
BGW-01,Baghewala-01 (pad A),2024-06-08T00:00:00,6,production,57.39,12.33,647.39,17.46,8.83,23.04,451.06,6.265,8.1,72.0,48.0,True,False,49.75,9.95,59.7,7347.81,2.19,5.0,63.36,0.825,92.91,0,0,0,189.53,7.9,1150.38,1.5,3.81,0.536,0.364
BGW-01,Baghewala-01 (pad A),2024-06-09T00:00:00,6,production,57.32,12.07,486.75,18.49,8.77,21.95,444.29,6.171,7.92,72.0,48.0,True,False,54.01,10.8,64.81,7401.81,2.24,4.87,74.93,0.861,84.51,0,0,0,193.8,8.08,1133.97,1.5,3.589,0.293,0.211
BGW-01,Baghewala-01 (pad A),2024-06-10T00:00:00,6,production,57.28,11.89,575.07,17.93,8.3,24.24,460.98,6.403,7.15,72.0,48.0,True,False,56.56,11.31,67.87,7458.37,2.43,5.59,62.82,0.813,91.31,0,0,0,191.82,7.99,1175.48,1.5,3.391,0.438,0.344
BGW-01,Baghewala-01 (pad A),2024-06-11T00:00:00,6,production,57.29,12.85,651.05,17.28,8.67,23.12,430.7,5.982,8.0,72.0,48.0,True,False,58.0,11.6,69.6,7516.37,2.46,5.89,73.95,0.812,95.64,0,0,0,194.33,8.1,1100.07,1.5,3.351,0.554,0.415
BGW-01,Baghewala-01 (pad A),2024-06-12T00:00:00,6,production,57.21,12.26,496.57,18.25,8.56,21.92,432.76,6.011,7.78,72.0,48.0,True,False,64.61,12.92,77.53,7580.98,2.46,5.62,69.49,0.925,87.73,0,0,0,191.82,7.99,1104.93,1.5,2.969,0.322,0.243
BGW-01,Baghewala-01 (pad A),2024-06-13T00:00:00,6,production,57.09,12.13,620.25,17.49,8.66,20.48,437.58,6.077,7.44,72.0,48.0,True,False,59.73,11.95,71.68,7640.72,2.37,6.08,61.55,0.812,93.66,0,0,0,196.09,8.17,1117.47,1.5,3.283,0.506,0.39
BGW-01,Baghewala-01 (pad A),2024-06-14T00:00:00,6,production,57.03,12.88,600.32,17.69,8.79,24.44,426.64,5.926,6.8,72.0,48.0,True,False,52.73,10.55,63.28,7693.45,2.35,5.71,63.74,0.846,93.23,0,0,0,187.28,7.8,1089.07,1.5,3.552,0.479,0.371
BGW-01,Baghewala-01 (pad A),2024-06-15T00:00:00,6,production,56.94,12.96,528.58,18.21,8.51,23.3,428.92,5.957,7.68,72.0,48.0,True,False,59.8,11.96,71.76,7753.25,2.33,6.2,67.54,0.828,90.37,0,0,0,202.72,8.45,1096.62,1.5,3.39,0.375,0.249
BGW-01,Baghewala-01 (pad A),2024-06-16T00:00:00,6,production,56.94,12.67,419.3,18.91,8.54,23.37,444.45,6.173,8.02,72.0,48.0,True,False,77.01,15.4,92.41,7830.26,2.44,6.11,52.78,0.874,90.07,0,0,0,194.34,8.1,1134.43,1.5,2.524,0.237,0.228
BGW-01,Baghewala-01 (pad A),2024-06-17T00:00:00,6,production,56.75,12.38,545.26,18.08,8.63,23.38,438.53,6.091,7.99,72.0,48.0,True,False,62.95,12.59,75.54,7893.21,2.48,6.02,67.03,0.853,89.95,0,0,0,201.06,8.38,1120.44,1.5,3.194,0.394,0.301
BGW-01,Baghewala-01 (pad A),2024-06-18T00:00:00,6,production,56.67,13.09,527.99,18.37,8.48,22.57,468.2,6.503,7.96,72.0,48.0,True,False,66.27,13.25,79.53,7959.48,2.4,4.89,67.99,0.905,87.37,0,0,0,192.19,8.01,1193.56,1.5,2.9,0.359,0.228
BGW-01,Baghewala-01 (pad A),2024-06-19T00:00:00,6,production,56.63,12.47,546.29,18.12,8.48,22.98,444.07,6.168,6.86,72.0,48.0,True,False,57.96,11.59,69.56,8017.44,2.3,5.87,61.91,0.838,90.01,0,0,0,200.92,8.37,1134.28,1.5,3.466,0.395,0.335
BGW-01,Baghewala-01 (pad A),2024-06-20T00:00:00,6,production,56.49,12.69,594.52,17.77,8.53,23.34,453.44,6.298,7.73,72.0,48.0,True,False,51.86,10.37,62.23,8069.3,2.54,5.42,61.34,0.833,90.04,0,0,0,193.39,8.06,1156.81,1.5,3.729,0.456,0.307
BGW-01,Baghewala-01 (pad A),2024-06-21T00:00:00,6,production,56.43,12.85,527.57,18.23,8.4,24.24,407.18,5.655,7.76,72.0,48.0,True,False,54.51,10.9,65.41,8123.81,2.46,5.67,62.91,0.881,89.12,0,0,0,195.65,8.15,1041.44,1.5,3.589,0.368,0.262
BGW-01,Baghewala-01 (pad A),2024-06-22T00:00:00,6,production,56.37,12.03,581.23,18.02,8.86,25.36,412.47,5.729,7.88,72.0,48.0,True,False,49.82,9.96,59.79,8173.63,2.33,4.83,68.92,0.896,86.73,0,0,0,186.71,7.78,1053.59,1.5,3.748,0.423,0.303
BGW-01,Baghewala-01 (pad A),2024-06-23T00:00:00,6,production,56.31,12.51,552.05,18.15,8.47,23.1,480.52,6.674,7.21,72.0,48.0,True,False,60.5,12.1,72.6,8234.13,2.29,5.77,62.5,0.859,90.45,0,0,0,191.23,7.97,1224.24,1.5,3.161,0.405,0.327
BGW-01,Baghewala-01 (pad A),2024-06-24T00:00:00,6,production,56.15,12.87,543.19,18.24,8.43,23.92,462.03,6.417,8.25,72.0,48.0,True,True,48.72,9.74,58.47,8282.85,2.46,4.28,62.5,0.875,91.43,0,0,0,184.32,7.68,1177.19,1.5,3.783,0.399,0.286
BGW-01,Baghewala-01 (pad A),2024-06-25T00:00:00,6,production,56.08,12.78,530.07,18.34,8.35,21.21,434.49,6.035,7.74,72.0,48.0,True,True,60.66,12.13,72.79,8343.51,2.27,6.74,54.06,0.843,92.61,0,0,0,207.34,8.64,1111.12,1.5,3.418,0.402,0.347
BGW-01,Baghewala-01 (pad A),2024-06-26T00:00:00,6,production,55.99,12.5,628.08,17.77,8.55,24.87,405.54,5.633,7.13,72.0,48.0,True,True,55.08,11.02,66.09,8398.59,2.45,5.66,59.22,0.811,91.71,0,0,0,186.83,7.78,1036.28,1.5,3.392,0.506,0.35
BGW-01,Baghewala-01 (pad A),2024-06-27T00:00:00,6,production,55.85,12.64,638.78,17.84,8.22,24.46,475.7,6.607,7.99,72.0,48.0,True,True,48.94,9.79,58.73,8447.54,2.52,5.09,74.18,0.815,88.46,0,0,0,194.48,8.1,1212.6,1.5,3.973,0.503,0.357
BGW-01,Baghewala-01 (pad A),2024-06-28T00:00:00,7,production,54.33,12.9,583.15,18.15,8.47,25.2,453.53,6.299,7.69,72.0,48.0,True,True,56.79,11.36,68.15,8504.33,2.52,6.17,62.56,0.792,94.12,0,0,0,201.02,8.38,1157.95,1.5,3.54,0.462,0.364
BGW-04,Baghewala-04 (pad A),2024-01-01T00:00:00,1,injection,47.12,12.69,872.02,18.0,8.52,14.93,458.04,6.472,7.05,70.77,55.93,False,False,28.61,5.72,34.33,28.61,2.49,4.38,65.01,0.735,96.05,0,0,0,181.19,7.55,1166.85,1.5,6.333,0.833,0.58
BGW-04,Baghewala-04 (pad A),2024-01-02T00:00:00,1,injection,48.29,13.01,796.91,18.09,8.31,15.54,387.85,4.816,6.72,80.53,48.72,False,False,31.21,6.24,37.46,59.82,2.42,4.08,66.1,0.811,95.57,0,0,0,183.05,7.63,991.58,1.5,5.865,0.736,0.484
BGW-04,Baghewala-04 (pad A),2024-01-03T00:00:00,1,injection,49.42,12.31,823.59,17.82,8.01,16.91,443.94,7.838,7.73,56.64,45.02,False,False,34.94,6.99,41.93,94.76,2.38,4.2,73.56,0.775,97.28,0,0,0,181.76,7.57,1131.67,1.5,5.202,0.778,0.564
BGW-04,Baghewala-04 (pad A),2024-01-04T00:00:00,1,soak,49.4,12.66,793.08,17.98,8.75,14.68,450.0,6.25,7.99,72.0,48.0,False,False,32.72,6.54,39.26,127.48,2.42,4.0,75.76,0.819,97.28,0,1,0,181.05,7.54,1146.73,1.5,5.534,0.74,0.522
BGW-04,Baghewala-04 (pad A),2024-01-05T00:00:00,1,soak,49.4,13.0,805.78,17.93,8.5,14.66,450.0,6.25,7.71,72.0,48.0,False,False,29.31,5.86,35.17,156.79,2.37,4.0,66.3,0.799,98.72,0,0,0,185.33,7.72,1147.24,1.5,6.324,0.763,0.546
BGW-04,Baghewala-04 (pad A),2024-01-06T00:00:00,1,soak,49.29,11.98,946.43,17.35,8.16,14.19,450.0,6.25,7.51,72.0,48.0,False,False,33.85,6.77,40.62,190.63,2.4,4.0,64.4,0.729,102.26,0,0,0,180.69,7.53,1146.68,1.5,5.338,0.95,0.607
BGW-04,Baghewala-04 (pad A),2024-01-07T00:00:00,1,production,49.23,12.21,832.24,17.98,8.36,13.69,416.99,5.791,7.73,72.0,48.0,True,False,33.9,6.78,40.68,224.53,2.41,5.7,67.64,0.681,102.21,0,0,0,205.18,8.55,1067.08,1.5,6.052,0.814,0.578
BGW-04,Baghewala-04 (pad A),2024-01-08T00:00:00,1,production,49.16,12.26,931.65,17.37,8.16,15.95,450.29,6.254,7.54,72.0,48.0,True,False,36.58,7.32,43.89,261.11,2.5,4.54,60.84,0.754,101.62,0,0,0,180.47,7.52,1147.39,1.5,4.934,0.935,0.656
BGW-04,Baghewala-04 (pad A),2024-01-09T00:00:00,1,production,49.06,12.1,710.95,18.35,8.44,17.38,463.84,6.442,7.52,72.0,48.0,True,False,33.45,6.69,40.14,294.56,2.4,6.04,70.38,0.741,100.5,0,0,0,201.13,8.38,1183.73,1.5,6.013,0.654,0.499
BGW-04,Baghewala-04 (pad A),2024-01-10T00:00:00,1,production,48.97,12.57,742.13,18.26,8.29,16.77,468.35,6.505,7.37,72.0,48.0,True,False,33.51,6.7,40.21,328.06,2.5,5.1,68.94,0.823,96.35,0,0,0,195.36,8.14,1194.31,1.5,5.831,0.672,0.48
BGW-04,Baghewala-04 (pad A),2024-01-11T00:00:00,1,production,48.93,12.4,836.42,17.8,8.5,16.22,428.48,5.951,7.6,72.0,48.0,True,False,34.2,6.84,41.04,362.26,2.58,5.81,72.52,0.758,100.66,0,0,0,193.05,8.04,1094.36,1.5,5.644,0.811,0.564
BGW-04,Baghewala-04 (pad A),2024-01-12T00:00:00,1,production,48.87,12.46,819.31,17.9,8.37,16.31,469.13,6.516,7.28,72.0,48.0,True,False,29.07,5.81,34.89,391.34,2.37,5.66,74.11,0.732,99.99,0,0,0,203.96,8.5,1197.31,1.5,7.015,0.787,0.533
BGW-04,Baghewala-04 (pad A),2024-01-13T00:00:00,1,production,48.79,12.52,844.62,17.9,8.53,17.22,423.27,5.879,7.35,72.0,48.0,True,False,35.47,7.09,42.56,426.8,2.37,5.4,61.93,0.682,103.02,0,0,0,181.72,7.57,1079.99,1.5,5.124,0.833,0.605
BGW-04,Baghewala-04 (pad A),2024-01-14T00:00:00,1,production,48.7,12.67,739.93,18.34,8.42,13.6,479.46,6.659,7.32,72.0,48.0,True,False,34.61,6.92,41.53,461.41,2.32,5.65,62.82,0.751,96.02,0,0,0,185.88,7.74,1220.96,1.5,5.371,0.668,0.476
BGW-04,Baghewala-04 (pad A),2024-01-15T00:00:00,1,production,48.58,12.64,891.88,17.66,8.57,14.37,468.29,6.504,7.61,72.0,48.0,True,False,28.35,5.67,34.02,489.76,2.31,5.57,56.91,0.711,103.81,0,0,0,194.44,8.1,1194.05,1.5,6.858,0.896,0.659
BGW-04,Baghewala-04 (pad A),2024-01-16T00:00:00,1,production,48.52,12.13,747.57,18.39,8.11,15.67,451.13,6.266,7.48,72.0,48.0,True,False,35.74,7.15,42.88,525.5,2.22,5.3,68.39,0.78,93.2,0,0,0,196.84,8.2,1151.45,1.5,5.508,0.663,0.474
BGW-04,Baghewala-04 (pad A),2024-01-17T00:00:00,1,production,48.51,12.59,807.92,18.05,8.27,16.35,424.22,5.892,8.29,72.0,48.0,True,False,33.94,6.79,40.73,559.45,2.4,4.74,66.11,0.783,100.64,0,0,0,179.74,7.49,1082.13,1.5,5.295,0.776,0.539
BGW-04,Baghewala-04 (pad A),2024-01-18T00:00:00,1,production,48.48,12.6,795.67,18.21,8.73,16.13,428.74,5.955,7.4,72.0,48.0,True,False,33.46,6.69,40.16,592.91,2.22,6.36,68.93,0.725,100.5,0,0,0,202.54,8.44,1096.15,1.5,6.053,0.76,0.596
BGW-04,Baghewala-04 (pad A),2024-01-19T00:00:00,1,production,48.53,12.67,752.68,18.38,8.72,16.67,447.97,6.222,6.95,72.0,48.0,True,False,40.13,8.03,48.16,633.04,2.63,5.87,60.96,0.731,103.07,0,0,0,199.31,8.3,1143.84,1.5,4.966,0.719,0.518
BGW-04,Baghewala-04 (pad A),2024-01-20T00:00:00,1,production,48.42,12.78,868.08,17.67,8.3,16.66,385.87,5.359,6.99,72.0,48.0,True,False,29.74,5.95,35.69,662.78,2.27,5.26,66.14,0.69,103.61,0,0,0,178.08,7.42,986.05,1.5,5.987,0.866,0.65
BGW-04,Baghewala-04 (pad A),2024-01-21T00:00:00,1,production,48.32,12.95,953.54,17.29,8.48,15.37,454.92,6.318,6.88,72.0,48.0,True,False,28.02,5.6,33.62,690.8,2.44,5.59,66.28,0.663,108.11,0,0,0,203.08,8.46,1161.67,1.5,7.249,0.95,0.699
BGW-04,Baghewala-04 (pad A),2024-01-22T00:00:00,1,production,48.28,12.8,726.38,18.66,8.41,16.87,422.64,5.87,7.22,72.0,48.0,True,False,31.04,6.21,37.25,721.84,2.51,5.42,63.52,0.791,95.13,0,0,0,193.0,8.04,1079.77,1.5,6.218,0.646,0.468
BGW-04,Baghewala-04 (pad A),2024-01-23T00:00:00,1,production,48.25,12.27,808.44,18.16,8.33,15.3,470.4,6.533,7.45,72.0,48.0,True,False,32.17,6.43,38.6,754.01,2.49,5.29,76.17,0.745,101.78,0,0,0,194.64,8.11,1199.37,1.5,6.051,0.782,0.567
BGW-04,Baghewala-04 (pad A),2024-01-24T00:00:00,1,production,48.12,11.96,728.0,18.36,8.17,14.89,440.79,6.122,7.24,72.0,48.0,True,False,33.64,6.73,40.37,787.65,2.33,5.6,68.85,0.779,96.67,0,0,0,188.82,7.87,1124.63,1.5,5.613,0.656,0.469
BGW-04,Baghewala-04 (pad A),2024-01-25T00:00:00,1,production,48.03,12.16,951.89,17.46,8.77,16.8,458.82,6.373,7.57,72.0,48.0,True,False,33.3,6.66,39.96,820.95,2.18,5.5,61.59,0.691,106.04,0,0,0,198.93,8.29,1170.93,1.5,5.974,0.95,0.665
BGW-04,Baghewala-04 (pad A),2024-01-26T00:00:00,1,production,48.0,12.39,892.19,17.77,8.65,16.99,464.76,6.455,7.72,72.0,48.0,True,True,27.22,5.44,32.67,848.17,2.25,5.85,60.4,0.687,104.18,0,0,0,193.09,8.05,1185.08,1.5,7.093,0.899,0.628
BGW-04,Baghewala-04 (pad A),2024-01-27T00:00:00,1,production,47.91,12.47,788.23,18.28,8.48,15.54,455.0,6.32,7.85,72.0,48.0,True,True,35.37,7.07,42.44,883.54,2.62,5.99,65.31,0.707,101.4,0,0,0,201.51,8.4,1161.69,1.5,5.697,0.755,0.531
BGW-04,Baghewala-04 (pad A),2024-01-28T00:00:00,1,production,47.77,12.78,852.17,17.99,8.5,16.57,433.59,6.022,7.36,72.0,48.0,True,True,38.51,7.7,46.21,922.05,2.56,5.54,68.07,0.718,104.93,0,0,0,198.02,8.25,1107.74,1.5,5.142,0.852,0.626
BGW-04,Baghewala-04 (pad A),2024-01-29T00:00:00,1,production,47.63,12.87,1001.42,17.38,8.84,17.03,470.81,6.539,7.75,72.0,48.0,True,True,27.96,5.59,33.56,950.01,2.22,4.49,62.26,0.636,103.01,0,0,0,182.3,7.6,1198.89,1.5,6.519,0.95,0.71
BGW-04,Baghewala-04 (pad A),2024-01-30T00:00:00,2,production,46.07,12.74,922.29,17.99,8.58,15.48,465.22,6.461,7.28,72.0,48.0,True,True,30.33,6.07,36.39,980.34,2.45,5.08,58.68,0.709,102.9,0,0,0,184.56,7.69,1185.2,1.5,6.085,0.93,0.661
BGW-04,Baghewala-04 (pad A),2024-01-31T00:00:00,2,injection,47.28,12.51,754.87,18.45,8.42,15.24,462.78,6.602,7.74,70.09,41.89,False,False,33.05,6.61,39.66,1013.39,2.33,4.3,70.69,0.783,90.59,0,0,0,190.12,7.92,1179.76,1.5,5.752,0.659,0.432
BGW-04,Baghewala-04 (pad A),2024-02-01T00:00:00,2,injection,48.17,13.21,893.26,17.76,8.34,16.98,396.65,5.246,8.11,75.61,49.79,False,False,29.37,5.87,35.24,1042.76,2.26,4.63,67.18,0.786,98.15,0,0,0,177.88,7.41,1012.98,1.5,6.057,0.87,0.578
BGW-04,Baghewala-04 (pad A),2024-02-02T00:00:00,2,injection,49.48,12.67,860.88,17.74,8.98,16.62,450.23,6.92,7.31,65.07,52.75,False,False,31.0,6.2,37.2,1073.76,2.4,4.23,59.85,0.797,95.07,0,0,0,184.53,7.69,1147.72,1.5,5.952,0.814,0.527
BGW-04,Baghewala-04 (pad A),2024-02-03T00:00:00,2,soak,49.34,12.27,720.1,18.35,8.76,15.48,450.0,6.25,7.91,72.0,48.0,False,False,36.22,7.24,43.47,1109.99,2.41,4.0,58.61,0.88,97.61,0,0,0,185.35,7.72,1147.24,1.5,5.117,0.651,0.479
BGW-04,Baghewala-04 (pad A),2024-02-04T00:00:00,2,soak,49.25,13.04,753.89,18.24,8.58,15.79,450.0,6.25,7.79,72.0,48.0,False,False,34.09,6.82,40.91,1144.08,2.38,4.0,68.55,0.832,89.88,0,0,0,186.01,7.75,1147.32,1.5,5.457,0.654,0.436
BGW-04,Baghewala-04 (pad A),2024-02-05T00:00:00,2,soak,49.14,12.36,886.49,17.5,8.57,17.2,450.0,6.25,7.42,72.0,48.0,False,False,30.98,6.2,37.18,1175.06,2.42,4.0,71.01,0.767,100.98,0,0,0,184.04,7.67,1147.09,1.5,5.94,0.876,0.648
BGW-04,Baghewala-04 (pad A),2024-02-06T00:00:00,2,production,49.09,12.42,727.03,18.31,8.3,18.22,469.29,6.518,6.64,72.0,48.0,True,False,36.18,7.24,43.41,1211.24,2.17,6.08,59.73,0.775,99.28,0,0,0,204.2,8.51,1197.72,1.5,5.644,0.668,0.483
BGW-04,Baghewala-04 (pad A),2024-02-07T00:00:00,2,production,49.1,12.78,820.84,17.87,8.36,16.91,481.86,6.693,7.28,72.0,48.0,True,False,32.0,6.4,38.4,1243.24,2.33,5.71,62.98,0.736,102.03,0,0,0,200.54,8.36,1228.72,1.5,6.267,0.799,0.536
BGW-04,Baghewala-04 (pad A),2024-02-08T00:00:00,2,production,49.03,12.48,675.48,18.46,8.31,16.12,469.5,6.521,6.44,72.0,48.0,True,False,32.81,6.56,39.37,1276.05,2.43,4.76,68.71,0.824,95.79,0,1,0,180.53,7.52,1195.42,1.5,5.503,0.586,0.439
BGW-04,Baghewala-04 (pad A),2024-02-09T00:00:00,2,production,49.02,12.4,715.73,18.45,8.39,16.37,460.91,6.402,7.68,72.0,48.0,True,False,35.87,7.17,43.04,1311.92,2.45,5.69,65.65,0.755,100.75,0,0,0,193.13,8.05,1175.45,1.5,5.384,0.661,0.473
BGW-04,Baghewala-04 (pad A),2024-02-10T00:00:00,2,production,48.93,12.29,827.47,17.79,8.13,18.31,438.91,6.096,7.56,72.0,48.0,True,False,37.93,7.59,45.52,1349.85,2.39,6.18,61.28,0.711,102.19,0,0,0,205.57,8.57,1121.94,1.5,5.419,0.808,0.555
BGW-04,Baghewala-04 (pad A),2024-02-11T00:00:00,2,production,48.86,12.72,822.6,17.92,8.35,16.35,439.3,6.101,7.02,72.0,48.0,True,False,37.79,7.56,45.35,1387.64,2.6,6.54,64.0,0.709,107.75,0,0,0,209.14,8.71,1123.34,1.5,5.534,0.832,0.647
BGW-04,Baghewala-04 (pad A),2024-02-12T00:00:00,2,production,48.75,12.55,846.84,17.77,8.44,17.56,473.75,6.58,7.34,72.0,48.0,True,False,30.83,6.17,37.0,1418.47,2.41,5.8,69.6,0.703,103.17,0,0,0,198.78,8.28,1208.23,1.5,6.448,0.837,0.615
BGW-04,Baghewala-04 (pad A),2024-02-13T00:00:00,2,production,48.63,12.82,749.42,18.36,8.39,17.27,433.87,6.026,7.61,72.0,48.0,True,False,28.69,5.74,34.43,1447.16,2.29,4.2,66.83,0.799,97.42,0,0,0,178.04,7.42,1106.03,1.5,6.205,0.686,0.484
BGW-04,Baghewala-04 (pad A),2024-02-14T00:00:00,2,production,48.65,12.59,893.93,17.69,8.64,17.69,488.97,6.791,8.15,72.0,48.0,True,False,32.51,6.5,39.01,1479.67,2.25,5.83,64.55,0.653,103.56,1,0,0,192.6,8.03,1245.53,1.5,5.925,0.898,0.652
BGW-04,Baghewala-04 (pad A),2024-02-15T00:00:00,2,production,48.58,12.33,798.09,18.01,8.46,19.28,443.44,6.159,7.93,72.0,48.0,True,False,36.12,7.22,43.34,1515.79,2.63,5.24,67.66,0.76,97.42,0,0,0,184.95,7.71,1130.8,1.5,5.121,0.747,0.523
BGW-04,Baghewala-04 (pad A),2024-02-16T00:00:00,2,production,48.49,12.1,881.66,17.78,8.24,18.01,455.4,6.325,7.26,72.0,48.0,True,False,32.3,6.46,38.76,1548.08,2.29,6.34,67.39,0.676,104.78,0,0,0,207.1,8.63,1163.34,1.5,6.412,0.888,0.634
BGW-04,Baghewala-04 (pad A),2024-02-17T00:00:00,2,production,48.37,12.83,789.41,18.17,8.44,17.7,417.05,5.792,8.0,72.0,48.0,True,False,35.7,7.14,42.84,1583.79,2.41,5.14,62.57,0.746,101.08,0,0,0,187.16,7.8,1065.08,1.5,5.242,0.755,0.543
BGW-04,Baghewala-04 (pad A),2024-02-18T00:00:00,2,production,48.31,12.52,759.82,18.25,8.43,15.77,432.53,6.007,7.09,72.0,48.0,True,False,32.53,6.51,39.04,1616.32,2.36,6.02,69.27,0.71,99.45,0,0,0,199.35,8.31,1105.24,1.5,6.128,0.71,0.516
BGW-04,Baghewala-04 (pad A),2024-02-19T00:00:00,2,production,48.18,12.16,816.59,17.95,8.76,16.98,442.48,6.146,7.29,72.0,48.0,True,False,27.88,5.58,33.46,1644.2,2.15,5.59,60.31,0.713,99.05,0,0,0,194.25,8.09,1129.52,1.5,6.966,0.779,0.549
BGW-04,Baghewala-04 (pad A),2024-02-20T00:00:00,2,production,48.1,12.08,786.03,18.13,8.69,17.42,447.13,6.21,7.99,72.0,48.0,True,False,33.46,6.69,40.15,1677.66,2.44,5.81,65.96,0.708,101.62,0,0,0,195.74,8.16,1141.31,1.5,5.851,0.753,0.554
BGW-04,Baghewala-04 (pad A),2024-02-21T00:00:00,2,production,48.01,12.98,779.13,18.28,8.44,17.65,476.5,6.618,7.5,72.0,48.0,True,False,29.96,5.99,35.95,1707.62,2.35,5.71,65.14,0.735,98.7,0,0,0,204.09,8.5,1215.73,1.5,6.812,0.73,0.553
BGW-04,Baghewala-04 (pad A),2024-02-22T00:00:00,2,production,47.91,12.09,829.32,18.06,8.55,17.45,440.08,6.112,7.53,72.0,48.0,True,False,31.95,6.39,38.34,1739.56,2.4,5.74,66.14,0.713,102.26,0,1,0,197.42,8.23,1123.9,1.5,6.18,0.81,0.593
BGW-04,Baghewala-04 (pad A),2024-02-23T00:00:00,2,production,47.83,12.2,832.91,18.09,8.45,17.79,450.15,6.252,7.08,72.0,48.0,True,False,39.18,7.84,47.01,1778.74,2.61,5.46,66.32,0.725,102.35,0,0,0,196.14,8.17,1148.92,1.5,5.006,0.815,0.582
BGW-04,Baghewala-04 (pad A),2024-02-24T00:00:00,2,production,47.74,11.76,802.32,18.14,8.42,17.44,419.69,5.829,7.6,72.0,48.0,True,False,34.66,6.93,41.59,1813.4,2.37,5.39,66.93,0.732,98.95,0,0,0,189.98,7.92,1072.03,1.5,5.481,0.76,0.519
BGW-04,Baghewala-04 (pad A),2024-02-25T00:00:00,2,production,47.64,12.42,917.71,17.68,8.48,18.43,434.32,6.032,6.82,72.0,48.0,True,True,28.95,5.79,34.74,1842.35,2.41,4.85,68.49,0.678,103.61,0,0,0,193.57,8.07,1109.02,1.5,6.687,0.928,0.636
BGW-04,Baghewala-04 (pad A),2024-02-26T00:00:00,2,production,47.56,12.12,858.77,17.99,8.94,17.72,473.74,6.58,7.89,72.0,48.0,True,True,30.37,6.07,36.45,1872.72,2.42,5.58,64.06,0.735,98.4,0,0,0,199.68,8.32,1208.31,1.5,6.574,0.828,0.566
BGW-04,Baghewala-04 (pad A),2024-02-27T00:00:00,2,production,47.49,13.11,854.58,18.06,8.46,18.19,429.6,5.967,7.27,72.0,48.0,True,True,36.95,7.39,44.34,1909.67,2.66,5.6,67.92,0.737,101.36,0,0,0,188.52,7.85,1096.61,1.5,5.102,0.838,0.617
BGW-04,Baghewala-04 (pad A),2024-02-28T00:00:00,2,production,47.47,12.42,895.83,17.83,7.96,18.05,422.88,5.873,7.45,72.0,48.0,True,True,35.55,7.11,42.67,1945.22,2.25,5.92,60.93,0.708,103.28,0,0,0,192.58,8.02,1080.3,1.5,5.417,0.899,0.663
BGW-04,Baghewala-04 (pad A),2024-02-29T00:00:00,3,production,45.9,12.41,942.03,18.0,8.39,17.45,484.37,6.727,6.84,72.0,48.0,True,True,29.16,5.83,34.99,1974.39,2.46,5.92,71.17,0.663,105.66,0,1,0,198.06,8.25,1234.69,1.5,6.792,0.95,0.705
BGW-04,Baghewala-04 (pad A),2024-03-01T00:00:00,3,injection,46.92,12.52,770.12,18.57,8.5,16.93,424.75,5.266,7.37,80.65,50.8,False,False,30.87,6.17,37.04,2005.25,2.56,3.81,69.94,0.827,95.66,0,0,0,175.17,7.3,1082.9,1.5,5.675,0.703,0.515
BGW-04,Baghewala-04 (pad A),2024-03-02T00:00:00,3,injection,47.96,12.84,720.69,18.57,8.77,18.33,421.41,5.1,7.31,82.62,53.81,False,False,34.33,6.87,41.2,2039.58,2.3,4.63,63.43,0.794,92.84,0,0,0,194.98,8.12,1076.92,1.5,5.679,0.628,0.389
BGW-04,Baghewala-04 (pad A),2024-03-03T00:00:00,3,injection,49.1,12.33,753.75,18.22,8.24,18.56,398.44,5.288,7.67,75.34,49.11,False,False,28.61,5.72,34.34,2068.2,2.53,4.49,71.41,0.811,96.15,0,0,0,190.06,7.92,1018.9,1.5,6.642,0.685,0.461
BGW-04,Baghewala-04 (pad A),2024-03-04T00:00:00,3,soak,48.95,12.68,733.86,18.29,8.89,18.79,450.0,6.25,7.35,72.0,48.0,False,False,35.58,7.12,42.69,2103.77,2.39,4.0,66.64,0.807,92.61,0,0,0,174.65,7.28,1145.96,1.5,4.909,0.643,0.453
BGW-04,Baghewala-04 (pad A),2024-03-05T00:00:00,3,soak,48.88,12.24,736.55,18.26,8.27,16.61,450.0,6.25,7.03,72.0,48.0,False,False,36.48,7.3,43.77,2140.25,2.35,4.0,70.9,0.852,95.06,0,0,0,178.87,7.45,1146.46,1.5,4.904,0.658,0.426
BGW-04,Baghewala-04 (pad A),2024-03-06T00:00:00,3,soak,48.79,12.55,724.2,18.39,8.1,19.99,450.0,6.25,7.29,72.0,48.0,False,False,34.04,6.81,40.85,2174.29,2.31,4.0,59.48,0.822,92.28,0,0,0,176.6,7.36,1146.19,1.5,5.188,0.629,0.458
BGW-04,Baghewala-04 (pad A),2024-03-07T00:00:00,3,production,48.81,12.56,878.23,17.65,8.5,18.26,460.49,6.396,8.45,72.0,48.0,True,False,39.84,7.97,47.81,2214.13,2.47,6.17,60.73,0.724,102.37,0,0,0,206.57,8.61,1176.03,1.5,5.185,0.872,0.575
BGW-04,Baghewala-04 (pad A),2024-03-08T00:00:00,3,production,48.79,12.51,798.5,17.92,8.67,16.32,447.4,6.214,6.98,72.0,48.0,True,False,33.77,6.75,40.53,2247.9,2.37,5.61,68.19,0.708,99.19,0,0,0,191.54,7.98,1141.49,1.5,5.671,0.757,0.582
BGW-04,Baghewala-04 (pad A),2024-03-09T00:00:00,3,production,48.67,12.39,774.55,18.08,8.61,18.68,425.62,5.911,7.35,72.0,48.0,True,False,37.7,7.54,45.24,2285.6,2.22,5.23,70.09,0.772,93.97,0,0,0,183.24,7.64,1086.03,1.5,4.861,0.701,0.477
BGW-04,Baghewala-04 (pad A),2024-03-10T00:00:00,3,production,48.55,12.4,814.49,17.93,8.86,19.8,462.19,6.419,7.32,72.0,48.0,True,False,27.94,5.59,33.52,2313.53,2.29,5.54,70.19,0.729,101.39,0,0,0,196.12,8.17,1179.0,1.5,7.021,0.788,0.57
BGW-04,Baghewala-04 (pad A),2024-03-11T00:00:00,3,production,48.43,12.73,806.28,18.07,8.66,19.54,446.13,6.196,7.09,72.0,48.0,True,False,33.7,6.74,40.44,2347.23,2.37,5.56,61.52,0.754,97.63,0,0,0,191.34,7.97,1138.27,1.5,5.678,0.758,0.525
BGW-04,Baghewala-04 (pad A),2024-03-12T00:00:00,3,production,48.32,12.77,862.72,17.84,8.51,21.18,455.33,6.324,6.66,72.0,48.0,True,False,33.27,6.65,39.92,2380.5,2.27,5.47,66.41,0.715,100.66,0,0,0,180.96,7.54,1160.03,1.5,5.439,0.844,0.599
BGW-04,Baghewala-04 (pad A),2024-03-13T00:00:00,3,production,48.24,12.84,852.57,17.83,8.57,18.06,493.98,6.861,7.99,72.0,48.0,True,False,32.16,6.43,38.6,2412.67,2.5,4.99,66.54,0.722,100.2,0,0,0,189.56,7.9,1257.71,1.5,5.893,0.829,0.638
BGW-04,Baghewala-04 (pad A),2024-03-14T00:00:00,3,production,48.12,12.26,820.11,18.07,8.26,20.9,467.21,6.489,7.74,72.0,48.0,True,False,30.18,6.04,36.21,2442.84,2.37,5.15,63.8,0.757,97.57,0,0,0,187.5,7.81,1190.53,1.5,6.214,0.775,0.54
BGW-04,Baghewala-04 (pad A),2024-03-15T00:00:00,3,production,48.06,12.6,945.7,17.6,8.47,18.72,462.67,6.426,7.77,72.0,48.0,True,False,32.44,6.49,38.92,2475.28,2.57,5.87,63.61,0.642,108.0,0,0,0,194.12,8.09,1179.98,1.5,5.984,0.95,0.705
BGW-04,Baghewala-04 (pad A),2024-03-16T00:00:00,3,production,47.98,12.16,912.79,17.57,8.48,19.53,423.11,5.877,7.15,72.0,48.0,True,False,27.05,5.41,32.46,2502.33,2.31,5.09,65.36,0.704,103.6,0,0,0,189.44,7.89,1080.52,1.5,7.003,0.921,0.668
BGW-04,Baghewala-04 (pad A),2024-03-17T00:00:00,3,production,47.87,12.31,777.28,18.28,8.69,18.7,411.97,5.722,6.94,72.0,48.0,True,False,32.65,6.53,39.18,2534.99,2.17,5.88,64.35,0.752,98.81,0,0,0,194.32,8.1,1053.24,1.5,5.951,0.728,0.502
BGW-04,Baghewala-04 (pad A),2024-03-18T00:00:00,3,production,47.72,12.45,756.56,18.41,8.4,18.08,407.73,5.663,7.34,72.0,48.0,True,False,36.37,7.27,43.65,2571.36,2.58,5.71,62.24,0.759,97.51,0,0,0,190.05,7.92,1042.12,1.5,5.225,0.696,0.502
BGW-04,Baghewala-04 (pad A),2024-03-19T00:00:00,3,production,47.68,12.73,873.49,17.87,8.62,18.22,427.35,5.935,7.66,72.0,48.0,True,False,36.53,7.31,43.84,2607.89,2.36,5.94,67.98,0.708,107.53,0,0,0,198.64,8.28,1092.21,1.5,5.438,0.892,0.693
BGW-04,Baghewala-04 (pad A),2024-03-20T00:00:00,3,production,47.62,12.61,789.97,18.35,8.4,18.93,444.09,6.168,7.52,72.0,48.0,True,False,32.89,6.58,39.47,2640.78,2.27,4.73,66.5,0.792,98.56,0,0,0,184.97,7.71,1132.42,1.5,5.624,0.743,0.517
BGW-04,Baghewala-04 (pad A),2024-03-21T00:00:00,3,production,47.56,12.81,914.85,17.59,8.56,20.27,453.4,6.297,6.61,72.0,48.0,True,False,34.07,6.81,40.88,2674.84,2.63,5.86,61.44,0.654,107.33,0,0,0,198.4,8.27,1157.3,1.5,5.824,0.943,0.685
BGW-04,Baghewala-04 (pad A),2024-03-22T00:00:00,3,production,47.42,13.0,857.43,18.08,8.61,17.73,423.35,5.88,7.45,72.0,48.0,True,False,36.46,7.29,43.75,2711.3,2.53,5.66,60.76,0.691,103.58,0,0,0,199.23,8.3,1082.29,1.5,5.465,0.852,0.626
BGW-04,Baghewala-04 (pad A),2024-03-23T00:00:00,3,production,47.36,12.15,821.09,18.09,8.69,20.6,421.97,5.861,7.61,72.0,48.0,True,False,30.06,6.01,36.07,2741.36,2.34,4.97,63.57,0.767,101.13,0,0,0,188.99,7.87,1077.6,1.5,6.288,0.795,0.549
BGW-04,Baghewala-04 (pad A),2024-03-24T00:00:00,3,production,47.34,12.96,742.75,18.43,8.78,19.61,447.16,6.211,7.19,72.0,48.0,True,False,36.4,7.28,43.68,2777.76,2.48,4.84,67.47,0.79,97.16,0,0,0,185.15,7.71,1140.12,1.5,5.086,0.677,0.48
BGW-04,Baghewala-04 (pad A),2024-03-25T00:00:00,3,production,47.25,12.83,929.83,17.77,8.71,19.33,437.73,6.08,7.5,72.0,48.0,True,False,31.83,6.37,38.2,2809.59,2.37,6.18,66.89,0.652,108.11,0,0,0,196.06,8.17,1117.86,1.5,6.159,0.95,0.735
BGW-04,Baghewala-04 (pad A),2024-03-26T00:00:00,3,production,47.13,12.61,797.87,18.24,8.68,18.36,412.81,5.733,7.97,72.0,48.0,True,True,31.97,6.39,38.36,2841.55,2.3,6.27,75.84,0.72,96.38,0,0,0,194.21,8.09,1055.32,1.5,6.076,0.742,0.527
BGW-04,Baghewala-04 (pad A),2024-03-27T00:00:00,3,production,47.01,12.78,873.05,18.08,8.32,19.12,428.87,5.957,7.13,72.0,48.0,True,True,28.07,5.61,33.68,2869.62,2.47,6.43,56.45,0.67,104.05,0,0,0,205.09,8.55,1096.79,1.5,7.308,0.874,0.644
BGW-04,Baghewala-04 (pad A),2024-03-28T00:00:00,3,production,46.87,12.81,930.42,17.69,8.34,20.39,433.47,6.02,7.18,72.0,48.0,True,True,36.08,7.22,43.3,2905.7,2.43,6.18,59.17,0.643,107.4,0,0,0,199.07,8.29,1107.56,1.5,5.517,0.95,0.683
BGW-04,Baghewala-04 (pad A),2024-03-29T00:00:00,3,production,46.83,12.42,800.14,18.26,8.48,18.38,431.18,5.989,7.5,72.0,48.0,True,True,34.97,6.99,41.97,2940.67,2.42,6.22,71.85,0.71,99.69,0,0,0,204.55,8.52,1102.5,1.5,5.849,0.761,0.542
BGW-04,Baghewala-04 (pad A),2024-03-30T00:00:00,4,production,45.27,12.6,841.24,18.43,8.57,18.99,447.37,6.213,7.73,72.0,48.0,True,True,29.93,5.99,35.91,2970.6,2.43,6.03,68.2,0.713,103.51,0,0,0,197.38,8.22,1142.11,1.5,6.595,0.832,0.621
BGW-04,Baghewala-04 (pad A),2024-03-31T00:00:00,4,injection,46.29,12.92,1067.58,17.27,8.38,19.9,390.82,5.463,7.87,71.54,50.38,False,False,27.83,5.57,33.39,2998.43,2.21,4.59,69.6,0.647,105.34,0,0,0,176.97,7.37,998.29,1.5,6.359,0.95,0.698
BGW-04,Baghewala-04 (pad A),2024-04-01T00:00:00,4,injection,47.63,12.11,870.45,17.89,8.61,19.13,446.9,5.449,7.21,82.02,50.61,False,False,33.19,6.64,39.83,3031.62,2.24,4.49,66.6,0.758,100.78,0,0,0,191.45,7.98,1140.23,1.5,5.768,0.854,0.602
BGW-04,Baghewala-04 (pad A),2024-04-02T00:00:00,4,injection,48.77,12.77,875.16,17.67,9.03,20.15,434.32,5.627,7.83,77.18,51.81,False,False,37.04,7.41,44.45,3068.67,2.5,4.08,70.67,0.753,100.34,0,0,0,176.53,7.36,1106.98,1.5,4.766,0.858,0.599
BGW-04,Baghewala-04 (pad A),2024-04-03T00:00:00,4,soak,48.69,12.89,879.83,17.67,8.7,20.17,450.0,6.25,7.1,72.0,48.0,False,False,31.82,6.36,38.19,3100.49,2.38,4.0,67.56,0.761,101.57,0,0,0,181.26,7.55,1146.75,1.5,5.696,0.87,0.608
BGW-04,Baghewala-04 (pad A),2024-04-04T00:00:00,4,soak,48.61,12.51,848.34,17.76,8.61,18.4,450.0,6.25,7.48,72.0,48.0,False,False,29.4,5.88,35.28,3129.89,2.4,4.0,64.51,0.771,98.27,0,0,0,180.07,7.5,1146.61,1.5,6.125,0.814,0.594
BGW-04,Baghewala-04 (pad A),2024-04-05T00:00:00,4,soak,48.53,12.15,830.31,17.94,8.38,20.43,450.0,6.25,7.43,72.0,48.0,False,False,36.97,7.39,44.37,3166.86,2.42,4.0,59.74,0.785,99.84,0,0,0,185.12,7.71,1147.21,1.5,5.007,0.8,0.571
BGW-04,Baghewala-04 (pad A),2024-04-06T00:00:00,4,production,48.46,12.25,884.01,17.72,8.54,22.06,452.3,6.282,7.92,72.0,48.0,True,False,35.78,7.16,42.94,3202.64,2.3,5.87,55.77,0.71,99.74,0,0,0,203.78,8.49,1155.2,1.5,5.695,0.866,0.586
BGW-04,Baghewala-04 (pad A),2024-04-07T00:00:00,4,production,48.41,12.75,913.8,17.56,8.52,20.89,451.86,6.276,7.9,72.0,48.0,True,False,26.52,5.3,31.83,3229.16,2.3,4.81,61.92,0.727,100.21,0,0,0,191.35,7.97,1152.61,1.538,7.215,0.906,0.609
BGW-04,Baghewala-04 (pad A),2024-04-08T00:00:00,4,production,48.3,12.44,861.96,17.8,8.65,20.04,471.79,6.553,8.04,72.0,48.0,True,False,34.92,6.98,41.9,3264.08,2.4,5.24,59.94,0.725,101.21,0,0,0,185.33,7.72,1201.71,1.5,5.308,0.846,0.563
BGW-04,Baghewala-04 (pad A),2024-04-09T00:00:00,4,production,48.18,12.41,874.99,17.94,8.37,18.98,438.01,6.083,8.09,72.0,48.0,True,False,31.46,6.29,37.76,3295.54,2.35,5.92,64.51,0.676,103.24,0,0,0,201.27,8.39,1119.18,1.5,6.397,0.872,0.615
BGW-04,Baghewala-04 (pad A),2024-04-10T00:00:00,4,production,48.04,12.77,921.53,17.67,8.61,21.19,447.89,6.221,7.46,72.0,48.0,True,False,33.27,6.65,39.92,3328.81,2.46,5.86,66.33,0.659,106.33,0,0,0,200.47,8.35,1143.79,1.5,6.026,0.946,0.696
BGW-04,Baghewala-04 (pad A),2024-04-11T00:00:00,4,production,48.01,12.29,931.95,17.62,8.35,20.22,432.38,6.005,7.47,72.0,48.0,True,False,28.71,5.74,34.46,3357.53,2.54,5.33,66.64,0.685,105.9,0,0,0,189.51,7.9,1103.69,1.5,6.6,0.95,0.688
BGW-04,Baghewala-04 (pad A),2024-04-12T00:00:00,4,production,47.94,12.9,902.9,17.69,8.48,20.62,433.33,6.018,8.09,72.0,48.0,True,False,30.56,6.11,36.67,3388.08,2.3,5.22,72.29,0.693,102.19,0,0,0,192.32,8.01,1106.41,1.5,6.294,0.902,0.639
BGW-04,Baghewala-04 (pad A),2024-04-13T00:00:00,4,production,47.83,12.77,875.27,17.94,8.31,20.95,459.1,6.376,7.34,72.0,48.0,True,False,29.63,5.93,35.56,3417.72,2.47,5.81,71.09,0.668,102.18,0,0,0,193.27,8.05,1170.94,1.5,6.522,0.868,0.62
BGW-04,Baghewala-04 (pad A),2024-04-14T00:00:00,4,production,47.71,12.37,959.21,17.36,8.31,20.33,435.99,6.055,8.15,72.0,48.0,True,False,32.76,6.55,39.32,3450.48,2.42,5.53,62.35,0.653,108.81,0,0,0,186.29,7.76,1112.32,1.5,5.686,0.95,0.749
BGW-04,Baghewala-04 (pad A),2024-04-15T00:00:00,4,production,47.66,12.78,948.75,17.59,8.22,19.3,420.78,5.844,7.24,72.0,48.0,True,False,36.3,7.26,43.56,3486.78,2.35,5.43,52.9,0.668,106.03,0,0,0,182.12,7.59,1073.79,1.5,5.017,0.95,0.701
BGW-04,Baghewala-04 (pad A),2024-04-16T00:00:00,4,production,47.61,12.51,828.22,18.21,8.33,20.4,475.19,6.6,8.26,72.0,48.0,True,False,32.8,6.56,39.36,3519.59,2.35,4.08,63.76,0.779,100.45,0,0,0,190.68,7.95,1210.85,1.5,5.813,0.8,0.559
BGW-04,Baghewala-04 (pad A),2024-04-17T00:00:00,4,production,47.59,12.79,935.42,17.59,8.26,20.7,465.65,6.467,7.57,72.0,48.0,True,False,34.63,6.93,41.56,3554.22,2.43,4.56,62.17,0.695,100.88,0,0,0,192.33,8.01,1187.21,1.5,5.554,0.936,0.654
BGW-04,Baghewala-04 (pad A),2024-04-18T00:00:00,4,production,47.47,12.76,996.03,17.43,8.58,20.41,452.05,6.279,6.53,72.0,48.0,True,False,31.97,6.39,38.37,3586.19,2.48,4.79,60.63,0.663,106.13,0,0,0,193.48,8.06,1153.35,1.5,6.051,0.95,0.726
BGW-04,Baghewala-04 (pad A),2024-04-19T00:00:00,4,production,47.4,12.78,960.37,17.58,8.64,19.4,450.78,6.261,7.84,72.0,48.0,True,False,29.13,5.83,34.96,3615.32,2.45,5.2,61.08,0.643,110.48,0,0,0,195.97,8.17,1150.46,1.5,6.727,0.95,0.708
BGW-04,Baghewala-04 (pad A),2024-04-20T00:00:00,4,production,47.3,12.26,809.02,18.27,8.6,21.14,442.99,6.153,7.79,72.0,48.0,True,False,32.26,6.45,38.72,3647.58,2.33,5.9,49.59,0.707,99.66,0,0,0,196.17,8.17,1131.02,1.5,6.08,0.772,0.519
BGW-04,Baghewala-04 (pad A),2024-04-21T00:00:00,4,production,47.21,12.78,833.17,18.17,8.68,21.65,455.32,6.324,7.19,72.0,48.0,True,False,38.62,7.72,46.35,3686.2,2.27,5.93,71.82,0.699,103.2,0,0,0,194.43,8.1,1161.63,1.5,5.034,0.82,0.619
BGW-04,Baghewala-04 (pad A),2024-04-22T00:00:00,4,production,47.12,12.53,888.04,17.84,8.53,21.42,442.01,6.139,7.07,72.0,48.0,True,False,33.4,6.68,40.07,3719.6,2.23,5.3,62.34,0.679,103.92,0,0,0,193.24,8.05,1128.21,1.5,5.786,0.892,0.639
BGW-04,Baghewala-04 (pad A),2024-04-23T00:00:00,4,production,47.0,12.81,823.27,18.29,8.49,22.95,446.9,6.207,7.64,72.0,48.0,True,False,31.4,6.28,37.69,3751.0,2.31,5.61,53.09,0.694,96.56,0,0,0,198.47,8.27,1141.07,1.5,6.32,0.774,0.521
BGW-04,Baghewala-04 (pad A),2024-04-24T00:00:00,4,production,46.88,12.45,936.95,17.64,8.5,19.32,465.72,6.468,7.13,72.0,48.0,True,False,30.16,6.03,36.19,3781.16,2.4,5.36,58.61,0.679,102.76,0,0,0,209.34,8.72,1189.42,1.5,6.942,0.947,0.65
BGW-04,Baghewala-04 (pad A),2024-04-25T00:00:00,4,production,46.78,11.84,730.23,18.65,8.16,20.79,420.59,5.841,7.23,72.0,48.0,True,True,34.32,6.86,41.18,3815.48,2.36,5.67,61.14,0.751,102.24,0,0,0,193.49,8.06,1074.68,1.5,5.638,0.686,0.553
BGW-04,Baghewala-04 (pad A),2024-04-26T00:00:00,4,production,46.68,13.05,976.06,17.65,8.38,21.6,454.27,6.309,7.99,72.0,48.0,True,True,37.21,7.44,44.65,3852.69,2.52,5.26,75.06,0.616,102.8,0,0,0,197.16,8.21,1159.33,1.5,5.299,0.95,0.707
BGW-04,Baghewala-04 (pad A),2024-04-27T00:00:00,4,production,46.57,12.75,917.04,17.91,8.77,21.93,446.6,6.203,7.99,72.0,48.0,True,True,25.88,5.18,31.06,3878.57,2.4,5.36,67.15,0.659,103.47,0,0,0,190.71,7.95,1139.38,1.5,7.369,0.926,0.682
BGW-04,Baghewala-04 (pad A),2024-04-28T00:00:00,4,production,46.48,12.54,1012.74,17.44,8.3,22.5,421.64,5.856,8.16,72.0,48.0,True,True,25.04,5.01,30.05,3903.6,2.53,5.62,64.56,0.633,110.09,0,0,0,190.84,7.95,1076.99,1.5,7.622,0.95,0.749
BGW-04,Baghewala-04 (pad A),2024-04-29T00:00:00,5,production,44.92,12.32,921.95,18.03,8.51,20.26,467.36,6.491,7.9,72.0,48.0,True,True,27.09,5.42,32.51,3930.7,2.51,5.31,71.22,0.712,109.27,0,0,0,190.66,7.94,1191.28,1.565,7.037,0.95,0.689
BGW-04,Baghewala-04 (pad A),2024-04-30T00:00:00,5,injection,46.0,12.29,934.62,17.9,8.62,21.79,374.06,5.852,8.26,63.92,55.05,False,False,27.24,5.45,32.69,3957.94,2.44,3.53,70.06,0.75,99.18,0,0,0,169.07,7.04,955.43,1.5,6.206,0.927,0.628
BGW-04,Baghewala-04 (pad A),2024-05-01T00:00:00,5,injection,47.05,12.58,843.64,18.13,8.63,22.8,401.26,5.811,6.77,69.05,49.33,False,False,33.21,6.64,39.85,3991.15,2.46,4.82,72.94,0.739,101.13,0,0,0,181.68,7.57,1024.94,1.5,5.471,0.823,0.546
BGW-04,Baghewala-04 (pad A),2024-05-02T00:00:00,5,injection,48.28,12.57,775.02,18.18,8.35,20.4,490.33,5.195,7.73,94.39,50.79,False,False,31.1,6.22,37.32,4022.24,2.28,4.6,62.68,0.801,95.39,0,0,0,202.64,8.44,1250.13,1.5,6.516,0.708,0.494
BGW-04,Baghewala-04 (pad A),2024-05-03T00:00:00,5,soak,48.22,12.37,885.45,17.68,8.8,22.25,450.0,6.25,7.43,72.0,48.0,False,False,32.77,6.55,39.33,4055.02,2.38,4.0,52.57,0.768,99.12,0,0,0,194.18,8.09,1148.3,1.5,5.925,0.865,0.597
BGW-04,Baghewala-04 (pad A),2024-05-04T00:00:00,5,soak,48.14,12.98,786.0,18.18,8.32,21.84,450.0,6.25,7.93,72.0,48.0,False,False,28.32,5.66,33.98,4083.34,2.34,4.0,70.11,0.803,92.39,0,0,0,186.9,7.79,1147.43,1.5,6.6,0.707,0.483
BGW-04,Baghewala-04 (pad A),2024-05-05T00:00:00,5,soak,48.09,12.92,752.1,18.36,7.89,21.19,450.0,6.25,7.73,72.0,48.0,False,False,32.98,6.6,39.58,4116.32,2.55,4.0,56.36,0.853,93.37,0,0,0,183.48,7.65,1147.02,1.5,5.563,0.669,0.449
BGW-04,Baghewala-04 (pad A),2024-05-06T00:00:00,5,production,48.01,12.75,724.22,18.51,8.56,22.37,455.66,6.329,7.61,72.0,48.0,True,False,35.59,7.12,42.7,4151.9,2.2,5.47,67.61,0.771,95.27,0,0,0,187.8,7.83,1161.69,1.5,5.277,0.644,0.461
BGW-04,Baghewala-04 (pad A),2024-05-07T00:00:00,5,production,48.0,12.42,875.21,17.74,8.36,20.89,466.93,6.485,7.9,72.0,48.0,True,False,33.81,6.76,40.58,4185.72,2.37,4.76,63.42,0.75,100.23,0,0,0,184.57,7.69,1189.47,1.5,5.459,0.858,0.607
BGW-04,Baghewala-04 (pad A),2024-05-08T00:00:00,5,production,47.93,12.58,933.8,17.51,8.68,21.44,445.84,6.192,7.04,72.0,48.0,True,False,22.72,4.54,27.26,4208.43,2.39,5.79,63.82,0.648,106.52,0,0,0,192.81,8.03,1137.74,1.711,8.487,0.95,0.714
BGW-04,Baghewala-04 (pad A),2024-05-09T00:00:00,5,production,47.89,12.58,910.38,17.67,8.31,22.71,458.37,6.366,6.98,72.0,48.0,True,False,32.64,6.53,39.17,4241.07,2.33,5.31,51.66,0.699,101.22,0,0,0,191.03,7.96,1168.85,1.5,5.853,0.907,0.597
BGW-04,Baghewala-04 (pad A),2024-05-10T00:00:00,5,production,47.81,12.52,804.19,18.07,8.69,21.91,454.46,6.312,7.14,72.0,48.0,True,False,40.02,8.0,48.02,4281.09,2.68,5.96,66.7,0.713,102.46,0,0,0,199.58,8.32,1160.1,1.5,4.987,0.78,0.582
BGW-04,Baghewala-04 (pad A),2024-05-11T00:00:00,5,production,47.69,12.77,809.9,18.28,8.53,20.57,448.51,6.229,8.09,72.0,48.0,True,False,35.33,7.07,42.39,4316.42,2.42,5.88,63.84,0.724,99.57,0,0,0,199.55,8.31,1145.23,1.5,5.649,0.773,0.534
BGW-04,Baghewala-04 (pad A),2024-05-12T00:00:00,5,production,47.65,12.82,824.29,18.15,8.45,21.42,443.6,6.161,7.36,72.0,48.0,True,False,28.06,5.61,33.68,4344.48,2.51,4.76,67.48,0.751,100.71,0,0,0,199.07,8.29,1132.88,1.5,7.094,0.796,0.523
BGW-04,Baghewala-04 (pad A),2024-05-13T00:00:00,5,production,47.61,13.0,829.72,18.0,8.58,23.29,467.07,6.487,7.54,72.0,48.0,True,False,29.72,5.94,35.66,4374.2,2.35,5.49,76.09,0.745,102.66,0,0,0,189.42,7.89,1190.4,1.5,6.375,0.813,0.585
BGW-04,Baghewala-04 (pad A),2024-05-14T00:00:00,5,production,47.46,12.39,770.32,18.41,8.6,21.56,450.0,6.25,7.28,72.0,48.0,True,False,33.66,6.73,40.39,4407.85,2.35,5.42,69.86,0.737,97.89,0,0,0,200.08,8.34,1149.0,1.5,5.945,0.715,0.498
BGW-04,Baghewala-04 (pad A),2024-05-15T00:00:00,5,production,47.39,12.85,878.37,17.94,8.37,23.5,452.69,6.287,7.15,72.0,48.0,True,False,33.16,6.63,39.8,4441.01,2.5,5.33,66.81,0.739,101.52,0,0,0,194.58,8.11,1155.07,1.5,5.867,0.868,0.616
BGW-04,Baghewala-04 (pad A),2024-05-16T00:00:00,5,production,47.4,12.47,825.83,18.18,8.33,21.32,427.09,5.932,7.17,72.0,48.0,True,False,35.7,7.14,42.84,4476.72,2.48,5.73,64.14,0.721,104.34,0,0,0,193.64,8.07,1090.97,1.5,5.424,0.816,0.594
BGW-04,Baghewala-04 (pad A),2024-05-17T00:00:00,5,production,47.27,12.84,797.32,18.32,8.43,22.77,444.53,6.174,6.8,72.0,48.0,True,False,36.52,7.3,43.83,4513.24,2.36,6.1,68.36,0.719,99.77,0,1,0,197.38,8.22,1135.01,1.5,5.404,0.758,0.531
BGW-04,Baghewala-04 (pad A),2024-05-18T00:00:00,5,production,47.17,12.24,915.39,17.81,8.84,20.57,445.46,6.187,7.47,72.0,48.0,True,False,33.0,6.6,39.6,4546.25,2.31,6.63,57.6,0.586,107.04,0,0,0,196.45,8.19,1137.22,1.5,5.952,0.95,0.714
BGW-04,Baghewala-04 (pad A),2024-05-19T00:00:00,5,production,47.08,12.55,976.24,17.56,8.36,23.34,460.74,6.399,8.43,72.0,48.0,True,False,31.12,6.22,37.35,4577.37,2.5,6.33,68.74,0.602,109.88,0,1,0,202.59,8.44,1176.16,1.5,6.51,0.95,0.746
BGW-04,Baghewala-04 (pad A),2024-05-20T00:00:00,5,production,47.0,12.68,1000.58,17.51,8.25,21.17,460.1,6.39,7.66,72.0,48.0,True,False,30.0,6.0,36.0,4607.37,2.53,5.86,63.95,0.603,107.66,0,0,0,195.85,8.16,1173.76,1.5,6.528,0.95,0.729
BGW-04,Baghewala-04 (pad A),2024-05-21T00:00:00,5,production,46.94,12.22,731.03,18.61,8.21,22.68,445.3,6.185,7.74,72.0,48.0,True,False,30.28,6.06,36.33,4637.65,2.26,6.04,61.78,0.752,97.75,0,1,0,195.81,8.16,1136.76,1.5,6.468,0.665,0.516
BGW-04,Baghewala-04 (pad A),2024-05-22T00:00:00,5,production,46.85,12.11,832.52,18.22,8.27,20.63,421.97,5.861,7.04,72.0,48.0,True,False,32.59,6.52,39.11,4670.24,2.54,5.66,61.6,0.742,103.62,0,0,0,194.11,8.09,1078.23,1.5,5.956,0.821,0.607
BGW-04,Baghewala-04 (pad A),2024-05-23T00:00:00,5,production,46.75,12.34,762.26,18.56,8.6,21.9,463.76,6.441,7.25,72.0,48.0,True,False,32.25,6.45,38.7,4702.49,2.29,5.64,66.74,0.725,96.35,0,0,0,198.96,8.29,1183.27,1.5,6.17,0.697,0.507
BGW-04,Baghewala-04 (pad A),2024-05-24T00:00:00,5,production,46.7,12.11,880.38,18.05,8.49,24.25,468.76,6.511,7.0,72.0,48.0,True,False,31.38,6.28,37.66,4733.87,2.24,4.62,60.07,0.727,98.14,0,0,0,189.41,7.89,1194.64,1.5,6.036,0.854,0.551
BGW-04,Baghewala-04 (pad A),2024-05-25T00:00:00,5,production,46.64,12.18,835.04,18.17,8.41,20.54,452.27,6.281,7.44,72.0,48.0,True,True,30.95,6.19,37.14,4764.82,2.49,6.37,63.18,0.671,106.85,0,0,0,201.09,8.38,1154.8,1.5,6.497,0.841,0.612
BGW-04,Baghewala-04 (pad A),2024-05-26T00:00:00,5,production,46.56,12.66,819.95,18.19,8.11,22.07,448.11,6.224,8.03,72.0,48.0,True,True,32.2,6.44,38.64,4797.02,2.39,5.65,68.77,0.706,102.96,0,0,0,194.8,8.12,1143.64,1.5,6.05,0.802,0.584
BGW-04,Baghewala-04 (pad A),2024-05-27T00:00:00,5,production,46.47,12.64,953.73,17.8,8.24,23.46,474.49,6.59,7.99,72.0,48.0,True,True,25.15,5.03,30.19,4822.17,2.39,5.72,65.97,0.652,107.8,0,0,0,199.79,8.32,1210.2,1.5,7.942,0.95,0.73
BGW-04,Baghewala-04 (pad A),2024-05-28T00:00:00,5,production,46.43,12.48,928.66,17.81,8.54,20.71,444.21,6.17,8.02,72.0,48.0,True,True,31.61,6.32,37.93,4853.78,2.4,5.55,57.58,0.657,104.25,0,0,0,194.32,8.1,1133.83,1.5,6.148,0.945,0.687
BGW-04,Baghewala-04 (pad A),2024-05-29T00:00:00,6,production,44.87,12.54,962.19,18.04,8.56,24.18,470.64,6.537,8.14,72.0,48.0,True,True,26.38,5.28,31.66,4880.16,2.37,5.36,66.81,0.667,104.69,0,0,0,198.55,8.27,1200.42,1.5,7.526,0.95,0.687
BGW-04,Baghewala-04 (pad A),2024-05-30T00:00:00,6,injection,46.1,12.38,898.17,18.13,8.64,21.69,455.58,5.923,7.5,76.92,53.52,False,False,25.32,5.06,30.38,4905.48,2.08,4.07,62.94,0.727,97.45,0,0,0,190.45,7.94,1161.79,1.5,7.523,0.872,0.584
BGW-04,Baghewala-04 (pad A),2024-05-31T00:00:00,6,injection,47.05,12.62,894.79,17.94,8.21,22.44,420.56,7.68,7.53,54.76,49.97,False,False,31.25,6.25,37.49,4936.72,2.45,4.16,64.87,0.722,101.61,0,0,0,178.84,7.45,1072.85,1.5,5.724,0.889,0.637
BGW-04,Baghewala-04 (pad A),2024-06-01T00:00:00,6,injection,48.48,12.62,865.24,17.81,8.66,23.71,509.2,8.183,8.12,62.23,53.92,False,False,30.3,6.06,36.36,4967.02,2.27,3.88,72.03,0.797,98.2,0,0,0,183.75,7.66,1295.04,1.5,6.065,0.835,0.567
BGW-04,Baghewala-04 (pad A),2024-06-02T00:00:00,6,soak,48.42,12.53,958.85,17.48,8.43,23.87,450.0,6.25,7.55,72.0,48.0,False,False,28.95,5.79,34.73,4995.97,2.38,4.0,68.29,0.759,101.6,0,0,0,187.31,7.8,1147.48,1.5,6.471,0.95,0.653
BGW-04,Baghewala-04 (pad A),2024-06-03T00:00:00,6,soak,48.33,12.85,821.86,18.08,8.24,20.95,450.0,6.25,7.21,72.0,48.0,False,False,28.86,5.77,34.63,5024.82,2.4,4.0,70.24,0.792,98.9,0,0,0,188.34,7.85,1147.6,1.5,6.527,0.784,0.542
BGW-04,Baghewala-04 (pad A),2024-06-04T00:00:00,6,soak,48.21,12.26,769.92,18.37,8.63,22.4,450.0,6.25,7.82,72.0,48.0,False,False,31.08,6.22,37.29,5055.9,2.38,4.0,65.82,0.817,95.4,0,0,0,190.89,7.95,1147.91,1.5,6.142,0.702,0.474
BGW-04,Baghewala-04 (pad A),2024-06-05T00:00:00,6,production,48.17,12.7,850.03,17.85,8.5,23.27,467.83,6.498,7.77,72.0,48.0,True,False,32.86,6.57,39.43,5088.76,2.44,6.01,66.71,0.689,100.22,0,0,0,196.4,8.18,1193.14,1.5,5.977,0.826,0.589
BGW-04,Baghewala-04 (pad A),2024-06-06T00:00:00,6,production,48.13,12.97,912.56,17.8,8.59,21.96,489.97,6.805,7.39,72.0,48.0,True,False,32.05,6.41,38.46,5120.81,2.52,5.91,61.7,0.681,106.66,0,0,0,200.26,8.34,1248.96,1.5,6.248,0.936,0.686
BGW-04,Baghewala-04 (pad A),2024-06-07T00:00:00,6,production,48.01,12.37,795.32,18.07,8.61,22.37,465.59,6.466,8.19,72.0,48.0,True,False,28.49,5.7,34.19,5149.3,2.43,5.49,62.32,0.745,99.93,0,0,0,194.45,8.1,1187.3,1.5,6.825,0.756,0.558
BGW-04,Baghewala-04 (pad A),2024-06-08T00:00:00,6,production,47.89,12.58,838.47,17.86,8.4,22.76,478.41,6.645,7.68,72.0,48.0,True,False,34.03,6.81,40.84,5183.33,2.31,5.17,64.96,0.727,98.95,0,0,0,194.8,8.12,1219.41,1.5,5.725,0.805,0.525
BGW-04,Baghewala-04 (pad A),2024-06-09T00:00:00,6,production,47.77,12.62,824.03,17.92,8.42,23.42,426.73,5.927,7.64,72.0,48.0,True,False,27.85,5.57,33.42,5211.18,2.45,6.03,64.4,0.68,102.14,0,0,0,193.13,8.05,1090.01,1.5,6.935,0.803,0.621
BGW-04,Baghewala-04 (pad A),2024-06-10T00:00:00,6,production,47.79,12.47,890.4,17.78,8.99,22.87,437.09,6.071,7.68,72.0,48.0,True,False,31.75,6.35,38.1,5242.93,2.59,5.12,65.25,0.696,102.21,0,0,0,190.76,7.95,1115.61,1.5,6.008,0.887,0.636
BGW-04,Baghewala-04 (pad A),2024-06-11T00:00:00,6,production,47.73,12.35,779.89,18.26,8.43,22.53,437.28,6.073,8.06,72.0,48.0,True,False,31.54,6.31,37.85,5274.48,2.4,5.34,63.27,0.744,97.62,0,0,0,197.54,8.23,1116.91,1.5,6.263,0.725,0.539
BGW-04,Baghewala-04 (pad A),2024-06-12T00:00:00,6,production,47.66,12.51,798.67,18.19,8.64,23.17,443.21,6.156,7.25,72.0,48.0,True,False,30.57,6.11,36.68,5305.05,2.31,5.33,71.77,0.747,102.81,0,0,0,188.69,7.86,1130.66,1.5,6.173,0.775,0.603
BGW-04,Baghewala-04 (pad A),2024-06-13T00:00:00,6,production,47.59,12.29,878.11,17.86,8.78,23.48,475.1,6.599,7.66,72.0,48.0,True,False,28.48,5.7,34.18,5333.53,2.26,5.05,70.76,0.698,101.83,0,0,0,182.37,7.6,1209.63,1.5,6.403,0.869,0.621
BGW-04,Baghewala-04 (pad A),2024-06-14T00:00:00,6,production,47.53,12.31,891.3,17.83,8.67,21.99,448.77,6.233,7.84,72.0,48.0,True,False,30.29,6.06,36.35,5363.82,2.38,5.42,64.58,0.658,107.01,0,0,0,197.16,8.22,1145.59,1.5,6.509,0.912,0.68
BGW-04,Baghewala-04 (pad A),2024-06-15T00:00:00,6,production,47.43,12.48,921.69,17.72,8.98,21.87,421.69,5.857,7.98,72.0,48.0,True,False,33.38,6.68,40.06,5397.2,2.37,5.9,61.34,0.649,104.96,0,0,0,200.06,8.34,1078.23,1.5,5.993,0.939,0.7
BGW-04,Baghewala-04 (pad A),2024-06-16T00:00:00,6,production,47.32,12.8,797.58,18.39,8.13,22.57,444.62,6.175,7.24,72.0,48.0,True,False,29.13,5.83,34.96,5426.34,2.39,5.21,59.81,0.76,101.65,0,0,0,189.22,7.88,1134.26,1.5,6.495,0.768,0.564
BGW-04,Baghewala-04 (pad A),2024-06-17T00:00:00,6,production,47.24,12.13,949.51,17.53,8.86,22.62,442.97,6.152,6.45,72.0,48.0,True,False,29.63,5.93,35.55,5455.96,2.31,5.78,72.63,0.659,102.72,0,0,0,194.03,8.08,1130.71,1.5,6.549,0.95,0.705
BGW-04,Baghewala-04 (pad A),2024-06-18T00:00:00,6,production,47.13,12.3,916.32,17.74,8.68,21.49,437.9,6.082,7.51,72.0,48.0,True,False,27.97,5.59,33.57,5483.93,2.42,5.84,61.3,0.704,105.93,0,0,0,190.48,7.94,1117.61,1.5,6.81,0.938,0.678
BGW-04,Baghewala-04 (pad A),2024-06-19T00:00:00,6,production,47.01,12.58,883.97,17.94,8.44,23.84,431.56,5.994,7.58,72.0,48.0,True,False,32.68,6.54,39.21,5516.61,2.58,5.74,57.47,0.682,103.27,0,0,0,196.94,8.21,1102.53,1.5,6.027,0.884,0.619
BGW-04,Baghewala-04 (pad A),2024-06-20T00:00:00,6,production,46.92,12.69,754.14,18.45,8.2,24.11,442.18,6.141,7.51,72.0,48.0,True,False,30.8,6.16,36.96,5547.41,2.6,6.14,67.41,0.731,100.95,0,0,0,196.56,8.19,1129.04,1.5,6.381,0.71,0.515
BGW-04,Baghewala-04 (pad A),2024-06-21T00:00:00,6,production,46.81,12.5,878.14,18.11,8.47,23.92,444.02,6.167,7.22,72.0,48.0,True,False,37.61,7.52,45.14,5585.03,2.29,5.18,63.86,0.748,100.47,0,0,0,186.6,7.78,1132.44,1.5,4.961,0.863,0.607
BGW-04,Baghewala-04 (pad A),2024-06-22T00:00:00,6,production,46.76,12.27,943.86,17.78,8.35,23.15,433.71,6.024,7.7,72.0,48.0,True,False,33.41,6.68,40.09,5618.44,2.44,4.78,62.61,0.716,103.73,0,0,0,186.03,7.75,1106.6,1.5,5.568,0.95,0.667
BGW-04,Baghewala-04 (pad A),2024-06-23T00:00:00,6,production,46.64,12.44,848.92,18.07,8.41,23.35,445.02,6.181,6.86,72.0,48.0,True,False,33.0,6.6,39.6,5651.44,2.41,6.28,60.37,0.673,101.41,0,0,0,199.16,8.3,1136.46,1.5,6.034,0.831,0.58
BGW-04,Baghewala-04 (pad A),2024-06-24T00:00:00,6,production,46.59,12.57,872.7,18.14,8.65,23.75,451.88,6.276,7.71,72.0,48.0,True,True,25.86,5.17,31.03,5677.3,2.42,5.67,67.05,0.721,104.75,0,0,0,193.85,8.08,1152.95,1.5,7.497,0.877,0.651
BGW-04,Baghewala-04 (pad A),2024-06-25T00:00:00,6,production,46.51,12.58,925.8,17.8,8.36,24.95,470.16,6.53,8.11,72.0,48.0,True,True,28.99,5.8,34.79,5706.29,2.31,6.44,63.48,0.679,104.49,0,0,0,205.33,8.56,1200.05,1.5,7.082,0.942,0.662
BGW-04,Baghewala-04 (pad A),2024-06-26T00:00:00,6,production,46.46,12.95,814.3,18.39,8.45,24.44,413.01,5.736,7.94,72.0,48.0,True,True,34.29,6.86,41.15,5740.58,2.37,6.05,55.33,0.717,103.65,0,0,0,193.36,8.06,1055.72,1.5,5.639,0.799,0.592
BGW-04,Baghewala-04 (pad A),2024-06-27T00:00:00,6,production,46.4,12.49,1137.7,16.95,8.52,23.42,486.36,6.755,7.59,72.0,48.0,True,True,29.24,5.85,35.09,5769.82,2.46,4.75,66.52,0.609,112.32,0,0,0,192.37,8.02,1239.0,1.5,6.578,0.95,0.748
BGW-04,Baghewala-04 (pad A),2024-06-28T00:00:00,7,production,44.81,12.51,939.64,18.05,8.35,23.4,450.89,6.262,7.85,72.0,48.0,True,True,26.48,5.3,31.78,5796.3,2.43,5.53,76.31,0.653,107.09,0,0,0,200.71,8.36,1151.3,1.5,7.58,0.95,0.717
BGW-07,Baghewala-07 (pad B),2024-01-01T00:00:00,1,injection,49.77,12.47,745.47,18.11,8.72,15.67,456.96,5.565,7.07,82.12,43.57,False,False,34.12,6.82,40.94,34.12,2.22,4.62,73.84,0.776,95.1,0,0,0,184.14,7.67,1164.5,1.5,5.397,0.67,0.442
BGW-07,Baghewala-07 (pad B),2024-01-02T00:00:00,1,injection,50.93,12.46,753.35,17.86,8.68,15.36,411.98,6.353,7.33,64.85,55.76,False,False,34.56,6.91,41.47,68.68,2.53,4.39,63.89,0.862,102.3,0,0,0,182.39,7.6,1051.84,1.5,5.277,0.716,0.558
BGW-07,Baghewala-07 (pad B),2024-01-03T00:00:00,1,injection,52.28,12.37,639.05,18.35,8.39,16.33,451.31,5.93,7.56,76.11,61.15,False,False,43.33,8.67,51.99,112.01,2.37,4.63,61.14,0.869,92.97,0,0,0,190.6,7.94,1151.15,1.5,4.399,0.526,0.413
BGW-07,Baghewala-07 (pad B),2024-01-04T00:00:00,1,soak,52.2,12.63,687.71,18.09,8.45,16.45,450.0,6.25,7.77,72.0,48.0,False,False,37.71,7.54,45.25,149.72,2.38,4.0,58.44,0.841,90.71,0,0,0,183.47,7.64,1147.02,1.5,4.865,0.576,0.389
BGW-07,Baghewala-07 (pad B),2024-01-05T00:00:00,1,soak,52.13,12.38,701.93,17.89,8.28,14.87,450.0,6.25,7.4,72.0,48.0,False,False,35.95,7.19,43.14,185.67,2.21,4.0,60.2,0.872,89.83,0,1,0,180.61,7.53,1146.67,1.5,5.024,0.589,0.372
BGW-07,Baghewala-07 (pad B),2024-01-06T00:00:00,1,soak,52.09,12.34,676.21,18.04,8.66,16.21,450.0,6.25,7.95,72.0,48.0,False,False,40.94,8.19,49.13,226.61,2.41,4.0,69.57,0.842,90.24,0,0,0,176.13,7.34,1146.14,1.5,4.302,0.559,0.373
BGW-07,Baghewala-07 (pad B),2024-01-07T00:00:00,1,production,52.01,11.9,716.88,17.84,8.8,14.72,437.0,6.069,7.25,72.0,48.0,True,False,41.86,8.37,50.24,268.47,2.35,5.41,59.44,0.779,95.88,0,0,0,184.46,7.69,1114.62,1.5,4.406,0.638,0.47
BGW-07,Baghewala-07 (pad B),2024-01-08T00:00:00,1,production,51.95,11.77,734.62,17.81,8.6,14.22,454.17,6.308,7.8,72.0,48.0,True,False,40.19,8.04,48.23,308.66,2.33,5.71,65.62,0.76,97.3,0,0,0,202.0,8.42,1159.65,1.5,5.026,0.667,0.467
BGW-07,Baghewala-07 (pad B),2024-01-09T00:00:00,1,production,51.77,12.78,724.67,17.88,8.58,14.35,438.04,6.084,7.62,72.0,48.0,True,False,42.92,8.58,51.51,351.59,2.37,4.87,64.84,0.806,92.37,0,0,0,187.02,7.79,1117.54,1.5,4.357,0.63,0.385
BGW-07,Baghewala-07 (pad B),2024-01-10T00:00:00,1,production,51.68,12.35,738.09,17.89,8.08,14.61,439.84,6.109,7.36,72.0,48.0,True,False,38.56,7.71,46.27,390.14,2.36,5.31,61.54,0.754,97.64,0,0,0,188.44,7.85,1122.22,1.5,4.887,0.673,0.51
BGW-07,Baghewala-07 (pad B),2024-01-11T00:00:00,1,production,51.65,12.59,747.28,17.75,8.71,16.08,438.77,6.094,7.59,72.0,48.0,True,False,40.08,8.02,48.1,430.23,2.44,5.05,73.84,0.782,96.77,0,0,0,187.15,7.8,1119.37,1.5,4.669,0.68,0.496
BGW-07,Baghewala-07 (pad B),2024-01-12T00:00:00,1,production,51.52,13.0,726.02,17.88,8.32,15.79,462.19,6.419,7.0,72.0,48.0,True,False,38.67,7.73,46.41,468.9,2.5,4.32,71.2,0.826,94.92,0,0,0,176.08,7.34,1176.59,1.5,4.553,0.645,0.495
BGW-07,Baghewala-07 (pad B),2024-01-13T00:00:00,1,production,51.49,12.73,699.45,18.11,8.68,14.52,464.89,6.457,7.54,72.0,48.0,True,False,37.29,7.46,44.75,506.19,2.43,5.6,67.19,0.775,96.57,0,0,0,192.86,8.04,1185.37,1.5,5.172,0.62,0.424
BGW-07,Baghewala-07 (pad B),2024-01-14T00:00:00,1,production,51.36,12.27,734.52,17.91,8.97,15.08,441.54,6.132,7.19,72.0,48.0,True,False,40.15,8.03,48.18,546.34,2.37,5.83,62.86,0.731,99.94,0,0,0,200.56,8.36,1127.91,1.5,4.996,0.68,0.5
BGW-07,Baghewala-07 (pad B),2024-01-15T00:00:00,1,production,51.4,12.47,686.74,18.21,8.61,15.77,399.19,5.544,7.29,72.0,48.0,True,False,41.21,8.24,49.46,587.55,2.47,5.52,64.89,0.825,101.67,0,0,0,193.77,8.07,1021.23,1.5,4.702,0.629,0.477
BGW-07,Baghewala-07 (pad B),2024-01-16T00:00:00,1,production,51.26,12.88,712.5,18.14,8.37,16.57,452.02,6.278,6.78,72.0,48.0,True,False,34.87,6.97,41.84,622.42,2.41,4.81,59.38,0.803,94.9,0,0,0,189.43,7.89,1152.79,1.5,5.432,0.628,0.422
BGW-07,Baghewala-07 (pad B),2024-01-17T00:00:00,1,production,51.12,12.52,699.77,18.02,8.48,15.67,436.7,6.065,7.55,72.0,48.0,True,False,40.72,8.14,48.87,663.14,2.52,6.08,63.5,0.753,98.89,0,0,0,202.28,8.43,1116.02,1.5,4.968,0.632,0.51
BGW-07,Baghewala-07 (pad B),2024-01-18T00:00:00,1,production,51.0,12.66,723.42,18.01,8.44,16.16,459.91,6.388,7.52,72.0,48.0,True,False,40.73,8.15,48.87,703.87,2.51,5.3,75.26,0.75,96.75,0,0,0,196.05,8.17,1173.3,1.5,4.813,0.651,0.478
BGW-07,Baghewala-07 (pad B),2024-01-19T00:00:00,1,production,50.99,12.09,767.18,17.83,8.41,15.31,473.19,6.572,7.88,72.0,48.0,True,False,38.16,7.63,45.79,742.03,2.41,4.49,65.74,0.797,95.18,0,0,0,189.89,7.91,1205.76,1.5,4.976,0.697,0.477
BGW-07,Baghewala-07 (pad B),2024-01-20T00:00:00,1,production,50.92,12.54,696.95,18.15,8.41,15.86,456.77,6.344,7.57,72.0,48.0,True,False,39.63,7.93,47.55,781.66,2.38,5.65,59.26,0.797,96.04,0,0,0,184.68,7.69,1164.09,1.5,4.66,0.614,0.42
BGW-07,Baghewala-07 (pad B),2024-01-21T00:00:00,1,production,50.85,12.92,746.77,17.88,8.47,16.16,462.79,6.428,7.61,72.0,48.0,True,False,32.97,6.59,39.57,814.63,2.45,5.09,64.63,0.805,96.09,0,0,0,191.62,7.98,1179.98,1.5,5.812,0.676,0.491
BGW-07,Baghewala-07 (pad B),2024-01-22T00:00:00,1,production,50.82,12.08,720.62,18.16,8.52,15.1,441.63,6.134,7.29,72.0,48.0,True,False,36.76,7.35,44.11,851.38,2.5,4.83,63.0,0.825,93.34,0,0,0,184.69,7.7,1126.24,1.5,5.025,0.63,0.398
BGW-07,Baghewala-07 (pad B),2024-01-23T00:00:00,1,production,50.72,12.18,674.92,18.3,8.59,15.26,448.53,6.23,8.41,72.0,48.0,True,False,35.1,7.02,42.12,886.49,2.41,5.54,58.74,0.772,93.39,0,0,0,198.62,8.28,1145.16,1.5,5.658,0.573,0.414
BGW-07,Baghewala-07 (pad B),2024-01-24T00:00:00,1,production,50.62,12.86,738.28,18.21,8.67,16.8,415.97,5.777,7.72,72.0,48.0,True,False,38.74,7.75,46.49,925.23,2.49,5.73,75.03,0.756,101.01,0,0,0,196.67,8.19,1063.54,1.5,5.077,0.69,0.52
BGW-07,Baghewala-07 (pad B),2024-01-25T00:00:00,1,production,50.51,12.46,756.34,18.01,8.42,17.11,447.31,6.213,7.65,72.0,48.0,True,False,37.66,7.53,45.19,962.88,2.48,4.96,63.51,0.804,95.19,0,0,0,193.56,8.07,1141.51,1.5,5.14,0.684,0.466
BGW-07,Baghewala-07 (pad B),2024-01-26T00:00:00,1,production,50.39,12.34,706.92,18.21,8.56,15.91,436.38,6.061,6.69,72.0,48.0,True,True,33.84,6.77,40.6,996.72,2.33,4.27,60.15,0.846,88.15,0,0,0,181.29,7.55,1112.7,1.5,5.358,0.587,0.386
BGW-07,Baghewala-07 (pad B),2024-01-27T00:00:00,1,production,50.35,12.28,794.58,17.81,8.65,15.06,456.32,6.338,8.33,72.0,48.0,True,True,30.63,6.13,36.76,1027.35,2.39,5.61,64.66,0.714,99.14,0,0,0,196.14,8.17,1164.34,1.5,6.404,0.751,0.561
BGW-07,Baghewala-07 (pad B),2024-01-28T00:00:00,1,production,50.23,12.3,791.04,17.89,8.35,17.54,429.41,5.964,7.57,72.0,48.0,True,True,36.07,7.21,43.28,1063.42,2.46,5.7,72.67,0.768,96.73,0,0,0,188.83,7.87,1096.2,1.5,5.235,0.735,0.515
BGW-07,Baghewala-07 (pad B),2024-01-29T00:00:00,1,production,50.1,12.26,761.88,18.05,8.34,15.15,430.57,5.98,7.21,72.0,48.0,True,True,34.58,6.92,41.49,1097.99,2.37,6.03,59.04,0.693,100.64,0,0,0,197.45,8.23,1100.11,1.5,5.71,0.718,0.51
BGW-07,Baghewala-07 (pad B),2024-01-30T00:00:00,2,production,48.52,12.0,731.66,18.46,8.69,15.51,436.01,6.056,7.99,72.0,48.0,True,True,34.3,6.86,41.16,1132.29,2.31,5.69,69.82,0.743,99.22,0,0,0,197.89,8.25,1113.77,1.5,5.769,0.673,0.484
BGW-07,Baghewala-07 (pad B),2024-01-31T00:00:00,2,injection,49.57,12.88,830.44,17.62,8.63,16.29,395.33,4.658,7.11,84.88,45.8,False,False,32.76,6.55,39.31,1165.05,2.41,4.38,51.36,0.778,98.13,0,0,0,172.89,7.2,1009.08,1.5,5.278,0.791,0.528
BGW-07,Baghewala-07 (pad B),2024-02-01T00:00:00,2,injection,51.02,12.06,721.44,17.94,8.26,16.9,452.3,6.755,7.3,66.96,56.99,False,False,36.65,7.33,43.98,1201.7,2.32,4.81,66.87,0.846,97.42,0,0,0,188.47,7.85,1153.37,1.5,5.143,0.651,0.49
BGW-07,Baghewala-07 (pad B),2024-02-02T00:00:00,2,injection,52.45,12.68,751.12,17.53,8.43,18.76,500.52,7.512,7.64,66.63,50.0,False,False,41.4,8.28,49.68,1243.09,2.38,4.72,65.46,0.798,96.94,0,0,0,192.79,8.03,1274.43,1.5,4.657,0.686,0.489
BGW-07,Baghewala-07 (pad B),2024-02-03T00:00:00,2,soak,52.28,12.3,698.72,17.99,8.45,15.61,450.0,6.25,7.92,72.0,48.0,False,False,40.22,8.04,48.26,1283.31,2.37,4.0,58.47,0.881,92.96,0,0,0,186.23,7.76,1147.35,1.5,4.631,0.601,0.407
BGW-07,Baghewala-07 (pad B),2024-02-04T00:00:00,2,soak,52.24,13.31,626.02,18.36,8.33,17.94,450.0,6.25,7.51,72.0,48.0,False,False,41.13,8.23,49.36,1324.44,2.35,4.0,68.88,0.906,87.16,0,0,0,179.58,7.48,1146.55,1.5,4.366,0.481,0.354
BGW-07,Baghewala-07 (pad B),2024-02-05T00:00:00,2,soak,52.26,12.5,669.81,18.19,8.54,15.32,450.0,6.25,7.13,72.0,48.0,False,False,41.72,8.34,50.07,1366.16,2.46,4.0,63.12,0.845,90.19,0,0,0,179.04,7.46,1146.49,1.5,4.291,0.551,0.409
BGW-07,Baghewala-07 (pad B),2024-02-06T00:00:00,2,production,52.15,12.17,694.77,18.01,8.67,16.18,426.67,5.926,6.92,72.0,48.0,True,False,42.71,8.54,51.26,1408.88,2.39,5.2,72.06,0.804,94.44,0,0,0,192.28,8.01,1089.75,1.5,4.501,0.603,0.422
BGW-07,Baghewala-07 (pad B),2024-02-07T00:00:00,2,production,52.07,12.69,761.22,17.63,8.47,16.75,399.32,5.546,7.78,72.0,48.0,True,False,38.04,7.61,45.64,1446.91,2.42,5.61,63.83,0.749,99.02,0,0,0,193.98,8.08,1021.57,1.5,5.1,0.709,0.503
BGW-07,Baghewala-07 (pad B),2024-02-08T00:00:00,2,production,52.03,12.32,757.85,17.64,8.61,15.88,447.14,6.21,7.45,72.0,48.0,True,False,39.12,7.82,46.94,1486.03,2.33,5.9,63.28,0.775,99.97,0,0,0,188.61,7.86,1140.47,1.5,4.822,0.71,0.482
BGW-07,Baghewala-07 (pad B),2024-02-09T00:00:00,2,production,51.96,12.24,730.82,17.92,8.8,14.7,449.74,6.246,7.49,72.0,48.0,True,False,41.02,8.2,49.23,1527.05,2.53,6.45,62.45,0.745,99.08,0,0,0,200.14,8.34,1148.38,1.5,4.879,0.671,0.498
BGW-07,Baghewala-07 (pad B),2024-02-10T00:00:00,2,production,51.84,12.29,620.8,18.35,8.29,18.27,462.88,6.429,6.66,72.0,48.0,True,False,45.06,9.01,54.07,1572.11,2.47,5.37,72.69,0.822,93.02,0,0,0,190.88,7.95,1180.12,1.5,4.236,0.504,0.359
BGW-07,Baghewala-07 (pad B),2024-02-11T00:00:00,2,production,51.76,12.72,749.08,17.75,8.97,17.31,438.66,6.092,7.16,72.0,48.0,True,False,40.05,8.01,48.06,1612.16,2.29,4.93,51.97,0.788,93.72,0,0,0,192.43,8.02,1119.73,1.5,4.805,0.667,0.439
BGW-07,Baghewala-07 (pad B),2024-02-12T00:00:00,2,production,51.66,12.45,692.29,18.29,8.17,16.21,449.91,6.249,8.19,72.0,48.0,True,False,44.96,8.99,53.95,1657.12,2.45,5.32,67.29,0.818,99.56,0,0,0,197.59,8.23,1148.49,1.5,4.395,0.626,0.431
BGW-07,Baghewala-07 (pad B),2024-02-13T00:00:00,2,production,51.57,12.37,793.9,17.68,8.36,18.46,452.94,6.291,7.0,72.0,48.0,True,False,41.12,8.22,49.34,1698.24,2.42,5.95,61.36,0.736,104.14,0,0,0,205.22,8.55,1156.97,1.5,4.991,0.776,0.567
BGW-07,Baghewala-07 (pad B),2024-02-14T00:00:00,2,production,51.54,12.45,644.94,18.36,8.46,17.02,432.78,6.011,7.89,72.0,48.0,True,False,43.92,8.78,52.7,1742.16,2.32,6.01,61.93,0.77,96.01,0,1,0,196.53,8.19,1105.54,1.5,4.475,0.549,0.394
BGW-07,Baghewala-07 (pad B),2024-02-15T00:00:00,2,production,51.44,12.6,690.27,18.21,8.18,16.22,440.4,6.117,6.94,72.0,48.0,True,False,40.69,8.14,48.83,1782.84,2.24,5.86,66.03,0.76,96.31,0,0,0,196.48,8.19,1124.59,1.5,4.829,0.607,0.429
BGW-07,Baghewala-07 (pad B),2024-02-16T00:00:00,2,production,51.3,12.56,677.09,18.41,8.31,16.9,430.71,5.982,7.35,72.0,48.0,True,False,45.93,9.19,55.11,1828.77,2.38,5.52,62.23,0.776,92.79,0,0,0,188.43,7.85,1099.38,1.5,4.103,0.573,0.359
BGW-07,Baghewala-07 (pad B),2024-02-17T00:00:00,2,production,51.21,12.15,732.36,17.98,8.81,16.16,441.24,6.128,7.51,72.0,48.0,True,False,39.19,7.84,47.03,1867.96,2.39,5.1,58.75,0.783,92.23,0,0,0,191.76,7.99,1126.1,1.5,4.893,0.639,0.413
BGW-07,Baghewala-07 (pad B),2024-02-18T00:00:00,2,production,51.14,12.31,681.02,18.21,8.45,17.73,481.59,6.689,7.31,72.0,48.0,True,False,46.23,9.25,55.48,1914.19,2.43,6.25,67.54,0.754,96.06,0,0,0,195.36,8.14,1227.42,1.5,4.226,0.594,0.455
BGW-07,Baghewala-07 (pad B),2024-02-19T00:00:00,2,production,51.09,12.72,698.37,18.17,8.86,19.28,465.07,6.459,7.65,72.0,48.0,True,False,43.46,8.69,52.15,1957.65,2.47,5.58,55.42,0.797,95.14,0,0,0,190.39,7.93,1185.51,1.5,4.381,0.611,0.426
BGW-07,Baghewala-07 (pad B),2024-02-20T00:00:00,2,production,51.07,12.36,726.3,18.03,8.36,17.6,452.43,6.284,7.67,72.0,48.0,True,False,39.66,7.93,47.59,1997.31,2.61,6.05,74.29,0.762,100.66,0,0,0,205.3,8.55,1155.71,1.5,5.177,0.674,0.495
BGW-07,Baghewala-07 (pad B),2024-02-21T00:00:00,2,production,51.0,12.77,657.98,18.39,8.44,18.25,461.34,6.407,7.22,72.0,48.0,True,False,44.4,8.88,53.28,2041.71,2.47,6.53,71.64,0.767,95.05,0,0,0,213.08,8.88,1178.91,1.5,4.8,0.562,0.399
BGW-07,Baghewala-07 (pad B),2024-02-22T00:00:00,2,production,50.93,12.42,760.88,17.87,8.15,19.78,438.61,6.092,7.6,72.0,48.0,True,False,35.27,7.05,42.32,2076.97,2.47,5.33,61.28,0.734,98.92,0,0,0,191.61,7.98,1119.52,1.5,5.433,0.708,0.547
BGW-07,Baghewala-07 (pad B),2024-02-23T00:00:00,2,production,50.83,12.21,685.92,18.41,8.49,18.21,454.78,6.316,7.68,72.0,48.0,True,False,40.76,8.15,48.91,2117.73,2.45,6.49,63.12,0.738,98.27,0,0,0,193.09,8.05,1160.12,1.5,4.737,0.611,0.491
BGW-07,Baghewala-07 (pad B),2024-02-24T00:00:00,2,production,50.74,12.96,763.74,17.93,8.56,17.64,453.12,6.293,7.47,72.0,48.0,True,False,38.84,7.77,46.6,2156.57,2.37,5.36,63.78,0.77,100.24,0,0,0,193.88,8.08,1156.07,1.5,4.992,0.718,0.523
BGW-07,Baghewala-07 (pad B),2024-02-25T00:00:00,2,production,50.66,12.29,666.28,18.39,8.25,17.03,454.35,6.31,7.73,72.0,48.0,True,True,36.75,7.35,44.1,2193.32,2.48,5.61,58.06,0.812,93.52,0,0,0,193.28,8.05,1159.06,1.5,5.26,0.563,0.437
BGW-07,Baghewala-07 (pad B),2024-02-26T00:00:00,2,production,50.58,12.56,639.24,18.57,8.41,18.75,449.16,6.238,7.35,72.0,48.0,True,True,39.86,7.97,47.83,2233.18,2.44,5.2,61.18,0.845,93.06,0,0,0,187.84,7.83,1145.44,1.5,4.713,0.527,0.397
BGW-07,Baghewala-07 (pad B),2024-02-27T00:00:00,2,production,50.54,12.52,760.02,17.87,8.55,17.49,432.26,6.004,7.76,72.0,48.0,True,True,37.4,7.48,44.87,2270.57,2.39,5.29,66.85,0.776,98.38,0,0,0,197.45,8.23,1104.34,1.5,5.28,0.704,0.54
BGW-07,Baghewala-07 (pad B),2024-02-28T00:00:00,2,production,50.4,12.87,775.67,17.84,8.15,17.51,471.19,6.544,7.58,72.0,48.0,True,True,38.12,7.62,45.75,2308.7,2.4,5.55,68.77,0.771,104.21,0,0,0,193.91,8.08,1201.24,1.5,5.086,0.753,0.576
BGW-07,Baghewala-07 (pad B),2024-02-29T00:00:00,3,production,48.84,12.17,705.7,18.4,8.29,18.51,478.4,6.644,7.66,72.0,48.0,True,True,35.23,7.05,42.27,2343.92,2.42,5.64,62.0,0.804,96.67,0,0,0,203.32,8.47,1220.4,1.5,5.772,0.628,0.449
BGW-07,Baghewala-07 (pad B),2024-03-01T00:00:00,3,injection,50.2,12.76,771.42,17.96,8.57,17.36,456.93,6.213,7.55,73.54,42.82,False,False,35.62,7.12,42.75,2379.54,2.42,4.18,68.72,0.803,94.48,0,0,0,178.78,7.45,1163.77,1.5,5.019,0.699,0.456
BGW-07,Baghewala-07 (pad B),2024-03-02T00:00:00,3,injection,51.77,11.67,676.77,18.08,8.72,18.73,503.33,6.686,7.12,75.28,58.56,False,False,43.21,8.64,51.85,2422.75,2.38,4.63,61.22,0.827,93.01,0,0,0,193.42,8.06,1281.53,1.5,4.476,0.574,0.396
BGW-07,Baghewala-07 (pad B),2024-03-03T00:00:00,3,injection,52.96,12.2,755.23,17.47,8.32,17.51,429.91,6.513,7.25,66.0,43.12,False,False,39.44,7.89,47.32,2462.19,2.45,5.06,72.18,0.786,95.96,0,0,0,183.87,7.66,1096.83,1.5,4.663,0.686,0.475
BGW-07,Baghewala-07 (pad B),2024-03-04T00:00:00,3,soak,52.89,12.64,654.29,18.1,8.52,17.58,450.0,6.25,6.97,72.0,48.0,False,False,35.72,7.14,42.86,2497.91,2.39,4.0,75.93,0.869,90.59,0,0,0,186.28,7.76,1147.35,1.5,5.215,0.533,0.366
BGW-07,Baghewala-07 (pad B),2024-03-05T00:00:00,3,soak,52.72,12.6,702.47,17.94,8.49,17.65,450.0,6.25,7.29,72.0,48.0,False,False,42.11,8.42,50.54,2540.03,2.57,4.0,68.26,0.835,94.79,0,0,0,184.32,7.68,1147.12,1.5,4.377,0.615,0.451
BGW-07,Baghewala-07 (pad B),2024-03-06T00:00:00,3,soak,52.63,12.63,649.43,18.04,8.46,18.5,450.0,6.25,7.46,72.0,48.0,False,False,45.41,9.08,54.5,2585.44,2.4,4.0,57.31,0.855,90.76,0,0,0,170.64,7.11,1145.48,1.5,3.757,0.528,0.378
BGW-07,Baghewala-07 (pad B),2024-03-07T00:00:00,3,production,52.57,12.44,646.69,18.19,8.67,17.52,481.33,6.685,6.95,72.0,48.0,True,False,51.69,10.34,62.03,2637.13,2.47,5.77,65.39,0.811,95.29,0,0,0,204.7,8.53,1227.9,1.5,3.96,0.547,0.405
BGW-07,Baghewala-07 (pad B),2024-03-08T00:00:00,3,production,52.56,12.57,671.74,18.08,8.23,18.53,470.95,6.541,6.99,72.0,48.0,True,False,41.96,8.39,50.35,2679.09,2.67,4.55,69.57,0.827,93.84,0,0,0,182.22,7.59,1199.24,1.5,4.343,0.571,0.436
BGW-07,Baghewala-07 (pad B),2024-03-09T00:00:00,3,production,52.52,12.45,683.25,18.09,8.42,19.34,440.68,6.121,6.94,72.0,48.0,True,False,41.1,8.22,49.32,2720.19,2.45,5.28,56.54,0.804,94.49,0,0,0,195.77,8.16,1125.19,1.5,4.763,0.589,0.417
BGW-07,Baghewala-07 (pad B),2024-03-10T00:00:00,3,production,52.52,12.62,645.19,18.24,8.46,19.84,442.47,6.145,7.95,72.0,48.0,True,False,42.89,8.58,51.46,2763.07,2.44,4.99,63.96,0.824,94.96,0,0,0,191.98,8.0,1129.2,1.5,4.476,0.544,0.401
BGW-07,Baghewala-07 (pad B),2024-03-11T00:00:00,3,production,52.5,12.46,706.52,17.99,8.87,17.79,442.91,6.152,7.9,72.0,48.0,True,False,41.44,8.29,49.73,2804.52,2.47,5.1,69.52,0.746,95.82,0,0,0,196.61,8.19,1130.87,1.5,4.744,0.625,0.434
BGW-07,Baghewala-07 (pad B),2024-03-12T00:00:00,3,production,52.33,12.39,676.31,18.06,8.53,18.84,459.83,6.387,7.71,72.0,48.0,True,False,37.31,7.46,44.77,2841.82,2.3,4.82,72.39,0.845,89.35,0,0,0,198.59,8.27,1173.41,1.5,5.323,0.555,0.34
BGW-07,Baghewala-07 (pad B),2024-03-13T00:00:00,3,production,52.23,12.49,754.98,17.59,8.92,18.22,463.42,6.436,7.47,72.0,48.0,True,False,40.84,8.17,49.01,2882.66,2.34,5.63,68.48,0.785,98.7,0,0,0,205.7,8.57,1183.24,1.5,5.037,0.7,0.478
BGW-07,Baghewala-07 (pad B),2024-03-14T00:00:00,3,production,52.21,12.14,692.22,18.03,8.64,19.52,457.81,6.358,7.31,72.0,48.0,True,False,43.46,8.69,52.16,2926.13,2.56,4.94,55.9,0.815,95.6,0,0,0,183.93,7.66,1166.59,1.5,4.232,0.606,0.455
BGW-07,Baghewala-07 (pad B),2024-03-15T00:00:00,3,production,52.13,12.76,706.53,17.95,8.4,19.69,452.96,6.291,7.66,72.0,48.0,True,False,41.81,8.36,50.17,2967.94,2.29,5.37,60.62,0.794,96.22,0,0,0,182.64,7.61,1154.32,1.5,4.368,0.627,0.454
BGW-07,Baghewala-07 (pad B),2024-03-16T00:00:00,3,production,52.01,12.32,693.2,18.18,8.76,20.81,472.04,6.556,7.25,72.0,48.0,True,False,45.3,9.06,54.36,3013.24,2.61,5.77,55.75,0.777,98.22,0,0,0,203.72,8.49,1204.55,1.5,4.497,0.62,0.459
BGW-07,Baghewala-07 (pad B),2024-03-17T00:00:00,3,production,51.89,12.22,677.72,18.07,8.66,20.03,439.28,6.101,6.98,72.0,48.0,True,False,44.95,8.99,53.94,3058.19,2.62,5.51,58.17,0.801,96.51,0,0,0,195.74,8.16,1121.68,1.5,4.355,0.592,0.451
BGW-07,Baghewala-07 (pad B),2024-03-18T00:00:00,3,production,51.85,12.44,644.3,18.29,8.21,18.99,455.83,6.331,7.71,72.0,48.0,True,False,43.01,8.6,51.62,3101.2,2.33,5.33,70.89,0.817,93.8,0,0,0,191.81,7.99,1162.58,1.5,4.459,0.537,0.367
BGW-07,Baghewala-07 (pad B),2024-03-19T00:00:00,3,production,51.75,12.76,674.04,18.17,8.5,20.54,432.7,6.01,7.42,72.0,48.0,True,False,43.79,8.76,52.54,3144.99,2.27,5.01,63.0,0.838,94.37,0,0,0,182.17,7.59,1103.61,1.5,4.16,0.577,0.417
BGW-07,Baghewala-07 (pad B),2024-03-20T00:00:00,3,production,51.75,12.78,779.33,17.73,8.28,19.55,438.51,6.09,6.93,72.0,48.0,True,False,36.46,7.29,43.76,3181.45,2.49,4.59,66.14,0.797,96.12,0,0,0,185.75,7.74,1118.57,1.5,5.094,0.717,0.505
BGW-07,Baghewala-07 (pad B),2024-03-21T00:00:00,3,production,51.7,12.19,652.99,18.22,8.52,18.44,456.2,6.336,7.07,72.0,48.0,True,False,43.09,8.62,51.71,3224.54,2.43,5.79,63.94,0.801,97.05,0,0,0,200.3,8.35,1164.53,1.5,4.648,0.564,0.431
BGW-07,Baghewala-07 (pad B),2024-03-22T00:00:00,3,production,51.63,12.57,717.21,18.01,8.49,19.67,443.05,6.154,6.82,72.0,48.0,True,False,36.78,7.36,44.14,3261.32,2.26,5.6,69.48,0.79,94.77,0,0,0,203.94,8.5,1132.11,1.5,5.545,0.633,0.481
BGW-07,Baghewala-07 (pad B),2024-03-23T00:00:00,3,production,51.54,12.96,810.39,17.58,8.53,21.21,441.35,6.13,7.17,72.0,48.0,True,False,38.63,7.73,46.35,3299.95,2.36,6.18,60.8,0.722,100.47,0,0,0,197.04,8.21,1127.03,1.5,5.101,0.778,0.571
BGW-07,Baghewala-07 (pad B),2024-03-24T00:00:00,3,production,51.44,12.04,621.84,18.58,8.65,20.37,443.64,6.162,7.29,72.0,48.0,True,False,40.65,8.13,48.78,3340.6,2.38,4.66,67.19,0.857,88.2,0,0,0,187.68,7.82,1131.61,1.5,4.616,0.481,0.365
BGW-07,Baghewala-07 (pad B),2024-03-25T00:00:00,3,production,51.41,12.32,575.13,18.69,8.32,18.73,441.18,6.128,7.21,72.0,48.0,True,False,42.13,8.43,50.55,3382.73,2.49,5.56,63.33,0.827,91.47,0,0,0,199.12,8.3,1126.85,1.5,4.727,0.439,0.325
BGW-07,Baghewala-07 (pad B),2024-03-26T00:00:00,3,production,51.32,12.61,663.3,18.31,8.8,17.6,433.42,6.02,7.76,72.0,48.0,True,True,41.43,8.29,49.72,3424.16,2.55,5.37,67.78,0.824,94.89,0,0,0,190.62,7.94,1106.43,1.5,4.601,0.566,0.426
BGW-07,Baghewala-07 (pad B),2024-03-27T00:00:00,3,production,51.22,12.17,772.83,17.75,8.58,20.2,434.98,6.041,7.27,72.0,48.0,True,True,36.06,7.21,43.27,3460.21,2.37,5.61,75.04,0.777,96.31,0,0,0,191.07,7.96,1110.39,1.5,5.299,0.71,0.466
BGW-07,Baghewala-07 (pad B),2024-03-28T00:00:00,3,production,51.13,12.65,688.22,18.22,8.4,19.31,413.22,5.739,7.18,72.0,48.0,True,True,31.88,6.38,38.26,3492.1,2.32,5.36,71.27,0.791,90.95,0,0,0,192.93,8.04,1056.21,1.5,6.051,0.578,0.38
BGW-07,Baghewala-07 (pad B),2024-03-29T00:00:00,3,production,51.03,12.16,737.45,18.03,8.49,18.67,464.93,6.457,7.39,72.0,48.0,True,True,37.81,7.56,45.37,3529.9,2.51,5.39,62.32,0.806,101.2,0,0,0,195.9,8.16,1185.84,1.5,5.182,0.69,0.547
BGW-07,Baghewala-07 (pad B),2024-03-30T00:00:00,4,production,49.45,12.44,774.27,17.98,8.52,19.28,456.42,6.339,7.64,72.0,48.0,True,True,34.93,6.99,41.92,3564.83,2.27,5.53,68.95,0.759,97.09,0,0,0,198.64,8.28,1164.89,1.5,5.687,0.716,0.523
BGW-07,Baghewala-07 (pad B),2024-03-31T00:00:00,4,injection,50.83,12.28,807.31,17.64,8.55,20.71,500.09,8.56,7.34,58.42,52.32,False,False,35.54,7.11,42.64,3600.37,2.38,5.14,64.03,0.756,99.06,0,0,0,190.15,7.92,1273.04,1.5,5.351,0.767,0.552
BGW-07,Baghewala-07 (pad B),2024-04-01T00:00:00,4,injection,52.5,12.61,704.84,17.87,8.51,19.2,520.21,7.509,7.69,69.28,49.16,False,False,44.35,8.87,53.22,3644.72,2.39,5.07,68.66,0.781,92.89,0,0,0,201.27,8.39,1324.68,1.5,4.538,0.608,0.464
BGW-07,Baghewala-07 (pad B),2024-04-02T00:00:00,4,injection,54.11,12.54,673.39,17.7,8.74,20.1,502.59,6.44,6.41,78.04,44.99,False,False,46.96,9.39,56.35,3691.68,2.53,5.15,62.47,0.799,95.22,0,0,0,194.32,8.1,1279.78,1.5,4.138,0.58,0.413
BGW-07,Baghewala-07 (pad B),2024-04-03T00:00:00,4,soak,54.02,12.87,721.8,17.49,8.51,21.57,450.0,6.25,7.55,72.0,48.0,False,False,37.66,7.53,45.19,3729.34,2.4,4.0,67.25,0.827,90.86,0,0,0,178.52,7.44,1146.42,1.5,4.741,0.619,0.398
BGW-07,Baghewala-07 (pad B),2024-04-04T00:00:00,4,soak,54.04,12.87,619.42,18.06,8.62,19.07,450.0,6.25,7.47,72.0,48.0,False,False,41.74,8.35,50.09,3771.07,2.41,4.0,68.68,0.908,88.45,0,0,0,187.16,7.8,1147.46,1.5,4.484,0.479,0.373
BGW-07,Baghewala-07 (pad B),2024-04-05T00:00:00,4,soak,53.87,12.51,504.27,18.66,8.3,19.71,450.0,6.25,7.2,72.0,48.0,False,False,44.4,8.88,53.28,3815.48,2.42,4.0,74.44,0.886,85.24,0,0,0,189.1,7.88,1147.69,1.5,4.259,0.319,0.19
BGW-07,Baghewala-07 (pad B),2024-04-06T00:00:00,4,production,53.76,12.51,672.92,17.9,8.69,18.92,434.99,6.042,7.81,72.0,48.0,True,False,47.82,9.56,57.39,3863.3,2.6,5.85,68.03,0.78,95.77,0,0,0,199.74,8.32,1111.44,1.5,4.177,0.582,0.439
BGW-07,Baghewala-07 (pad B),2024-04-07T00:00:00,4,production,53.67,12.22,677.59,17.9,8.4,19.42,425.41,5.908,7.38,72.0,48.0,True,False,42.47,8.49,50.96,3905.77,2.34,6.45,59.78,0.736,97.85,0,0,0,205.88,8.58,1088.22,1.5,4.848,0.599,0.491
BGW-07,Baghewala-07 (pad B),2024-04-08T00:00:00,4,production,53.6,12.37,568.27,18.51,8.41,20.36,418.58,5.814,7.07,72.0,48.0,True,False,46.85,9.37,56.22,3952.62,2.53,5.19,61.28,0.854,89.15,0,0,0,189.63,7.9,1069.21,1.5,4.048,0.419,0.293
BGW-07,Baghewala-07 (pad B),2024-04-09T00:00:00,4,production,53.53,12.08,667.61,17.97,8.49,19.11,456.82,6.345,8.15,72.0,48.0,True,False,42.02,8.4,50.43,3994.64,2.35,5.21,71.52,0.815,92.4,0,0,0,199.44,8.31,1165.99,1.5,4.746,0.559,0.371
BGW-07,Baghewala-07 (pad B),2024-04-10T00:00:00,4,production,53.37,12.55,674.79,17.95,8.4,20.72,438.81,6.095,7.65,72.0,48.0,True,False,43.4,8.68,52.07,4038.03,2.38,5.91,65.11,0.784,94.13,0,0,0,199.71,8.32,1120.99,1.5,4.602,0.577,0.421
BGW-07,Baghewala-07 (pad B),2024-04-11T00:00:00,4,production,53.21,12.12,555.51,18.7,8.55,20.19,429.92,5.971,7.27,72.0,48.0,True,False,46.67,9.33,56.0,4084.7,2.38,5.89,65.46,0.84,94.52,0,0,0,199.97,8.33,1098.79,1.5,4.285,0.43,0.335
BGW-07,Baghewala-07 (pad B),2024-04-12T00:00:00,4,production,53.07,12.44,598.69,18.39,8.47,19.93,472.13,6.557,7.19,72.0,48.0,True,False,52.31,10.46,62.77,4137.01,2.38,5.7,66.1,0.823,95.37,0,0,0,202.09,8.42,1204.56,1.5,3.863,0.488,0.353
BGW-07,Baghewala-07 (pad B),2024-04-13T00:00:00,4,production,53.01,12.69,670.63,18.01,8.75,20.61,500.5,6.951,7.36,72.0,48.0,True,False,45.0,9.0,54.0,4182.01,2.4,5.45,69.65,0.779,95.16,0,0,0,196.61,8.19,1274.83,1.5,4.369,0.577,0.437
BGW-07,Baghewala-07 (pad B),2024-04-14T00:00:00,4,production,52.98,12.99,696.11,17.83,8.55,19.59,524.6,7.286,7.5,72.0,48.0,True,False,44.3,8.86,53.16,4226.31,2.65,5.4,51.97,0.756,99.37,0,0,0,201.44,8.39,1335.67,1.5,4.547,0.629,0.464
BGW-07,Baghewala-07 (pad B),2024-04-15T00:00:00,4,production,52.85,13.08,583.14,18.43,8.59,19.78,452.39,6.283,7.84,72.0,48.0,True,False,53.95,10.79,64.74,4280.26,2.41,5.39,57.52,0.907,91.29,0,0,0,191.51,7.98,1153.97,1.5,3.55,0.448,0.333
BGW-07,Baghewala-07 (pad B),2024-04-16T00:00:00,4,production,52.8,12.9,661.29,18.14,8.29,19.08,459.49,6.382,7.78,72.0,48.0,True,False,47.3,9.46,56.76,4327.57,2.32,5.56,60.52,0.84,93.05,0,0,0,187.44,7.81,1171.21,1.5,3.963,0.554,0.412
BGW-07,Baghewala-07 (pad B),2024-04-17T00:00:00,4,production,52.68,12.61,767.0,17.53,8.24,20.18,434.14,6.03,7.22,72.0,48.0,True,False,38.62,7.72,46.35,4366.19,2.39,5.39,65.98,0.765,94.41,0,0,0,193.11,8.05,1108.52,1.5,5.0,0.693,0.476
BGW-07,Baghewala-07 (pad B),2024-04-18T00:00:00,4,production,52.57,12.91,746.66,17.79,8.45,20.09,462.5,6.424,6.65,72.0,48.0,True,False,45.04,9.01,54.04,4411.22,2.55,6.13,62.62,0.769,97.76,0,0,0,201.64,8.4,1180.45,1.5,4.477,0.685,0.501
BGW-07,Baghewala-07 (pad B),2024-04-19T00:00:00,4,production,52.54,11.81,688.18,17.91,8.67,22.55,469.34,6.519,7.06,72.0,48.0,True,False,42.75,8.55,51.3,4453.98,2.33,5.33,56.69,0.817,96.35,0,0,0,200.96,8.37,1197.47,1.5,4.701,0.605,0.456
BGW-07,Baghewala-07 (pad B),2024-04-20T00:00:00,4,production,52.5,11.77,691.72,17.96,8.6,21.95,409.86,5.693,7.43,72.0,48.0,True,False,43.96,8.79,52.75,4497.94,2.41,4.63,62.54,0.827,94.86,0,0,0,182.57,7.61,1046.56,1.5,4.153,0.601,0.424
BGW-07,Baghewala-07 (pad B),2024-04-21T00:00:00,4,production,52.38,12.46,663.94,18.04,8.65,21.11,430.85,5.984,7.65,72.0,48.0,True,False,49.6,9.92,59.52,4547.53,2.44,5.91,58.59,0.772,94.98,0,0,0,196.39,8.18,1100.7,1.5,3.96,0.567,0.446
BGW-07,Baghewala-07 (pad B),2024-04-22T00:00:00,4,production,52.28,11.99,735.14,17.79,8.95,21.77,451.79,6.275,7.19,72.0,48.0,True,False,43.32,8.66,51.98,4590.85,2.37,5.08,66.63,0.798,94.83,0,0,0,187.94,7.83,1152.02,1.5,4.338,0.656,0.481
BGW-07,Baghewala-07 (pad B),2024-04-23T00:00:00,4,production,52.27,12.83,728.42,17.69,8.18,19.82,471.89,6.554,7.53,72.0,48.0,True,False,41.14,8.23,49.36,4631.99,2.63,5.97,65.31,0.777,97.62,0,0,0,204.03,8.5,1204.21,1.5,4.96,0.661,0.47
BGW-07,Baghewala-07 (pad B),2024-04-24T00:00:00,4,production,52.22,12.66,679.85,18.05,8.46,19.17,471.12,6.543,7.78,72.0,48.0,True,False,43.99,8.8,52.78,4675.98,2.37,4.52,61.93,0.885,91.11,0,0,0,177.46,7.39,1199.09,1.5,4.035,0.568,0.353
BGW-07,Baghewala-07 (pad B),2024-04-25T00:00:00,4,production,52.14,12.56,662.15,18.07,8.34,19.78,480.68,6.676,7.04,72.0,48.0,True,True,47.46,9.49,56.95,4723.44,2.31,5.95,58.42,0.806,94.01,0,0,0,193.79,8.07,1224.97,1.5,4.083,0.56,0.398
BGW-07,Baghewala-07 (pad B),2024-04-26T00:00:00,4,production,52.09,11.89,704.56,17.92,8.72,19.31,471.31,6.546,7.71,72.0,48.0,True,True,48.96,9.79,58.76,4772.4,2.54,6.08,66.59,0.759,97.32,0,0,0,203.9,8.5,1202.73,1.5,4.164,0.63,0.45
BGW-07,Baghewala-07 (pad B),2024-04-27T00:00:00,4,production,51.97,12.58,667.61,18.23,8.56,18.51,477.83,6.637,7.07,72.0,48.0,True,True,47.68,9.54,57.22,4820.08,2.42,6.47,61.31,0.761,96.05,0,0,0,203.16,8.46,1218.96,1.5,4.261,0.577,0.434
BGW-07,Baghewala-07 (pad B),2024-04-28T00:00:00,4,production,51.86,12.52,698.13,18.01,9.11,20.89,440.21,6.114,7.21,72.0,48.0,True,True,40.35,8.07,48.43,4860.43,2.23,5.83,63.98,0.75,96.03,0,0,0,197.83,8.24,1124.26,1.5,4.902,0.615,0.457
BGW-07,Baghewala-07 (pad B),2024-04-29T00:00:00,5,production,50.2,12.55,718.17,18.24,8.09,21.67,437.06,6.07,7.03,72.0,48.0,True,True,38.27,7.65,45.92,4898.7,2.51,5.51,68.7,0.786,99.22,0,0,0,193.64,8.07,1115.89,1.5,5.06,0.656,0.478
BGW-07,Baghewala-07 (pad B),2024-04-30T00:00:00,5,injection,51.41,12.05,638.27,18.3,8.6,20.89,447.15,6.336,7.78,70.57,40.44,False,False,39.17,7.83,47.0,4937.87,2.49,4.19,68.16,0.868,91.67,0,0,0,187.73,7.82,1140.39,1.5,4.793,0.519,0.329
BGW-07,Baghewala-07 (pad B),2024-05-01T00:00:00,5,injection,52.61,12.48,746.91,17.64,8.65,21.36,401.1,5.654,6.96,70.94,45.37,False,False,39.74,7.95,47.68,4977.61,2.4,4.51,60.03,0.772,92.54,0,0,0,183.9,7.66,1024.82,1.5,4.628,0.659,0.417
BGW-07,Baghewala-07 (pad B),2024-05-02T00:00:00,5,injection,54.06,12.3,685.83,17.54,8.43,21.57,457.97,8.263,7.68,55.43,48.46,False,False,43.64,8.73,52.37,5021.25,2.52,4.21,69.71,0.847,94.06,0,0,0,185.27,7.72,1167.16,1.5,4.245,0.59,0.385
BGW-07,Baghewala-07 (pad B),2024-05-03T00:00:00,5,soak,53.99,12.61,643.19,18.05,8.34,20.79,450.0,6.25,7.9,72.0,48.0,False,False,43.63,8.73,52.35,5064.88,2.41,4.0,66.85,0.87,89.84,0,0,0,175.11,7.3,1146.01,1.5,4.014,0.516,0.367
BGW-07,Baghewala-07 (pad B),2024-05-04T00:00:00,5,soak,53.85,12.33,721.42,17.58,8.47,21.13,450.0,6.25,7.06,72.0,48.0,False,False,38.51,7.7,46.21,5103.38,2.32,4.0,72.13,0.835,93.93,0,0,0,191.24,7.97,1147.95,1.5,4.967,0.634,0.425
BGW-07,Baghewala-07 (pad B),2024-05-05T00:00:00,5,soak,53.77,12.15,693.06,17.64,8.54,21.01,450.0,6.25,7.65,72.0,48.0,False,False,40.01,8.0,48.01,5143.39,2.32,4.0,66.63,0.818,92.36,0,1,0,175.97,7.33,1146.12,1.5,4.398,0.591,0.392
BGW-07,Baghewala-07 (pad B),2024-05-06T00:00:00,5,production,53.63,12.54,676.11,17.88,8.55,19.88,449.48,6.243,7.19,72.0,48.0,True,False,54.04,10.81,64.84,5197.42,2.3,6.72,65.62,0.764,98.54,0,0,0,202.37,8.43,1147.99,1.5,3.745,0.614,0.444
BGW-07,Baghewala-07 (pad B),2024-05-07T00:00:00,5,production,53.58,12.72,715.38,17.64,8.44,21.3,473.86,6.581,7.85,72.0,48.0,True,False,43.6,8.72,52.32,5241.02,2.43,5.84,60.83,0.753,96.43,0,0,0,209.87,8.74,1209.82,1.5,4.814,0.639,0.458
BGW-07,Baghewala-07 (pad B),2024-05-08T00:00:00,5,production,53.52,12.93,596.24,18.32,8.58,22.39,449.98,6.25,7.44,72.0,48.0,True,False,48.26,9.65,57.91,5289.28,2.41,4.7,49.07,0.882,89.59,0,0,0,195.23,8.13,1148.38,1.5,4.045,0.456,0.3
BGW-07,Baghewala-07 (pad B),2024-05-09T00:00:00,5,production,53.42,12.64,585.36,18.31,8.35,19.68,426.34,5.921,7.58,72.0,48.0,True,False,47.47,9.49,56.97,5336.76,2.51,5.65,58.26,0.803,93.41,0,0,0,199.73,8.32,1089.81,1.5,4.207,0.461,0.338
BGW-07,Baghewala-07 (pad B),2024-05-10T00:00:00,5,production,53.32,13.03,623.77,18.08,8.94,22.92,462.05,6.417,7.07,72.0,48.0,True,False,49.91,9.98,59.89,5386.67,2.45,5.9,62.34,0.82,95.22,0,0,0,198.17,8.26,1178.89,1.5,3.97,0.518,0.409
BGW-07,Baghewala-07 (pad B),2024-05-11T00:00:00,5,production,53.28,12.69,636.42,18.14,8.65,21.75,453.37,6.297,7.2,72.0,48.0,True,False,50.38,10.08,60.45,5437.04,2.4,5.99,63.08,0.823,94.22,0,0,0,188.17,7.84,1156.0,1.5,3.735,0.529,0.399
BGW-07,Baghewala-07 (pad B),2024-05-12T00:00:00,5,production,53.21,12.48,744.04,17.59,8.58,21.21,437.69,6.079,7.9,72.0,48.0,True,False,44.08,8.82,52.9,5481.12,2.47,5.75,70.12,0.752,101.39,0,0,0,204.29,8.51,1118.73,1.5,4.634,0.7,0.509
BGW-07,Baghewala-07 (pad B),2024-05-13T00:00:00,5,production,53.09,12.65,658.99,18.0,8.48,19.98,448.54,6.23,7.1,72.0,48.0,True,False,49.09,9.82,58.91,5530.22,2.39,5.61,70.12,0.797,96.13,0,0,0,188.29,7.85,1143.94,1.5,3.835,0.567,0.449
BGW-07,Baghewala-07 (pad B),2024-05-14T00:00:00,5,production,53.05,12.35,714.11,17.7,8.15,21.81,456.9,6.346,7.4,72.0,48.0,True,False,32.77,6.55,39.33,5562.99,2.21,4.69,69.32,0.779,92.28,0,0,0,190.61,7.94,1165.13,1.5,5.816,0.617,0.417
BGW-07,Baghewala-07 (pad B),2024-05-15T00:00:00,5,production,53.0,12.21,756.21,17.51,8.0,22.0,439.8,6.108,7.3,72.0,48.0,True,False,39.46,7.89,47.35,5602.45,2.36,5.27,62.0,0.759,98.23,0,0,0,194.32,8.1,1122.83,1.5,4.925,0.699,0.498
BGW-07,Baghewala-07 (pad B),2024-05-16T00:00:00,5,production,52.98,12.33,655.78,17.91,8.37,20.79,450.09,6.251,7.46,72.0,48.0,True,False,44.27,8.85,53.12,5646.72,2.47,6.21,59.55,0.748,97.59,0,0,0,200.13,8.34,1149.23,1.5,4.521,0.57,0.428
BGW-07,Baghewala-07 (pad B),2024-05-17T00:00:00,5,production,52.87,12.58,752.56,17.56,8.84,22.43,482.28,6.698,7.74,72.0,48.0,True,False,33.75,6.75,40.5,5680.46,2.25,5.67,61.24,0.729,97.76,0,0,0,186.19,7.76,1228.04,1.5,5.517,0.692,0.498
BGW-07,Baghewala-07 (pad B),2024-05-18T00:00:00,5,production,52.74,13.03,698.33,17.78,8.76,21.77,460.95,6.402,7.63,72.0,48.0,True,False,42.81,8.56,51.37,5723.28,2.43,5.67,69.23,0.779,96.62,0,0,0,203.15,8.46,1176.76,1.5,4.745,0.618,0.472
BGW-07,Baghewala-07 (pad B),2024-05-19T00:00:00,5,production,52.61,12.47,667.15,17.97,8.4,23.16,454.12,6.307,8.36,72.0,48.0,True,False,44.76,8.95,53.71,5768.04,2.39,5.18,68.13,0.809,94.98,0,0,0,194.79,8.12,1158.67,1.5,4.352,0.571,0.438
BGW-07,Baghewala-07 (pad B),2024-05-20T00:00:00,5,production,52.49,11.87,809.18,17.3,8.76,22.26,461.85,6.415,7.13,72.0,48.0,True,False,40.8,8.16,48.96,5808.84,2.35,5.2,65.67,0.736,100.88,0,0,0,188.52,7.85,1177.25,1.5,4.62,0.778,0.545
BGW-07,Baghewala-07 (pad B),2024-05-21T00:00:00,5,production,52.44,11.84,737.76,17.78,8.48,20.71,449.47,6.243,7.96,72.0,48.0,True,False,48.48,9.7,58.18,5857.32,2.53,5.49,61.7,0.724,100.16,0,0,0,189.09,7.88,1146.37,1.5,3.9,0.686,0.492
BGW-07,Baghewala-07 (pad B),2024-05-22T00:00:00,5,production,52.31,12.17,675.39,17.98,8.59,21.61,448.33,6.227,7.7,72.0,48.0,True,False,44.18,8.84,53.01,5901.5,2.29,5.74,60.36,0.783,96.03,0,0,0,193.56,8.07,1144.04,1.5,4.381,0.587,0.422
BGW-07,Baghewala-07 (pad B),2024-05-23T00:00:00,5,production,52.19,12.36,723.73,17.82,8.74,21.49,478.54,6.646,7.63,72.0,48.0,True,False,42.36,8.47,50.83,5943.86,2.44,4.67,64.25,0.831,97.66,0,0,0,194.31,8.1,1219.68,1.5,4.587,0.655,0.48
BGW-07,Baghewala-07 (pad B),2024-05-24T00:00:00,5,production,52.15,12.13,732.02,17.91,8.32,22.36,432.31,6.004,6.97,72.0,48.0,True,False,36.61,7.32,43.93,5980.46,2.31,5.08,73.03,0.753,94.72,0,0,0,191.14,7.96,1103.72,1.5,5.222,0.651,0.451
BGW-07,Baghewala-07 (pad B),2024-05-25T00:00:00,5,production,52.08,13.07,658.12,18.29,8.38,21.26,427.65,5.94,7.09,72.0,48.0,True,True,37.21,7.44,44.65,6017.67,2.36,4.92,63.7,0.843,90.28,0,0,0,184.77,7.7,1091.31,1.5,4.966,0.537,0.384
BGW-07,Baghewala-07 (pad B),2024-05-26T00:00:00,5,production,51.96,12.75,782.86,17.53,8.55,21.36,419.7,5.829,7.97,72.0,48.0,True,True,38.54,7.71,46.24,6056.21,2.46,5.56,59.99,0.745,98.8,0,0,0,190.01,7.92,1072.05,1.5,4.931,0.735,0.547
BGW-07,Baghewala-07 (pad B),2024-05-27T00:00:00,5,production,51.9,12.22,665.73,18.18,8.6,22.93,481.7,6.69,7.45,72.0,48.0,True,True,42.35,8.47,50.82,6098.55,2.43,5.63,63.01,0.826,95.4,0,0,0,194.96,8.12,1227.65,1.5,4.604,0.572,0.471
BGW-07,Baghewala-07 (pad B),2024-05-28T00:00:00,5,production,51.86,12.51,741.55,17.81,8.25,23.13,479.0,6.653,7.39,72.0,48.0,True,True,37.13,7.43,44.56,6135.69,2.5,5.31,63.69,0.793,95.12,0,0,0,203.29,8.47,1221.9,1.5,5.475,0.665,0.471
BGW-07,Baghewala-07 (pad B),2024-05-29T00:00:00,6,production,50.25,12.61,847.15,17.49,8.5,22.66,467.61,6.495,7.68,72.0,48.0,True,True,38.97,7.79,46.77,6174.66,2.43,5.81,61.33,0.721,101.45,0,0,0,207.07,8.63,1193.87,1.5,5.313,0.829,0.606
BGW-07,Baghewala-07 (pad B),2024-05-30T00:00:00,6,injection,51.55,12.07,795.63,17.64,8.53,22.57,448.57,5.975,6.78,75.07,44.32,False,False,40.62,8.12,48.74,6215.27,2.36,4.84,64.57,0.784,101.43,0,0,0,197.99,8.25,1145.19,1.5,4.875,0.764,0.531
BGW-07,Baghewala-07 (pad B),2024-05-31T00:00:00,6,injection,52.88,12.8,671.48,17.86,8.31,21.89,454.23,5.183,7.31,87.64,62.39,False,False,43.2,8.64,51.85,6258.48,2.45,4.15,65.66,0.842,92.37,0,0,0,184.1,7.67,1157.66,1.5,4.261,0.564,0.401
BGW-07,Baghewala-07 (pad B),2024-06-01T00:00:00,6,injection,54.28,12.47,656.62,17.76,8.57,22.9,459.59,6.596,7.11,69.68,45.43,False,False,44.19,8.84,53.03,6302.67,2.36,4.02,63.2,0.889,88.54,0,0,0,182.97,7.62,1170.94,1.5,4.141,0.526,0.372
BGW-07,Baghewala-07 (pad B),2024-06-02T00:00:00,6,soak,54.18,12.39,588.09,18.25,8.4,23.89,450.0,6.25,7.41,72.0,48.0,False,False,39.13,7.83,46.96,6341.8,2.44,4.0,68.37,0.866,87.74,0,0,0,181.59,7.57,1146.79,1.5,4.641,0.436,0.29
BGW-07,Baghewala-07 (pad B),2024-06-03T00:00:00,6,soak,54.09,12.45,634.01,18.21,8.63,24.4,450.0,6.25,7.39,72.0,48.0,False,False,39.22,7.84,47.06,6381.02,2.44,4.0,57.88,0.891,89.73,0,0,0,184.15,7.67,1147.1,1.5,4.695,0.504,0.349
BGW-07,Baghewala-07 (pad B),2024-06-04T00:00:00,6,soak,54.12,13.0,579.26,18.43,8.34,24.03,450.0,6.25,7.52,72.0,48.0,False,False,44.38,8.88,53.26,6425.4,2.5,4.0,58.73,0.844,87.82,0,0,0,189.23,7.88,1147.71,1.5,4.264,0.426,0.272
BGW-07,Baghewala-07 (pad B),2024-06-05T00:00:00,6,production,54.03,12.42,637.27,17.96,8.81,22.1,412.79,5.733,7.14,72.0,48.0,True,False,46.29,9.26,55.55,6471.69,2.37,5.43,65.57,0.795,90.69,0,0,0,191.08,7.96,1054.91,1.5,4.127,0.513,0.368
BGW-07,Baghewala-07 (pad B),2024-06-06T00:00:00,6,production,53.99,12.49,654.63,17.87,8.51,22.74,437.06,6.07,7.52,72.0,48.0,True,False,46.52,9.3,55.83,6518.21,2.52,5.76,68.1,0.798,95.9,0,0,0,190.65,7.94,1115.52,1.5,4.098,0.56,0.44
BGW-07,Baghewala-07 (pad B),2024-06-07T00:00:00,6,production,53.92,12.83,661.37,17.79,8.24,20.98,424.28,5.893,7.51,72.0,48.0,True,False,44.13,8.83,52.96,6562.35,2.41,5.1,63.87,0.794,92.72,0,1,0,187.82,7.83,1083.23,1.5,4.256,0.553,0.391
BGW-07,Baghewala-07 (pad B),2024-06-08T00:00:00,6,production,53.83,12.13,635.58,18.0,8.32,24.52,416.9,5.79,7.34,72.0,48.0,True,False,51.13,10.23,61.36,6613.48,2.58,5.5,62.47,0.82,93.89,0,0,0,193.32,8.06,1065.45,1.5,3.781,0.526,0.409
BGW-07,Baghewala-07 (pad B),2024-06-09T00:00:00,6,production,53.79,13.23,548.97,18.56,8.44,23.04,422.21,5.864,7.42,72.0,48.0,True,False,51.51,10.3,61.81,6664.99,2.21,5.88,68.2,0.874,86.92,0,0,0,189.73,7.91,1078.29,1.5,3.683,0.383,0.232
BGW-07,Baghewala-07 (pad B),2024-06-10T00:00:00,6,production,53.71,12.65,572.8,18.51,8.55,23.42,462.76,6.427,7.56,72.0,48.0,True,False,49.35,9.87,59.22,6714.34,2.56,6.42,55.35,0.806,93.88,0,0,0,202.09,8.42,1181.16,1.5,4.095,0.448,0.337
BGW-07,Baghewala-07 (pad B),2024-06-11T00:00:00,6,production,53.62,12.99,647.94,17.98,8.4,23.02,462.2,6.419,7.38,72.0,48.0,True,False,52.44,10.49,62.93,6766.78,2.47,6.47,68.64,0.769,97.34,0,0,0,201.99,8.42,1179.74,1.5,3.852,0.559,0.429
BGW-07,Baghewala-07 (pad B),2024-06-12T00:00:00,6,production,53.58,12.18,648.94,18.07,8.8,22.31,440.37,6.116,7.18,72.0,48.0,True,False,50.05,10.01,60.06,6816.83,2.44,5.29,69.84,0.77,91.25,0,0,0,190.37,7.93,1123.77,1.5,3.804,0.53,0.369
BGW-07,Baghewala-07 (pad B),2024-06-13T00:00:00,6,production,53.51,12.43,700.85,17.62,8.57,23.57,419.34,5.824,7.34,72.0,48.0,True,False,40.34,8.07,48.41,6857.17,2.43,5.03,68.46,0.823,99.51,0,0,0,183.87,7.66,1070.41,1.5,4.558,0.636,0.48
BGW-07,Baghewala-07 (pad B),2024-06-14T00:00:00,6,production,53.42,12.34,629.34,18.21,8.47,22.16,444.72,6.177,7.21,72.0,48.0,True,False,51.62,10.32,61.94,6908.79,2.51,5.99,68.38,0.861,93.45,0,0,0,194.9,8.12,1135.19,1.5,3.776,0.516,0.406
BGW-07,Baghewala-07 (pad B),2024-06-15T00:00:00,6,production,53.34,12.31,645.35,18.15,8.59,24.53,453.42,6.297,7.0,72.0,48.0,True,False,48.15,9.63,57.78,6956.94,2.43,5.36,67.81,0.803,90.91,0,0,0,181.35,7.56,1155.31,1.5,3.766,0.524,0.349
BGW-07,Baghewala-07 (pad B),2024-06-16T00:00:00,6,production,53.24,12.63,624.48,18.17,8.67,20.23,481.56,6.688,6.99,72.0,48.0,True,False,52.65,10.53,63.18,7009.59,2.37,5.98,64.2,0.788,94.3,0,0,0,201.23,8.38,1228.06,1.5,3.822,0.515,0.433
BGW-07,Baghewala-07 (pad B),2024-06-17T00:00:00,6,production,53.16,12.49,649.59,18.15,8.3,22.11,428.54,5.952,7.04,72.0,48.0,True,False,44.93,8.99,53.92,7054.52,2.47,5.16,66.98,0.852,95.48,0,0,0,184.51,7.69,1093.48,1.5,4.107,0.552,0.414
BGW-07,Baghewala-07 (pad B),2024-06-18T00:00:00,6,production,53.05,12.49,614.37,18.3,8.21,22.14,437.53,6.077,7.29,72.0,48.0,True,False,52.48,10.5,62.98,7107.0,2.29,5.25,62.3,0.823,94.76,0,0,0,197.16,8.21,1117.49,1.5,3.757,0.504,0.397
BGW-07,Baghewala-07 (pad B),2024-06-19T00:00:00,6,production,53.02,12.66,694.65,17.8,8.33,24.87,462.14,6.419,6.97,72.0,48.0,True,False,44.06,8.81,52.88,7151.07,2.34,5.26,62.52,0.812,95.43,0,0,0,197.52,8.23,1179.04,1.5,4.483,0.608,0.459
BGW-07,Baghewala-07 (pad B),2024-06-20T00:00:00,6,production,52.97,12.73,618.42,18.25,8.47,23.49,484.7,6.732,8.04,72.0,48.0,True,False,50.77,10.15,60.93,7201.84,2.33,5.99,68.86,0.831,93.26,0,1,0,199.54,8.31,1235.69,1.5,3.93,0.502,0.365
BGW-07,Baghewala-07 (pad B),2024-06-21T00:00:00,6,production,52.91,12.75,648.4,18.38,8.72,23.54,471.36,6.547,7.68,72.0,48.0,True,False,48.88,9.78,58.66,7250.72,2.38,4.85,64.05,0.848,89.98,0,0,0,193.65,8.07,1201.63,1.5,3.962,0.523,0.353
BGW-07,Baghewala-07 (pad B),2024-06-22T00:00:00,6,production,52.82,12.49,689.91,18.04,8.6,24.37,441.56,6.133,7.76,72.0,48.0,True,False,36.96,7.39,44.35,7287.67,2.14,5.71,64.54,0.782,93.66,0,0,0,195.26,8.14,1127.33,1.5,5.284,0.593,0.448
BGW-07,Baghewala-07 (pad B),2024-06-23T00:00:00,6,production,52.78,12.67,709.47,17.88,8.7,23.1,438.06,6.084,7.01,72.0,48.0,True,False,43.68,8.74,52.41,7331.35,2.47,5.02,58.75,0.792,97.48,0,0,0,183.87,7.66,1117.21,1.5,4.21,0.637,0.469
BGW-07,Baghewala-07 (pad B),2024-06-24T00:00:00,6,production,52.8,11.93,663.63,18.14,8.22,24.42,480.92,6.679,6.98,72.0,48.0,True,True,45.7,9.14,54.84,7377.05,2.52,5.65,60.01,0.775,97.76,0,0,0,200.46,8.35,1226.36,1.5,4.386,0.581,0.412
BGW-07,Baghewala-07 (pad B),2024-06-25T00:00:00,6,production,52.72,12.13,676.5,18.05,8.53,23.83,402.63,5.592,7.31,72.0,48.0,True,True,47.24,9.45,56.69,7424.29,2.36,5.47,59.16,0.811,94.12,0,0,0,193.25,8.05,1029.77,1.5,4.091,0.579,0.44
BGW-07,Baghewala-07 (pad B),2024-06-26T00:00:00,6,production,52.74,12.92,693.37,17.93,8.68,23.62,470.65,6.537,6.81,72.0,48.0,True,True,38.59,7.72,46.3,7462.87,2.31,4.77,66.65,0.803,91.48,0,0,0,189.52,7.9,1199.37,1.5,4.912,0.587,0.378
BGW-07,Baghewala-07 (pad B),2024-06-27T00:00:00,6,production,52.68,12.21,704.47,17.8,8.53,24.19,413.73,5.746,6.9,72.0,48.0,True,True,39.31,7.86,47.17,7502.18,2.38,4.81,59.02,0.804,94.64,0,0,0,188.05,7.84,1056.9,1.5,4.784,0.616,0.438
BGW-07,Baghewala-07 (pad B),2024-06-28T00:00:00,7,production,51.04,11.77,657.3,18.31,8.32,23.25,452.63,6.287,6.96,72.0,48.0,True,True,40.45,8.09,48.54,7542.63,2.52,6.07,66.76,0.8,97.96,0,0,0,201.27,8.39,1155.73,1.5,4.976,0.574,0.429
BGW-09,Baghewala-09 (pad B),2024-01-01T00:00:00,1,injection,50.73,12.36,763.85,17.94,8.64,15.29,462.97,6.097,6.89,75.94,46.99,False,False,34.2,6.84,41.04,34.2,2.51,4.79,63.57,0.808,98.51,0,0,0,181.01,7.54,1179.15,1.5,5.293,0.71,0.501
BGW-09,Baghewala-09 (pad B),2024-01-02T00:00:00,1,injection,52.29,12.77,716.08,17.93,8.47,14.9,440.7,5.987,7.46,73.61,47.09,False,False,39.8,7.96,47.76,74.0,2.35,4.18,68.88,0.854,96.18,0,0,0,185.4,7.73,1123.99,1.5,4.659,0.638,0.477
BGW-09,Baghewala-09 (pad B),2024-01-03T00:00:00,1,injection,54.02,12.37,674.38,17.86,8.46,15.39,489.83,7.595,7.44,64.49,41.36,False,False,49.99,10.0,59.99,123.99,2.41,5.36,54.63,0.839,92.38,0,0,0,192.52,8.02,1247.67,1.5,3.851,0.567,0.413
BGW-09,Baghewala-09 (pad B),2024-01-04T00:00:00,1,soak,53.96,12.26,627.13,18.04,8.49,15.72,450.0,6.25,7.0,72.0,48.0,False,False,47.96,9.59,57.55,171.95,2.27,4.0,67.54,0.914,88.34,0,0,0,174.98,7.29,1146.0,1.5,3.648,0.488,0.349
BGW-09,Baghewala-09 (pad B),2024-01-05T00:00:00,1,soak,53.84,12.44,549.09,18.51,8.68,14.75,450.0,6.25,7.89,72.0,48.0,False,False,47.89,9.58,57.46,219.84,2.47,4.0,59.84,0.898,83.66,0,0,0,181.27,7.55,1146.75,1.5,3.785,0.367,0.211
BGW-09,Baghewala-09 (pad B),2024-01-06T00:00:00,1,soak,53.71,12.22,715.01,17.57,8.52,16.18,450.0,6.25,7.36,72.0,48.0,False,False,38.77,7.75,46.53,258.61,2.41,4.0,71.94,0.813,92.91,0,0,0,171.52,7.15,1145.58,1.5,4.424,0.621,0.444
BGW-09,Baghewala-09 (pad B),2024-01-07T00:00:00,1,production,53.52,12.1,712.55,17.42,8.61,15.74,468.27,6.504,7.3,72.0,48.0,True,False,39.1,7.82,46.92,297.71,2.37,6.07,63.83,0.759,97.56,0,0,0,202.13,8.42,1194.93,1.5,5.169,0.641,0.457
BGW-09,Baghewala-09 (pad B),2024-01-08T00:00:00,1,production,53.44,11.83,636.03,18.12,8.28,15.98,452.41,6.283,7.3,72.0,48.0,True,False,44.45,8.89,53.34,342.17,2.3,5.96,73.6,0.792,94.52,0,0,0,205.89,8.58,1155.72,1.5,4.632,0.53,0.452
BGW-09,Baghewala-09 (pad B),2024-01-09T00:00:00,1,production,53.31,12.91,623.23,18.19,8.16,15.23,455.65,6.328,7.24,72.0,48.0,True,False,42.12,8.42,50.55,384.29,2.34,5.22,63.07,0.806,89.03,0,0,0,194.92,8.12,1162.51,1.5,4.628,0.487,0.363
BGW-09,Baghewala-09 (pad B),2024-01-10T00:00:00,1,production,53.25,12.72,709.83,17.77,8.4,17.19,428.54,5.952,7.39,72.0,48.0,True,False,51.54,10.31,61.85,435.83,2.46,6.36,65.91,0.754,97.16,0,0,0,201.87,8.41,1095.58,1.5,3.917,0.636,0.533
BGW-09,Baghewala-09 (pad B),2024-01-11T00:00:00,1,production,53.13,12.69,605.37,18.24,8.21,14.92,466.62,6.481,7.88,72.0,48.0,True,False,46.43,9.29,55.71,482.26,2.25,5.67,72.29,0.793,94.07,0,0,0,202.67,8.44,1190.86,1.5,4.365,0.49,0.353
BGW-09,Baghewala-09 (pad B),2024-01-12T00:00:00,1,production,53.04,12.55,732.32,17.63,8.37,15.86,426.61,5.925,7.71,72.0,48.0,True,False,48.4,9.68,58.08,530.66,2.54,5.21,57.48,0.778,95.59,0,0,0,192.32,8.01,1089.61,1.5,3.973,0.656,0.478
BGW-09,Baghewala-09 (pad B),2024-01-13T00:00:00,1,production,52.91,12.44,630.45,18.09,8.6,17.17,433.1,6.015,6.87,72.0,48.0,True,False,49.27,9.85,59.13,579.94,2.39,6.08,64.44,0.804,95.16,0,0,0,194.64,8.11,1106.1,1.5,3.95,0.526,0.379
BGW-09,Baghewala-09 (pad B),2024-01-14T00:00:00,1,production,52.81,12.22,695.91,17.99,8.64,15.91,462.37,6.422,7.13,72.0,48.0,True,False,38.73,7.75,46.48,618.67,2.45,5.57,59.98,0.76,92.28,0,0,0,206.09,8.59,1180.65,1.5,5.321,0.594,0.397
BGW-09,Baghewala-09 (pad B),2024-01-15T00:00:00,1,production,52.68,12.22,632.95,18.2,8.48,15.8,442.87,6.151,7.26,72.0,48.0,True,False,51.38,10.28,61.66,670.05,2.48,6.21,64.01,0.78,95.73,0,0,0,191.55,7.98,1130.17,1.5,3.728,0.532,0.43
BGW-09,Baghewala-09 (pad B),2024-01-16T00:00:00,1,production,52.51,12.55,608.47,18.33,8.87,15.22,458.59,6.369,7.47,72.0,48.0,True,False,51.73,10.35,62.07,721.78,2.42,5.97,58.95,0.842,93.89,0,0,0,212.14,8.84,1171.92,1.5,4.101,0.493,0.336
BGW-09,Baghewala-09 (pad B),2024-01-17T00:00:00,1,production,52.43,12.75,693.04,18.0,8.72,13.54,458.28,6.365,6.89,72.0,48.0,True,False,40.77,8.15,48.92,762.54,2.34,5.56,64.97,0.785,96.48,0,0,0,194.77,8.12,1169.06,1.5,4.778,0.611,0.443
BGW-09,Baghewala-09 (pad B),2024-01-18T00:00:00,1,production,52.36,13.32,801.89,17.3,8.58,15.87,450.12,6.252,7.67,72.0,48.0,True,False,35.31,7.06,42.37,797.85,2.53,4.31,58.11,0.8,95.85,0,0,0,191.01,7.96,1148.22,1.5,5.409,0.744,0.479
BGW-09,Baghewala-09 (pad B),2024-01-19T00:00:00,1,production,52.25,12.87,727.95,17.7,8.18,16.39,464.31,6.449,7.56,72.0,48.0,True,False,46.69,9.34,56.03,844.54,2.51,5.13,65.68,0.811,93.89,0,0,0,197.88,8.24,1184.51,1.5,4.238,0.642,0.434
BGW-09,Baghewala-09 (pad B),2024-01-20T00:00:00,1,production,52.17,12.95,673.97,18.1,8.51,16.92,445.34,6.185,7.22,72.0,48.0,True,False,40.2,8.04,48.24,884.74,2.32,4.97,75.8,0.85,92.1,0,0,0,191.81,7.99,1136.36,1.5,4.772,0.565,0.38
BGW-09,Baghewala-09 (pad B),2024-01-21T00:00:00,1,production,52.1,13.2,687.84,17.91,8.54,15.77,443.22,6.156,7.67,72.0,48.0,True,False,44.19,8.84,53.03,928.93,2.53,6.34,72.63,0.75,98.9,0,0,0,197.89,8.25,1131.8,1.5,4.478,0.617,0.493
BGW-09,Baghewala-09 (pad B),2024-01-22T00:00:00,1,production,51.96,12.18,669.28,18.14,8.32,16.08,438.77,6.094,7.29,72.0,48.0,True,False,45.02,9.0,54.03,973.96,2.45,6.52,66.11,0.767,96.17,0,0,0,205.82,8.58,1121.63,1.5,4.571,0.581,0.42
BGW-09,Baghewala-09 (pad B),2024-01-23T00:00:00,1,production,51.88,12.34,735.84,17.72,8.37,16.86,444.99,6.18,6.8,72.0,48.0,True,False,42.91,8.58,51.5,1016.87,2.46,5.25,66.5,0.772,95.91,0,0,0,199.36,8.31,1136.4,1.5,4.645,0.662,0.473
BGW-09,Baghewala-09 (pad B),2024-01-24T00:00:00,1,production,51.79,12.75,691.01,18.05,8.5,15.9,443.94,6.166,7.21,72.0,48.0,True,False,36.13,7.23,43.35,1053.0,2.36,5.42,63.55,0.802,94.13,0,0,0,196.49,8.19,1133.42,1.5,5.439,0.597,0.43
BGW-09,Baghewala-09 (pad B),2024-01-25T00:00:00,1,production,51.67,12.74,746.83,17.79,8.54,14.83,469.88,6.526,7.59,72.0,48.0,True,False,42.17,8.43,50.6,1095.17,2.5,5.62,61.96,0.744,100.3,0,0,0,178.98,7.46,1196.18,1.5,4.244,0.698,0.541
BGW-09,Baghewala-09 (pad B),2024-01-26T00:00:00,1,production,51.58,12.57,727.01,17.96,8.67,14.18,469.8,6.525,7.8,72.0,48.0,True,True,39.31,7.86,47.17,1134.47,2.43,5.1,64.81,0.769,91.91,0,0,0,189.8,7.91,1197.29,1.5,4.829,0.631,0.442
BGW-09,Baghewala-09 (pad B),2024-01-27T00:00:00,1,production,51.53,12.55,719.55,17.99,8.6,15.34,494.32,6.866,7.98,72.0,48.0,True,True,37.1,7.42,44.52,1171.57,2.41,4.7,68.8,0.818,97.27,0,0,0,193.94,8.08,1259.08,1.5,5.227,0.648,0.474
BGW-09,Baghewala-09 (pad B),2024-01-28T00:00:00,1,production,51.4,12.1,793.03,17.52,8.49,17.0,433.49,6.021,7.91,72.0,48.0,True,True,38.58,7.72,46.3,1210.16,2.25,5.43,67.02,0.81,101.48,0,0,0,203.93,8.5,1108.2,1.5,5.286,0.761,0.565
BGW-09,Baghewala-09 (pad B),2024-01-29T00:00:00,1,production,51.25,12.62,565.97,18.81,8.29,15.76,470.43,6.534,7.42,72.0,48.0,True,True,49.13,9.83,58.96,1259.29,2.52,5.68,66.32,0.841,93.16,0,0,0,198.84,8.29,1199.94,1.5,4.047,0.436,0.324
BGW-09,Baghewala-09 (pad B),2024-01-30T00:00:00,2,production,49.69,12.35,781.45,17.92,8.31,15.67,431.7,5.996,7.63,72.0,48.0,True,True,35.17,7.03,42.21,1294.46,2.27,5.71,65.66,0.771,98.79,0,1,0,196.27,8.18,1102.81,1.5,5.58,0.733,0.497
BGW-09,Baghewala-09 (pad B),2024-01-31T00:00:00,2,injection,50.94,12.69,699.42,18.22,8.29,15.19,384.92,5.937,7.45,64.83,48.06,False,False,36.99,7.4,44.39,1331.45,2.35,4.66,56.01,0.78,94.53,0,1,0,176.23,7.34,983.45,1.5,4.764,0.609,0.417
BGW-09,Baghewala-09 (pad B),2024-02-01T00:00:00,2,injection,52.38,12.35,646.67,18.1,8.41,15.46,464.51,6.4,7.21,72.58,35.8,False,False,37.91,7.58,45.49,1369.36,2.32,4.48,66.04,0.896,89.56,0,0,0,190.16,7.92,1184.1,1.5,5.016,0.519,0.348
BGW-09,Baghewala-09 (pad B),2024-02-02T00:00:00,2,injection,53.99,12.47,676.66,17.73,9.1,18.2,470.85,7.163,7.85,65.74,37.87,False,False,45.4,9.08,54.48,1414.76,2.45,5.13,71.29,0.813,96.73,0,0,0,186.86,7.79,1199.55,1.5,4.116,0.592,0.398
BGW-09,Baghewala-09 (pad B),2024-02-03T00:00:00,2,soak,53.89,12.52,682.68,17.81,8.67,16.45,450.0,6.25,8.07,72.0,48.0,False,False,43.7,8.74,52.44,1458.46,2.5,4.0,72.25,0.877,95.25,0,0,0,176.94,7.37,1146.23,1.5,4.049,0.592,0.414
BGW-09,Baghewala-09 (pad B),2024-02-04T00:00:00,2,soak,53.87,12.18,637.12,18.19,8.38,15.28,450.0,6.25,7.86,72.0,48.0,False,False,41.37,8.27,49.64,1499.83,2.36,4.0,59.37,0.883,93.52,0,0,0,188.35,7.85,1147.6,1.5,4.553,0.526,0.369
BGW-09,Baghewala-09 (pad B),2024-02-05T00:00:00,2,soak,53.77,12.2,597.24,18.42,8.38,14.03,450.0,6.25,8.03,72.0,48.0,False,False,38.05,7.61,45.66,1537.88,2.42,4.0,67.21,0.903,89.9,0,0,0,175.21,7.3,1146.02,1.5,4.604,0.459,0.351
BGW-09,Baghewala-09 (pad B),2024-02-06T00:00:00,2,production,53.68,12.42,667.52,17.78,8.51,14.96,440.58,6.119,7.63,72.0,48.0,True,False,46.81,9.36,56.17,1584.69,2.38,5.22,71.11,0.86,93.29,0,0,0,194.74,8.11,1124.81,1.5,4.161,0.563,0.435
BGW-09,Baghewala-09 (pad B),2024-02-07T00:00:00,2,production,53.58,12.35,726.39,17.61,8.46,15.97,441.61,6.134,7.41,72.0,48.0,True,False,43.27,8.65,51.92,1627.96,2.42,5.96,72.77,0.754,96.98,0,0,0,190.96,7.96,1126.95,1.5,4.413,0.655,0.467
BGW-09,Baghewala-09 (pad B),2024-02-08T00:00:00,2,production,53.43,12.67,689.67,17.8,8.59,16.82,435.56,6.049,7.53,72.0,48.0,True,False,45.56,9.11,54.67,1673.51,2.39,5.35,66.91,0.786,91.51,0,1,0,194.4,8.1,1112.23,1.5,4.267,0.582,0.403
BGW-09,Baghewala-09 (pad B),2024-02-09T00:00:00,2,production,53.33,12.5,733.49,17.72,8.49,16.05,460.92,6.402,7.79,72.0,48.0,True,False,41.33,8.27,49.6,1714.85,2.37,6.1,67.5,0.746,96.66,0,0,0,198.7,8.28,1176.15,1.5,4.807,0.663,0.467
BGW-09,Baghewala-09 (pad B),2024-02-10T00:00:00,2,production,53.28,12.9,603.88,18.35,8.58,16.73,446.08,6.196,7.66,72.0,48.0,True,False,50.28,10.06,60.34,1765.13,2.38,5.6,62.02,0.842,89.97,0,0,0,205.75,8.57,1139.9,1.5,4.092,0.467,0.335
BGW-09,Baghewala-09 (pad B),2024-02-11T00:00:00,2,production,53.18,12.62,631.57,18.02,8.46,18.03,448.25,6.226,7.98,72.0,48.0,True,False,45.68,9.14,54.82,1810.81,2.48,5.23,63.3,0.817,95.18,0,0,0,190.11,7.92,1143.43,1.5,4.162,0.528,0.399
BGW-09,Baghewala-09 (pad B),2024-02-12T00:00:00,2,production,53.1,12.59,692.53,17.71,8.2,17.62,433.59,6.022,8.11,72.0,48.0,True,False,40.99,8.2,49.18,1851.79,2.43,5.68,63.89,0.779,97.32,0,0,0,197.31,8.22,1107.64,1.5,4.814,0.615,0.468
BGW-09,Baghewala-09 (pad B),2024-02-13T00:00:00,2,production,52.99,12.83,684.46,17.82,8.49,18.04,452.25,6.281,7.57,72.0,48.0,True,False,38.08,7.62,45.7,1889.88,2.4,5.49,61.64,0.789,96.25,0,0,0,193.84,8.08,1153.88,1.5,5.09,0.599,0.459
BGW-09,Baghewala-09 (pad B),2024-02-14T00:00:00,2,production,52.89,12.45,612.13,18.32,8.71,15.44,442.92,6.152,7.09,72.0,48.0,True,False,46.97,9.39,56.37,1936.85,2.34,6.27,68.69,0.777,96.49,0,0,0,198.36,8.26,1131.11,1.5,4.223,0.51,0.374
BGW-09,Baghewala-09 (pad B),2024-02-15T00:00:00,2,production,52.81,12.4,700.61,17.97,8.44,16.51,435.47,6.048,7.26,72.0,48.0,True,False,44.75,8.95,53.7,1981.61,2.36,4.9,61.38,0.821,94.36,0,0,0,185.17,7.72,1110.9,1.5,4.138,0.61,0.441
BGW-09,Baghewala-09 (pad B),2024-02-16T00:00:00,2,production,52.77,12.25,670.39,17.96,8.6,19.33,457.3,6.351,8.08,72.0,48.0,True,False,41.49,8.3,49.79,2023.1,2.45,4.97,61.74,0.783,97.91,0,0,0,186.24,7.76,1165.61,1.5,4.488,0.59,0.391
BGW-09,Baghewala-09 (pad B),2024-02-17T00:00:00,2,production,52.69,12.45,724.79,17.72,8.02,17.74,455.1,6.321,7.81,72.0,48.0,True,False,40.81,8.16,48.97,2063.91,2.46,5.51,60.14,0.758,96.94,0,0,0,197.89,8.25,1161.5,1.5,4.849,0.653,0.484
BGW-09,Baghewala-09 (pad B),2024-02-18T00:00:00,2,production,52.66,12.26,688.47,17.93,8.69,16.54,456.97,6.347,7.68,72.0,48.0,True,False,45.05,9.01,54.06,2108.96,2.48,5.22,66.31,0.794,95.14,0,0,0,198.16,8.26,1166.2,1.5,4.399,0.599,0.437
BGW-09,Baghewala-09 (pad B),2024-02-19T00:00:00,2,production,52.56,12.41,696.42,17.97,8.49,17.98,496.58,6.897,7.67,72.0,48.0,True,False,47.8,9.56,57.37,2156.76,2.35,4.71,72.08,0.821,90.35,0,0,0,200.72,8.36,1265.54,1.5,4.199,0.585,0.393
BGW-09,Baghewala-09 (pad B),2024-02-20T00:00:00,2,production,52.51,12.23,723.47,17.79,8.68,16.78,458.32,6.365,7.93,72.0,48.0,True,False,40.89,8.18,49.06,2197.65,2.41,5.19,56.77,0.741,96.83,0,0,0,197.66,8.24,1169.51,1.5,4.834,0.651,0.469
BGW-09,Baghewala-09 (pad B),2024-02-21T00:00:00,2,production,52.41,12.34,496.76,19.03,8.62,18.07,450.44,6.256,7.14,72.0,48.0,True,False,58.87,11.77,70.64,2256.51,2.38,6.39,59.68,0.836,86.53,0,0,0,203.86,8.49,1150.58,1.5,3.463,0.316,0.235
BGW-09,Baghewala-09 (pad B),2024-02-22T00:00:00,2,production,52.32,13.04,657.32,18.23,8.41,16.86,440.68,6.121,7.36,72.0,48.0,True,False,41.5,8.3,49.8,2298.01,2.29,5.79,71.82,0.798,94.35,0,0,0,187.33,7.81,1124.19,1.5,4.514,0.556,0.43
BGW-09,Baghewala-09 (pad B),2024-02-23T00:00:00,2,production,52.23,12.54,755.6,17.76,8.36,18.07,456.64,6.342,6.9,72.0,48.0,True,False,38.77,7.75,46.53,2336.78,2.41,5.11,66.92,0.763,93.37,0,0,0,195.67,8.15,1165.08,1.5,5.047,0.674,0.47
BGW-09,Baghewala-09 (pad B),2024-02-24T00:00:00,2,production,52.21,11.73,678.02,18.09,8.39,18.28,449.6,6.245,7.54,72.0,48.0,True,False,43.5,8.7,52.2,2380.28,2.46,5.53,61.2,0.815,93.73,0,0,0,194.12,8.09,1147.31,1.5,4.463,0.579,0.397
BGW-09,Baghewala-09 (pad B),2024-02-25T00:00:00,2,production,52.12,12.64,728.94,17.93,8.59,17.39,441.15,6.127,7.37,72.0,48.0,True,True,37.55,7.51,45.06,2417.83,2.32,5.77,68.03,0.751,102.61,0,0,0,192.35,8.01,1125.95,1.5,5.123,0.687,0.532
BGW-09,Baghewala-09 (pad B),2024-02-26T00:00:00,2,production,51.98,12.37,664.14,18.29,8.74,17.55,447.66,6.218,6.61,72.0,48.0,True,True,41.94,8.39,50.32,2459.76,2.25,5.9,61.96,0.79,96.63,0,0,0,196.21,8.18,1142.7,1.5,4.679,0.576,0.448
BGW-09,Baghewala-09 (pad B),2024-02-27T00:00:00,2,production,51.92,12.43,623.77,18.46,8.69,15.95,439.11,6.099,7.6,72.0,48.0,True,True,46.36,9.27,55.64,2506.13,2.56,5.8,64.0,0.836,95.96,0,0,0,196.71,8.2,1121.37,1.5,4.243,0.522,0.403
BGW-09,Baghewala-09 (pad B),2024-02-28T00:00:00,2,production,51.86,12.19,718.1,17.96,8.34,19.15,446.73,6.205,8.39,72.0,48.0,True,True,40.52,8.1,48.63,2546.65,2.25,5.75,71.69,0.777,95.09,0,0,0,197.08,8.21,1140.46,1.5,4.863,0.636,0.445
BGW-09,Baghewala-09 (pad B),2024-02-29T00:00:00,3,production,50.25,12.83,744.98,18.14,8.93,17.28,454.66,6.315,6.82,72.0,48.0,True,True,39.54,7.91,47.45,2586.19,2.39,6.07,59.61,0.761,98.74,0,0,0,192.58,8.02,1159.76,1.5,4.87,0.687,0.495
BGW-09,Baghewala-09 (pad B),2024-03-01T00:00:00,3,injection,51.71,12.02,811.91,17.46,8.8,17.47,464.16,7.259,7.1,63.94,48.9,False,False,36.6,7.32,43.92,2622.79,2.47,4.42,71.1,0.743,97.19,0,0,0,185.5,7.73,1182.67,1.5,5.069,0.763,0.533
BGW-09,Baghewala-09 (pad B),2024-03-02T00:00:00,3,injection,53.26,12.79,657.67,17.98,8.38,17.64,425.42,6.065,7.83,70.14,49.1,False,False,40.64,8.13,48.77,2663.43,2.25,4.96,64.22,0.825,91.91,0,1,0,200.94,8.37,1087.66,1.5,4.944,0.544,0.434
BGW-09,Baghewala-09 (pad B),2024-03-03T00:00:00,3,injection,54.72,12.16,700.13,17.51,8.67,17.67,410.46,5.901,7.19,69.56,43.45,False,False,47.29,9.46,56.75,2710.72,2.65,4.72,64.44,0.823,95.09,0,0,0,183.35,7.64,1048.15,1.5,3.877,0.613,0.454
BGW-09,Baghewala-09 (pad B),2024-03-04T00:00:00,3,soak,54.73,12.77,656.38,17.72,8.46,18.44,450.0,6.25,7.55,72.0,48.0,False,False,38.7,7.74,46.44,2749.42,2.41,4.0,60.79,0.913,84.97,0,0,0,185.53,7.73,1147.26,1.5,4.794,0.508,0.355
BGW-09,Baghewala-09 (pad B),2024-03-05T00:00:00,3,soak,54.64,13.23,675.65,17.78,8.07,18.86,450.0,6.25,7.65,72.0,48.0,False,False,39.3,7.86,47.16,2788.71,2.35,4.0,59.4,0.85,91.71,0,0,0,181.35,7.56,1146.76,1.5,4.615,0.566,0.386
BGW-09,Baghewala-09 (pad B),2024-03-06T00:00:00,3,soak,54.58,12.64,658.08,17.74,8.5,19.21,450.0,6.25,6.8,72.0,48.0,False,False,39.33,7.87,47.2,2828.04,2.4,4.0,77.09,0.882,87.19,0,0,0,176.89,7.37,1146.23,1.5,4.497,0.521,0.338
BGW-09,Baghewala-09 (pad B),2024-03-07T00:00:00,3,production,54.44,12.24,612.18,18.09,8.33,18.08,432.77,6.011,7.28,72.0,48.0,True,False,46.57,9.31,55.89,2874.62,2.48,5.47,57.91,0.85,91.09,0,0,0,197.05,8.21,1105.57,1.5,4.231,0.483,0.326
BGW-09,Baghewala-09 (pad B),2024-03-08T00:00:00,3,production,54.36,12.74,531.43,18.41,8.5,17.58,433.27,6.018,7.09,72.0,48.0,True,False,52.27,10.45,62.73,2926.89,2.17,5.22,67.17,0.881,88.85,0,0,0,185.11,7.71,1105.38,1.5,3.541,0.371,0.27
BGW-09,Baghewala-09 (pad B),2024-03-09T00:00:00,3,production,54.32,12.52,649.08,17.99,8.32,18.08,434.71,6.038,7.72,72.0,48.0,True,False,45.1,9.02,54.12,2971.99,2.48,4.35,63.69,0.914,93.14,0,0,0,182.18,7.59,1108.64,1.5,4.039,0.54,0.382
BGW-09,Baghewala-09 (pad B),2024-03-10T00:00:00,3,production,54.24,12.72,566.3,18.43,8.92,20.28,416.31,5.782,8.09,72.0,48.0,True,False,49.76,9.95,59.71,3021.75,2.45,4.99,58.24,0.882,89.84,0,0,0,187.27,7.8,1063.26,1.5,3.764,0.42,0.291
BGW-09,Baghewala-09 (pad B),2024-03-11T00:00:00,3,production,54.14,12.2,644.54,18.05,8.54,18.29,426.17,5.919,8.35,72.0,48.0,True,False,44.53,8.91,53.44,3066.29,2.49,6.06,59.86,0.773,93.68,0,0,0,195.6,8.15,1088.9,1.5,4.392,0.537,0.41
BGW-09,Baghewala-09 (pad B),2024-03-12T00:00:00,3,production,54.04,11.8,540.36,18.49,8.31,18.75,472.9,6.568,7.58,72.0,48.0,True,False,49.38,9.88,59.25,3115.67,2.34,5.37,71.81,0.863,88.13,0,0,0,196.75,8.2,1205.86,1.5,3.985,0.379,0.261
BGW-09,Baghewala-09 (pad B),2024-03-13T00:00:00,3,production,53.89,12.64,696.47,17.7,8.5,19.32,447.41,6.214,7.31,72.0,48.0,True,False,41.56,8.31,49.88,3157.23,2.56,5.66,65.23,0.755,98.95,0,0,0,196.71,8.2,1142.13,1.5,4.733,0.628,0.485
BGW-09,Baghewala-09 (pad B),2024-03-14T00:00:00,3,production,53.81,12.43,656.74,17.87,8.5,18.12,442.25,6.142,7.89,72.0,48.0,True,False,50.08,10.02,60.09,3207.31,2.42,6.59,57.28,0.749,98.88,0,0,0,202.38,8.43,1129.9,1.5,4.041,0.583,0.443
BGW-09,Baghewala-09 (pad B),2024-03-15T00:00:00,3,production,53.64,12.61,654.16,18.0,8.68,16.62,434.02,6.028,7.2,72.0,48.0,True,False,50.78,10.16,60.94,3258.09,2.32,5.34,70.21,0.823,92.33,0,0,0,192.09,8.0,1108.11,1.5,3.783,0.542,0.382
BGW-09,Baghewala-09 (pad B),2024-03-16T00:00:00,3,production,53.53,12.94,648.1,18.01,8.69,17.4,435.04,6.042,7.59,72.0,48.0,True,False,45.3,9.06,54.36,3303.39,2.31,5.16,64.89,0.798,90.51,0,0,0,193.95,8.08,1110.88,1.5,4.281,0.525,0.38
BGW-09,Baghewala-09 (pad B),2024-03-17T00:00:00,3,production,53.47,12.33,658.09,17.98,8.72,17.42,441.0,6.125,7.51,72.0,48.0,True,False,44.73,8.95,53.68,3348.12,2.29,5.68,68.95,0.791,92.95,0,0,0,198.37,8.27,1126.31,1.5,4.435,0.55,0.389
BGW-09,Baghewala-09 (pad B),2024-03-18T00:00:00,3,production,53.37,12.46,599.49,18.32,8.26,17.45,464.99,6.458,7.45,72.0,48.0,True,False,53.2,10.64,63.84,3401.32,2.53,6.13,66.4,0.836,92.55,0,0,0,193.62,8.07,1185.7,1.5,3.64,0.475,0.367
BGW-09,Baghewala-09 (pad B),2024-03-19T00:00:00,3,production,53.24,12.71,633.88,18.06,8.54,20.13,402.28,5.587,7.47,72.0,48.0,True,False,41.75,8.35,50.1,3443.07,2.39,5.83,72.92,0.792,97.47,0,0,0,189.97,7.92,1028.5,1.5,4.55,0.542,0.43
BGW-09,Baghewala-09 (pad B),2024-03-20T00:00:00,3,production,53.14,12.62,618.86,18.29,8.83,21.9,409.94,5.694,7.44,72.0,48.0,True,False,49.45,9.89,59.34,3492.52,2.45,5.92,64.39,0.816,100.15,0,0,0,198.63,8.28,1048.68,1.5,4.017,0.537,0.473
BGW-09,Baghewala-09 (pad B),2024-03-21T00:00:00,3,production,53.03,12.12,647.51,18.01,8.61,19.17,480.93,6.68,8.0,72.0,48.0,True,False,39.44,7.89,47.33,3531.96,2.32,4.36,64.2,0.873,90.67,0,0,0,179.42,7.48,1223.84,1.5,4.549,0.525,0.336
BGW-09,Baghewala-09 (pad B),2024-03-22T00:00:00,3,production,53.03,12.79,636.08,18.23,8.31,19.2,469.34,6.519,7.44,72.0,48.0,True,False,52.09,10.42,62.51,3584.06,2.55,5.78,69.19,0.846,92.31,0,0,0,191.87,7.99,1196.38,1.5,3.683,0.519,0.358
BGW-09,Baghewala-09 (pad B),2024-03-23T00:00:00,3,production,52.91,11.9,670.6,18.03,8.24,19.15,454.21,6.308,7.24,72.0,48.0,True,False,46.52,9.3,55.83,3630.58,2.27,5.79,59.16,0.821,91.07,0,0,0,195.45,8.14,1158.97,1.5,4.201,0.556,0.376
BGW-09,Baghewala-09 (pad B),2024-03-24T00:00:00,3,production,52.82,12.78,667.9,18.19,8.93,20.49,447.88,6.221,7.55,72.0,48.0,True,False,48.02,9.6,57.63,3678.6,2.33,5.77,72.91,0.794,96.42,0,0,0,185.45,7.73,1141.96,1.5,3.862,0.579,0.466
BGW-09,Baghewala-09 (pad B),2024-03-25T00:00:00,3,production,52.69,12.05,682.51,18.04,8.42,19.16,455.53,6.327,7.19,72.0,48.0,True,False,47.73,9.55,57.28,3726.33,2.5,4.71,62.21,0.864,96.38,0,0,0,186.4,7.77,1161.19,1.5,3.905,0.598,0.431
BGW-09,Baghewala-09 (pad B),2024-03-26T00:00:00,3,production,52.58,12.3,796.49,17.35,8.81,20.14,439.94,6.11,7.83,72.0,48.0,True,True,38.99,7.8,46.79,3765.32,2.62,5.43,62.36,0.761,101.22,0,0,0,187.85,7.83,1122.4,1.5,4.818,0.764,0.564
BGW-09,Baghewala-09 (pad B),2024-03-27T00:00:00,3,production,52.46,12.75,684.5,18.07,8.52,18.58,491.85,6.831,7.46,72.0,48.0,True,True,42.2,8.44,50.64,3807.52,2.3,5.8,74.61,0.78,97.67,0,0,0,202.43,8.43,1253.93,1.5,4.797,0.606,0.436
BGW-09,Baghewala-09 (pad B),2024-03-28T00:00:00,3,production,52.37,12.91,650.31,18.21,8.89,22.82,427.27,5.934,7.87,72.0,48.0,True,True,45.68,9.14,54.82,3853.2,2.47,5.59,67.2,0.788,93.35,0,0,0,185.04,7.71,1090.37,1.5,4.051,0.542,0.409
BGW-09,Baghewala-09 (pad B),2024-03-29T00:00:00,3,production,52.35,12.63,785.12,17.56,8.53,21.42,415.3,5.768,7.37,72.0,48.0,True,True,42.0,8.4,50.4,3895.21,2.57,5.97,57.22,0.721,100.68,0,0,0,193.84,8.08,1061.52,1.5,4.615,0.747,0.563
BGW-09,Baghewala-09 (pad B),2024-03-30T00:00:00,4,production,50.82,12.04,731.53,17.94,8.59,19.21,446.76,6.205,7.75,72.0,48.0,True,True,39.91,7.98,47.89,3935.12,2.54,4.93,60.88,0.785,99.32,0,0,0,197.13,8.21,1140.56,1.5,4.94,0.673,0.509
BGW-09,Baghewala-09 (pad B),2024-03-31T00:00:00,4,injection,52.52,13.03,748.48,17.79,8.4,19.87,448.61,7.263,7.15,61.77,49.08,False,False,39.06,7.81,46.87,3974.18,2.45,4.22,62.22,0.83,93.44,0,0,0,181.23,7.55,1143.26,1.5,4.64,0.665,0.481
BGW-09,Baghewala-09 (pad B),2024-04-01T00:00:00,4,injection,54.09,12.6,665.11,17.7,8.38,19.06,432.18,6.131,8.13,70.5,42.69,False,False,42.21,8.44,50.65,4016.39,2.26,4.28,61.56,0.847,94.81,0,0,0,182.46,7.6,1102.35,1.5,4.322,0.568,0.426
BGW-09,Baghewala-09 (pad B),2024-04-02T00:00:00,4,injection,55.82,12.33,585.83,18.13,8.52,19.33,446.69,5.784,7.03,77.23,37.06,False,False,44.7,8.94,53.64,4061.09,2.48,4.1,68.31,0.862,87.02,0,0,0,180.72,7.53,1138.41,1.5,4.043,0.43,0.266
BGW-09,Baghewala-09 (pad B),2024-04-03T00:00:00,4,soak,55.7,12.25,636.56,17.56,8.56,19.25,450.0,6.25,7.69,72.0,48.0,False,False,45.76,9.15,54.91,4106.84,2.36,4.0,71.08,0.886,86.97,0,0,0,184.37,7.68,1147.12,1.5,4.029,0.493,0.341
BGW-09,Baghewala-09 (pad B),2024-04-04T00:00:00,4,soak,55.64,13.35,559.44,18.35,8.89,20.26,450.0,6.25,7.2,72.0,48.0,False,False,53.49,10.7,64.19,4160.33,2.49,4.0,60.11,0.897,88.02,0,0,0,184.11,7.67,1147.09,1.5,3.442,0.402,0.296
BGW-09,Baghewala-09 (pad B),2024-04-05T00:00:00,4,soak,55.51,12.39,581.73,18.24,8.44,20.59,450.0,6.25,7.9,72.0,48.0,False,False,46.83,9.37,56.19,4207.16,2.26,4.0,64.41,0.897,84.76,0,0,0,186.25,7.76,1147.35,1.5,3.978,0.413,0.265
BGW-09,Baghewala-09 (pad B),2024-04-06T00:00:00,4,production,55.44,12.06,596.97,18.0,8.79,19.52,469.13,6.516,6.64,72.0,48.0,True,False,54.91,10.98,65.89,4262.07,2.35,5.85,63.11,0.813,89.59,0,0,0,197.24,8.22,1196.49,1.5,3.592,0.457,0.314
BGW-09,Baghewala-09 (pad B),2024-04-07T00:00:00,4,production,55.32,12.57,535.15,18.45,8.34,18.32,444.58,6.175,6.35,72.0,48.0,True,False,54.98,11.0,65.98,4317.05,2.44,5.09,55.99,0.88,86.37,0,0,0,190.16,7.92,1134.27,1.5,3.459,0.363,0.234
BGW-09,Baghewala-09 (pad B),2024-04-08T00:00:00,4,production,55.21,12.82,650.34,17.71,8.53,19.59,472.74,6.566,7.12,72.0,48.0,True,False,48.98,9.8,58.77,4366.03,2.45,4.81,59.67,0.848,89.46,0,0,0,179.47,7.48,1203.4,1.5,3.664,0.523,0.348
BGW-09,Baghewala-09 (pad B),2024-04-09T00:00:00,4,production,55.14,12.9,620.25,17.79,8.33,20.6,433.27,6.018,6.78,72.0,48.0,True,False,47.46,9.49,56.95,4413.49,2.54,6.05,65.05,0.801,94.07,0,0,0,199.09,8.3,1107.07,1.5,4.195,0.508,0.38
BGW-09,Baghewala-09 (pad B),2024-04-10T00:00:00,4,production,55.12,12.69,634.08,17.8,8.18,20.63,433.58,6.022,7.54,72.0,48.0,True,False,47.78,9.56,57.33,4461.27,2.46,5.11,70.1,0.849,96.01,0,1,0,186.6,7.78,1106.33,1.5,3.906,0.535,0.403
BGW-09,Baghewala-09 (pad B),2024-04-11T00:00:00,4,production,54.98,12.38,578.55,18.2,8.34,20.91,479.11,6.654,7.85,72.0,48.0,True,False,57.57,11.51,69.08,4518.84,2.33,5.4,52.49,0.854,91.59,0,0,0,192.51,8.02,1220.88,1.5,3.344,0.444,0.365
BGW-09,Baghewala-09 (pad B),2024-04-12T00:00:00,4,production,54.85,12.85,645.44,17.7,8.41,18.98,433.64,6.023,7.42,72.0,48.0,True,False,39.5,7.9,47.4,4558.34,2.43,5.19,62.01,0.827,94.88,0,0,0,192.63,8.03,1107.22,1.5,4.877,0.544,0.412
BGW-09,Baghewala-09 (pad B),2024-04-13T00:00:00,4,production,54.87,12.03,622.75,17.89,8.63,19.4,489.16,6.794,7.09,72.0,48.0,True,False,57.38,11.48,68.85,4615.71,2.35,5.79,74.77,0.819,89.71,0,0,0,201.54,8.4,1247.09,1.5,3.513,0.49,0.334
BGW-09,Baghewala-09 (pad B),2024-04-14T00:00:00,4,production,54.83,13.01,609.53,17.92,8.74,20.01,467.88,6.498,7.05,72.0,48.0,True,False,50.52,10.1,60.63,4666.24,2.65,5.05,63.5,0.836,91.44,0,0,0,188.42,7.85,1192.3,1.5,3.729,0.482,0.346
BGW-09,Baghewala-09 (pad B),2024-04-15T00:00:00,4,production,54.8,12.68,526.17,18.42,8.35,20.14,452.25,6.281,7.64,72.0,48.0,True,False,50.62,10.12,60.75,4716.86,2.27,5.01,52.53,0.852,84.68,0,0,0,190.73,7.95,1153.51,1.5,3.768,0.344,0.25
BGW-09,Baghewala-09 (pad B),2024-04-16T00:00:00,4,production,54.69,12.28,680.19,17.33,8.69,21.24,449.97,6.25,7.48,72.0,48.0,True,False,47.43,9.49,56.92,4764.29,2.43,5.34,65.1,0.789,95.73,0,0,0,185.3,7.72,1147.16,1.5,3.907,0.591,0.41
BGW-09,Baghewala-09 (pad B),2024-04-17T00:00:00,4,production,54.56,12.3,625.08,17.95,8.34,20.78,452.61,6.286,7.49,72.0,48.0,True,False,43.03,8.61,51.63,4807.32,2.27,6.18,58.55,0.772,95.73,0,0,0,204.63,8.53,1156.08,1.5,4.756,0.522,0.418
BGW-09,Baghewala-09 (pad B),2024-04-18T00:00:00,4,production,54.45,12.26,546.85,18.49,8.68,19.13,456.85,6.345,7.32,72.0,48.0,True,False,56.66,11.33,67.99,4863.97,2.22,6.21,62.57,0.8,90.21,0,0,0,200.14,8.34,1166.14,1.5,3.532,0.397,0.306
BGW-09,Baghewala-09 (pad B),2024-04-19T00:00:00,4,production,54.37,12.74,602.29,18.22,8.59,18.48,480.87,6.679,7.34,72.0,48.0,True,False,61.13,12.23,73.35,4925.1,2.63,5.58,59.01,0.804,96.46,0,0,0,197.21,8.22,1225.85,1.5,3.226,0.498,0.379
BGW-09,Baghewala-09 (pad B),2024-04-20T00:00:00,4,production,54.3,12.54,660.38,17.87,8.41,20.73,477.25,6.628,6.93,72.0,48.0,True,False,51.97,10.39,62.37,4977.07,2.33,6.31,70.68,0.79,92.49,0,0,0,202.85,8.45,1217.47,1.5,3.903,0.55,0.388
BGW-09,Baghewala-09 (pad B),2024-04-21T00:00:00,4,production,54.17,12.32,633.86,17.93,8.34,21.19,446.12,6.196,8.74,72.0,48.0,True,False,48.78,9.76,58.54,5025.85,2.61,5.27,56.55,0.847,98.26,0,0,0,196.75,8.2,1138.91,1.5,4.033,0.546,0.449
BGW-09,Baghewala-09 (pad B),2024-04-22T00:00:00,4,production,54.06,12.75,594.13,18.18,8.5,19.86,438.14,6.085,7.89,72.0,48.0,True,False,52.48,10.5,62.97,5078.33,2.51,6.23,63.86,0.84,92.13,0,0,0,197.63,8.23,1119.06,1.5,3.766,0.466,0.346
BGW-09,Baghewala-09 (pad B),2024-04-23T00:00:00,4,production,54.02,11.73,586.56,18.22,8.3,23.06,449.23,6.239,7.55,72.0,48.0,True,False,54.01,10.8,64.81,5132.33,2.52,5.59,57.57,0.812,91.84,0,0,0,191.05,7.96,1145.99,1.5,3.538,0.455,0.347
BGW-09,Baghewala-09 (pad B),2024-04-24T00:00:00,4,production,53.9,12.32,598.16,18.26,8.31,20.62,402.47,5.59,7.39,72.0,48.0,True,False,49.11,9.82,58.93,5181.44,2.45,5.5,74.28,0.834,90.24,0,0,0,185.75,7.74,1028.46,1.5,3.782,0.461,0.331
BGW-09,Baghewala-09 (pad B),2024-04-25T00:00:00,4,production,53.76,12.75,602.59,18.29,8.77,22.32,440.1,6.112,7.31,72.0,48.0,True,True,54.3,10.86,65.16,5235.74,2.43,5.0,67.99,0.871,90.07,0,0,0,192.44,8.02,1123.34,1.5,3.544,0.466,0.322
BGW-09,Baghewala-09 (pad B),2024-04-26T00:00:00,4,production,53.71,13.33,538.89,18.6,8.33,21.43,467.12,6.488,6.85,72.0,48.0,True,True,53.83,10.77,64.6,5289.57,2.33,5.85,64.05,0.839,90.72,0,0,0,202.23,8.43,1192.07,1.5,3.757,0.39,0.293
BGW-09,Baghewala-09 (pad B),2024-04-27T00:00:00,4,production,53.57,12.25,699.42,17.58,8.63,23.06,475.74,6.607,7.43,72.0,48.0,True,True,45.48,9.1,54.57,5335.05,2.38,5.53,68.22,0.789,96.38,0,0,0,193.03,8.04,1212.51,1.5,4.244,0.619,0.469
BGW-09,Baghewala-09 (pad B),2024-04-28T00:00:00,4,production,53.43,13.54,800.42,17.19,8.58,19.33,468.64,6.509,7.49,72.0,48.0,True,True,46.85,9.37,56.22,5381.9,2.4,5.38,63.5,0.761,103.02,0,0,0,199.38,8.31,1195.51,1.5,4.256,0.778,0.592
BGW-09,Baghewala-09 (pad B),2024-04-29T00:00:00,5,production,51.8,12.48,743.16,17.85,8.37,21.87,417.0,5.792,7.32,72.0,48.0,True,True,39.78,7.96,47.74,5421.68,2.51,5.64,69.73,0.735,97.39,0,0,0,186.62,7.78,1064.88,1.5,4.691,0.678,0.497
BGW-09,Baghewala-09 (pad B),2024-04-30T00:00:00,5,injection,53.65,12.87,650.83,18.17,8.45,21.55,519.11,6.821,7.83,76.1,38.62,False,False,46.4,9.28,55.69,5468.09,2.42,4.52,61.38,0.855,92.34,0,0,0,193.43,8.06,1320.98,1.5,4.168,0.538,0.38
BGW-09,Baghewala-09 (pad B),2024-05-01T00:00:00,5,injection,54.97,12.31,490.46,18.9,8.33,22.9,408.84,4.535,6.69,90.15,48.85,False,False,51.41,10.28,61.7,5519.5,2.23,5.02,62.48,0.872,78.89,0,0,0,187.05,7.79,1044.54,1.5,3.638,0.27,0.155
BGW-09,Baghewala-09 (pad B),2024-05-02T00:00:00,5,injection,56.52,12.72,652.48,17.58,8.99,20.35,448.04,4.955,7.35,90.42,48.49,False,False,58.54,11.71,70.25,5578.05,2.64,5.07,55.61,0.855,93.61,0,0,0,202.08,8.42,1144.35,1.5,3.452,0.546,0.405
BGW-09,Baghewala-09 (pad B),2024-05-03T00:00:00,5,soak,56.38,12.58,581.71,17.97,8.2,19.76,450.0,6.25,7.21,72.0,48.0,False,False,48.96,9.79,58.76,5627.01,2.19,4.0,64.66,0.88,87.24,0,0,0,179.84,7.49,1146.58,1.5,3.673,0.426,0.321
BGW-09,Baghewala-09 (pad B),2024-05-04T00:00:00,5,soak,56.24,12.19,557.3,18.27,8.39,22.16,450.0,6.25,7.57,72.0,48.0,False,False,54.29,10.86,65.15,5681.3,2.46,4.0,70.9,0.881,87.0,0,0,0,190.1,7.92,1147.81,1.5,3.502,0.394,0.235
BGW-09,Baghewala-09 (pad B),2024-05-05T00:00:00,5,soak,56.13,12.42,537.69,18.38,8.33,20.92,450.0,6.25,7.84,72.0,48.0,False,False,50.91,10.18,61.1,5732.21,2.37,4.0,65.14,0.857,88.75,0,0,0,188.97,7.87,1147.68,1.5,3.712,0.378,0.283
BGW-09,Baghewala-09 (pad B),2024-05-06T00:00:00,5,production,56.02,11.82,667.99,17.56,8.26,20.84,436.43,6.062,7.27,72.0,48.0,True,False,47.63,9.53,57.16,5779.84,2.5,5.59,62.74,0.799,97.45,0,0,0,193.29,8.05,1114.28,1.5,4.058,0.585,0.412
BGW-09,Baghewala-09 (pad B),2024-05-07T00:00:00,5,production,55.94,12.23,609.69,17.86,8.31,21.15,483.7,6.718,7.81,72.0,48.0,True,False,59.96,11.99,71.96,5839.81,2.63,5.65,69.85,0.849,94.37,0,0,0,192.96,8.04,1232.41,1.5,3.218,0.496,0.361
BGW-09,Baghewala-09 (pad B),2024-05-08T00:00:00,5,production,55.88,13.16,615.39,17.77,8.63,20.81,412.28,5.726,7.16,72.0,48.0,True,False,51.02,10.2,61.23,5890.83,2.4,4.74,58.92,0.889,89.17,0,0,0,181.59,7.57,1052.5,1.5,3.559,0.478,0.314
BGW-09,Baghewala-09 (pad B),2024-05-09T00:00:00,5,production,55.78,12.5,558.8,18.2,8.55,23.35,454.19,6.308,7.66,72.0,48.0,True,False,55.19,11.04,66.23,5946.02,2.4,5.39,59.24,0.885,90.29,0,0,0,195.33,8.14,1158.92,1.5,3.539,0.412,0.322
BGW-09,Baghewala-09 (pad B),2024-05-10T00:00:00,5,production,55.68,12.42,565.44,18.12,8.14,18.9,419.8,5.831,7.17,72.0,48.0,True,False,51.33,10.27,61.59,5997.35,2.46,5.35,61.9,0.86,90.24,0,0,0,193.95,8.08,1072.78,1.5,3.779,0.42,0.308
BGW-09,Baghewala-09 (pad B),2024-05-11T00:00:00,5,production,55.55,12.18,575.97,18.25,8.34,22.05,460.41,6.395,7.3,72.0,48.0,True,False,58.62,11.72,70.34,6055.96,2.53,5.53,72.71,0.858,89.88,0,0,0,197.05,8.21,1174.66,1.5,3.362,0.432,0.355
BGW-09,Baghewala-09 (pad B),2024-05-12T00:00:00,5,production,55.49,12.44,598.27,17.97,8.56,21.95,461.31,6.407,7.73,72.0,48.0,True,False,47.04,9.41,56.44,6103.0,2.53,4.85,68.7,0.883,87.53,0,0,0,190.17,7.92,1176.09,1.5,4.043,0.448,0.303
BGW-09,Baghewala-09 (pad B),2024-05-13T00:00:00,5,production,55.32,12.14,597.28,18.22,8.44,22.51,448.94,6.235,7.69,72.0,48.0,True,False,53.59,10.72,64.3,6156.59,2.51,6.26,53.12,0.797,92.32,0,0,0,198.46,8.27,1146.17,1.5,3.703,0.471,0.34
BGW-09,Baghewala-09 (pad B),2024-05-14T00:00:00,5,production,55.25,12.85,579.01,18.17,8.36,22.76,471.59,6.55,7.65,72.0,48.0,True,False,54.62,10.92,65.54,6211.21,2.47,6.33,64.13,0.823,92.97,0,0,0,195.65,8.15,1202.46,1.5,3.582,0.451,0.355
BGW-09,Baghewala-09 (pad B),2024-05-15T00:00:00,5,production,55.14,12.71,588.82,18.29,8.55,22.72,432.39,6.005,8.2,72.0,48.0,True,False,49.03,9.81,58.83,6260.23,2.3,5.97,59.7,0.835,92.56,0,0,0,188.08,7.84,1103.55,1.5,3.836,0.461,0.338
BGW-09,Baghewala-09 (pad B),2024-05-16T00:00:00,5,production,55.21,12.46,530.96,18.51,8.22,23.21,449.46,6.243,7.47,72.0,48.0,True,False,59.71,11.94,71.65,6319.94,2.39,5.23,76.33,0.878,85.15,0,0,0,188.4,7.85,1146.26,1.5,3.155,0.352,0.248
BGW-09,Baghewala-09 (pad B),2024-05-17T00:00:00,5,production,55.1,12.36,572.03,18.24,8.1,22.45,457.79,6.358,7.56,72.0,48.0,True,False,56.53,11.31,67.83,6376.47,2.52,5.81,66.21,0.834,91.04,0,0,0,202.76,8.45,1168.81,1.5,3.587,0.433,0.275
BGW-09,Baghewala-09 (pad B),2024-05-18T00:00:00,5,production,55.05,12.29,582.52,18.13,8.69,21.95,461.77,6.414,8.08,72.0,48.0,True,False,61.83,12.37,74.19,6438.3,2.49,5.62,69.61,0.848,91.95,0,0,0,201.18,8.38,1178.58,1.5,3.254,0.45,0.355
BGW-09,Baghewala-09 (pad B),2024-05-19T00:00:00,5,production,54.95,12.65,565.68,18.35,8.79,21.2,464.35,6.449,6.9,72.0,48.0,True,False,48.39,9.68,58.07,6486.69,2.37,5.35,54.54,0.845,91.52,0,0,0,191.93,8.0,1183.9,1.5,3.966,0.427,0.318
BGW-09,Baghewala-09 (pad B),2024-05-20T00:00:00,5,production,54.83,12.5,671.2,17.74,8.69,21.06,440.48,6.118,7.51,72.0,48.0,True,False,46.9,9.38,56.28,6533.59,2.46,5.54,65.74,0.783,100.54,0,0,0,198.42,8.27,1125.0,1.5,4.23,0.604,0.45
BGW-09,Baghewala-09 (pad B),2024-05-21T00:00:00,5,production,54.73,12.76,667.01,17.67,8.62,20.48,407.81,5.664,7.66,72.0,48.0,True,False,46.34,9.27,55.61,6579.93,2.47,4.83,68.72,0.821,94.66,0,0,0,186.17,7.76,1041.87,1.5,4.017,0.57,0.432
BGW-09,Baghewala-09 (pad B),2024-05-22T00:00:00,5,production,54.66,12.63,600.93,18.06,8.4,22.65,473.56,6.577,7.64,72.0,48.0,True,False,46.49,9.3,55.79,6626.42,2.51,5.49,62.13,0.806,87.88,0,0,0,204.76,8.53,1208.46,1.5,4.404,0.453,0.344
BGW-09,Baghewala-09 (pad B),2024-05-23T00:00:00,5,production,54.61,12.61,585.21,18.19,8.5,21.95,453.4,6.297,7.2,72.0,48.0,True,False,48.92,9.78,58.71,6675.34,2.56,5.08,62.78,0.827,89.0,0,0,0,185.86,7.74,1155.79,1.5,3.799,0.439,0.337
BGW-09,Baghewala-09 (pad B),2024-05-24T00:00:00,5,production,54.55,12.12,665.18,17.62,8.37,21.1,433.42,6.02,6.93,72.0,48.0,True,False,50.94,10.19,61.13,6726.28,2.66,5.62,59.2,0.821,97.65,0,0,0,204.33,8.51,1108.08,1.5,4.011,0.582,0.446
BGW-09,Baghewala-09 (pad B),2024-05-25T00:00:00,5,production,54.47,12.25,638.12,17.84,8.49,23.82,453.84,6.303,7.15,72.0,48.0,True,True,48.8,9.76,58.56,6775.08,2.42,5.65,66.35,0.832,93.45,0,0,0,190.83,7.95,1157.5,1.5,3.91,0.527,0.345
BGW-09,Baghewala-09 (pad B),2024-05-26T00:00:00,5,production,54.41,12.52,627.43,18.06,8.27,21.36,468.56,6.508,7.24,72.0,48.0,True,True,45.93,9.19,55.12,6821.01,2.45,5.37,59.32,0.81,97.56,0,0,0,195.27,8.14,1194.83,1.5,4.252,0.535,0.42
BGW-09,Baghewala-09 (pad B),2024-05-27T00:00:00,5,production,54.36,12.62,672.09,17.71,8.45,21.57,451.86,6.276,7.58,72.0,48.0,True,True,42.06,8.41,50.47,6863.07,2.49,5.86,66.8,0.771,99.48,0,0,0,201.59,8.4,1153.83,1.5,4.793,0.6,0.488
BGW-09,Baghewala-09 (pad B),2024-05-28T00:00:00,5,production,54.33,13.05,699.87,17.63,8.6,23.4,452.17,6.28,7.39,72.0,48.0,True,True,43.15,8.63,51.78,6906.22,2.42,5.45,65.39,0.796,92.32,0,0,0,205.59,8.57,1155.09,1.5,4.765,0.599,0.442
BGW-09,Baghewala-09 (pad B),2024-05-29T00:00:00,6,production,52.73,12.64,727.92,17.78,8.59,20.22,453.0,6.292,7.25,72.0,48.0,True,True,39.8,7.96,47.76,6946.02,2.56,4.8,71.04,0.828,97.01,0,0,0,196.94,8.21,1156.14,1.5,4.948,0.657,0.497
BGW-09,Baghewala-09 (pad B),2024-05-30T00:00:00,6,injection,54.31,12.23,601.37,18.11,8.61,22.53,460.4,6.165,7.83,74.68,53.77,False,False,45.64,9.13,54.77,6991.66,2.28,4.63,63.28,0.847,87.06,0,0,0,192.11,8.0,1174.05,1.5,4.209,0.449,0.333
BGW-09,Baghewala-09 (pad B),2024-05-31T00:00:00,6,injection,55.87,12.35,681.15,17.56,8.72,23.06,467.21,6.292,7.31,74.25,49.81,False,False,46.39,9.28,55.67,7038.05,2.47,4.15,67.48,0.803,90.52,0,0,0,187.72,7.82,1190.56,1.5,4.046,0.567,0.397
BGW-09,Baghewala-09 (pad B),2024-06-01T00:00:00,6,injection,57.46,12.88,574.72,17.78,8.57,23.28,429.94,6.106,6.89,70.42,50.09,False,False,58.08,11.62,69.69,7096.13,2.51,4.13,59.68,0.887,87.68,0,0,0,191.76,7.99,1097.86,1.5,3.302,0.419,0.284
BGW-09,Baghewala-09 (pad B),2024-06-02T00:00:00,6,soak,57.37,12.39,571.85,17.92,8.55,22.47,450.0,6.25,8.04,72.0,48.0,False,False,51.21,10.24,61.45,7147.34,2.44,4.0,73.26,0.886,88.59,0,0,0,179.95,7.5,1146.59,1.5,3.514,0.42,0.316
BGW-09,Baghewala-09 (pad B),2024-06-03T00:00:00,6,soak,57.25,12.44,546.91,18.05,8.73,25.19,450.0,6.25,7.04,72.0,48.0,False,False,52.76,10.55,63.31,7200.1,2.48,4.0,58.92,0.827,82.41,0,0,0,177.37,7.39,1146.28,1.5,3.362,0.358,0.191
BGW-09,Baghewala-09 (pad B),2024-06-04T00:00:00,6,soak,57.11,12.2,567.79,17.89,8.22,22.03,450.0,6.25,6.87,72.0,48.0,False,False,46.41,9.28,55.69,7246.51,2.25,4.0,61.76,0.889,89.44,0,0,0,176.38,7.35,1146.17,1.5,3.8,0.419,0.333
BGW-09,Baghewala-09 (pad B),2024-06-05T00:00:00,6,production,57.07,12.81,514.85,18.38,8.65,23.11,452.69,6.287,7.22,72.0,48.0,True,False,61.91,12.38,74.29,7308.42,2.5,5.21,67.79,0.878,87.08,0,0,0,191.28,7.97,1154.67,1.5,3.089,0.341,0.245
BGW-09,Baghewala-09 (pad B),2024-06-06T00:00:00,6,production,57.0,11.93,590.88,17.87,8.28,23.11,486.42,6.756,7.76,72.0,48.0,True,False,49.93,9.99,59.92,7358.35,2.24,5.36,67.26,0.871,91.25,0,0,0,197.28,8.22,1239.72,1.5,3.951,0.457,0.337
BGW-09,Baghewala-09 (pad B),2024-06-07T00:00:00,6,production,56.9,12.98,559.51,18.03,8.31,21.98,449.97,6.25,7.94,72.0,48.0,True,False,58.15,11.63,69.78,7416.51,2.46,5.41,65.66,0.845,86.88,0,0,0,199.72,8.32,1148.9,1.5,3.434,0.396,0.293
BGW-09,Baghewala-09 (pad B),2024-06-08T00:00:00,6,production,56.82,12.37,663.94,17.28,8.6,23.31,508.36,7.061,7.93,72.0,48.0,True,False,50.36,10.07,60.43,7466.86,2.4,5.6,54.25,0.78,96.34,0,0,0,198.87,8.29,1294.78,1.5,3.949,0.574,0.436
BGW-09,Baghewala-09 (pad B),2024-06-09T00:00:00,6,production,56.76,13.28,544.48,18.28,8.6,22.05,476.29,6.615,7.54,72.0,48.0,True,False,58.79,11.76,70.54,7525.65,2.26,6.26,54.69,0.846,88.4,0,0,0,199.5,8.31,1214.67,1.5,3.394,0.385,0.297
BGW-09,Baghewala-09 (pad B),2024-06-10T00:00:00,6,production,56.67,11.93,551.97,18.14,8.49,22.33,457.53,6.355,7.3,72.0,48.0,True,False,62.07,12.41,74.48,7587.72,2.47,5.23,68.65,0.891,89.48,0,0,0,189.92,7.91,1166.61,1.5,3.06,0.4,0.342
BGW-09,Baghewala-09 (pad B),2024-06-11T00:00:00,6,production,56.61,12.46,558.82,17.9,8.67,24.4,419.62,5.828,8.02,72.0,48.0,True,False,52.83,10.57,63.39,7640.54,2.31,5.33,67.62,0.881,88.45,0,0,0,186.9,7.79,1071.48,1.5,3.538,0.403,0.291
BGW-09,Baghewala-09 (pad B),2024-06-12T00:00:00,6,production,56.52,12.63,538.34,18.35,8.69,22.92,455.13,6.321,8.25,72.0,48.0,True,False,62.59,12.52,75.11,7703.14,2.52,5.08,74.62,0.881,87.0,0,0,0,176.95,7.37,1159.07,1.5,2.827,0.37,0.274
BGW-09,Baghewala-09 (pad B),2024-06-13T00:00:00,6,production,56.38,12.69,622.49,17.7,8.89,22.13,471.55,6.549,6.97,72.0,48.0,True,False,52.08,10.42,62.5,7755.22,2.34,5.75,62.39,0.817,89.37,0,0,0,191.72,7.99,1201.89,1.5,3.681,0.487,0.347
BGW-09,Baghewala-09 (pad B),2024-06-14T00:00:00,6,production,56.28,12.11,595.38,17.97,8.38,24.2,464.36,6.449,7.02,72.0,48.0,True,False,61.14,12.23,73.37,7816.36,2.25,6.49,69.05,0.778,92.74,0,0,0,205.38,8.56,1185.55,1.5,3.359,0.47,0.351
BGW-09,Baghewala-09 (pad B),2024-06-15T00:00:00,6,production,56.15,12.6,656.57,17.62,8.47,23.3,421.54,5.855,7.24,72.0,48.0,True,False,59.61,11.92,71.53,7875.97,2.6,4.95,59.77,0.84,94.36,0,0,0,192.95,8.04,1077.0,1.5,3.237,0.555,0.414
BGW-09,Baghewala-09 (pad B),2024-06-16T00:00:00,6,production,56.09,12.4,605.0,17.9,8.85,22.88,466.11,6.474,7.41,72.0,48.0,True,False,52.31,10.46,62.77,7928.28,2.3,4.94,62.57,0.87,90.38,0,0,0,190.73,7.95,1188.15,1.5,3.646,0.471,0.318
BGW-09,Baghewala-09 (pad B),2024-06-17T00:00:00,6,production,55.96,13.11,553.31,18.11,8.75,24.9,437.1,6.071,7.86,72.0,48.0,True,False,53.43,10.69,64.12,7981.71,2.34,5.13,63.06,0.861,89.43,0,0,0,188.69,7.86,1115.38,1.5,3.531,0.401,0.29
BGW-09,Baghewala-09 (pad B),2024-06-18T00:00:00,6,production,55.87,12.34,546.52,18.2,8.61,22.27,488.11,6.779,7.84,72.0,48.0,True,False,59.7,11.94,71.64,8041.41,2.41,5.84,64.39,0.869,90.8,0,0,0,201.13,8.38,1244.41,1.5,3.369,0.4,0.303
BGW-09,Baghewala-09 (pad B),2024-06-19T00:00:00,6,production,55.72,12.08,644.54,17.55,8.46,26.29,448.31,6.226,7.28,72.0,48.0,True,False,41.54,8.31,49.84,8082.95,2.24,5.18,70.79,0.826,91.77,0,0,0,191.17,7.97,1143.71,1.5,4.602,0.527,0.377
BGW-09,Baghewala-09 (pad B),2024-06-20T00:00:00,6,production,55.65,13.02,569.16,18.13,8.23,23.62,443.03,6.153,8.1,72.0,48.0,True,False,52.24,10.45,62.69,8135.19,2.52,4.67,65.01,0.918,94.11,0,0,0,189.56,7.9,1130.31,1.5,3.629,0.444,0.359
BGW-09,Baghewala-09 (pad B),2024-06-21T00:00:00,6,production,55.57,12.74,665.78,17.54,8.63,25.08,454.31,6.31,7.5,72.0,48.0,True,False,47.5,9.5,56.99,8182.68,2.45,5.27,58.84,0.777,95.74,0,0,0,185.75,7.74,1158.06,1.5,3.911,0.573,0.425
BGW-09,Baghewala-09 (pad B),2024-06-22T00:00:00,6,production,55.49,12.39,568.61,18.25,8.49,22.5,435.54,6.049,7.16,72.0,48.0,True,False,55.81,11.16,66.97,8238.5,2.48,5.45,65.94,0.905,93.32,0,0,0,185.73,7.74,1111.13,1.5,3.328,0.44,0.331
BGW-09,Baghewala-09 (pad B),2024-06-23T00:00:00,6,production,55.35,12.74,554.6,18.29,8.29,23.76,465.86,6.47,7.27,72.0,48.0,True,False,54.77,10.95,65.72,8293.26,2.45,5.28,70.03,0.862,88.59,0,0,0,189.27,7.89,1187.37,1.5,3.456,0.399,0.308
BGW-09,Baghewala-09 (pad B),2024-06-24T00:00:00,6,production,55.21,12.31,491.77,18.72,8.57,24.54,437.93,6.082,7.78,72.0,48.0,True,True,60.17,12.03,72.21,8353.44,2.37,5.27,67.38,0.89,85.57,0,0,0,193.9,8.08,1118.1,1.5,3.222,0.305,0.196
BGW-09,Baghewala-09 (pad B),2024-06-25T00:00:00,6,production,55.03,12.16,605.11,17.93,8.39,24.57,447.04,6.209,7.27,72.0,48.0,True,True,55.93,11.19,67.12,8409.37,2.59,4.86,65.61,0.9,94.03,0,0,0,188.36,7.85,1140.21,1.5,3.368,0.489,0.365
BGW-09,Baghewala-09 (pad B),2024-06-26T00:00:00,6,production,54.91,12.36,651.56,17.66,8.38,23.68,440.69,6.121,7.69,72.0,48.0,True,True,42.18,8.44,50.62,8451.56,2.45,5.14,63.85,0.831,93.18,0,0,0,190.65,7.94,1124.59,1.5,4.52,0.543,0.395
BGW-09,Baghewala-09 (pad B),2024-06-27T00:00:00,6,production,54.8,12.89,658.27,17.83,8.3,24.26,444.58,6.175,7.38,72.0,48.0,True,True,46.34,9.27,55.61,8497.9,2.46,4.59,62.91,0.858,94.3,0,0,0,186.91,7.79,1133.87,1.5,4.033,0.557,0.441
BGW-09,Baghewala-09 (pad B),2024-06-28T00:00:00,7,production,53.15,12.07,606.3,18.26,8.25,24.62,459.81,6.386,7.74,72.0,48.0,True,True,43.29,8.66,51.95,8541.19,2.18,5.26,58.96,0.839,91.65,0,0,0,194.65,8.11,1172.87,1.5,4.496,0.479,0.336
BGW-12,Baghewala-12 (pad C),2024-01-01T00:00:00,1,injection,46.65,12.19,934.69,17.82,8.59,13.72,508.78,7.244,7.12,70.23,51.51,False,False,30.9,6.18,37.07,30.9,2.22,3.89,70.73,0.713,100.84,0,0,0,192.05,8.0,1294.99,1.5,6.216,0.935,0.676
BGW-12,Baghewala-12 (pad C),2024-01-02T00:00:00,1,injection,47.57,12.67,893.0,17.85,8.42,14.97,416.09,5.98,7.28,69.57,42.2,False,False,21.83,4.37,26.19,52.72,2.28,4.58,76.2,0.713,97.14,0,0,0,187.03,7.79,1062.67,1.51,8.569,0.864,0.542
BGW-12,Baghewala-12 (pad C),2024-01-03T00:00:00,1,injection,48.43,12.54,822.53,17.95,8.68,14.74,404.24,5.832,7.47,69.32,47.89,False,False,30.43,6.09,36.52,83.16,2.68,4.47,67.77,0.802,103.47,0,0,0,182.12,7.59,1032.45,1.5,5.984,0.808,0.569
BGW-12,Baghewala-12 (pad C),2024-01-04T00:00:00,1,soak,48.39,12.58,802.17,18.05,8.42,15.12,450.0,6.25,7.29,72.0,48.0,False,False,35.05,7.01,42.06,118.21,2.23,4.0,58.32,0.82,96.38,0,0,0,172.49,7.19,1145.7,1.5,4.921,0.747,0.527
BGW-12,Baghewala-12 (pad C),2024-01-05T00:00:00,1,soak,48.37,12.91,728.26,18.24,8.55,15.87,450.0,6.25,6.91,72.0,48.0,False,False,31.77,6.35,38.12,149.97,2.36,4.0,65.84,0.837,92.15,0,0,0,179.07,7.46,1146.49,1.5,5.637,0.634,0.405
BGW-12,Baghewala-12 (pad C),2024-01-06T00:00:00,1,soak,48.24,13.17,882.18,17.8,8.79,15.81,450.0,6.25,7.45,72.0,48.0,False,False,32.13,6.43,38.56,182.11,2.41,4.0,63.1,0.776,95.86,0,0,0,185.08,7.71,1147.21,1.5,5.76,0.845,0.556
BGW-12,Baghewala-12 (pad C),2024-01-07T00:00:00,1,production,48.14,12.5,896.3,17.69,8.33,14.89,435.4,6.047,7.42,72.0,48.0,True,False,34.02,6.8,40.82,216.12,2.38,5.27,63.79,0.675,103.15,0,0,0,190.8,7.95,1111.38,1.5,5.609,0.899,0.634
BGW-12,Baghewala-12 (pad C),2024-01-08T00:00:00,1,production,48.01,12.46,862.4,17.98,8.2,15.77,491.2,6.822,7.38,72.0,48.0,True,False,33.47,6.69,40.17,249.59,2.56,5.12,63.55,0.703,104.41,0,0,0,193.45,8.06,1251.22,1.5,5.78,0.863,0.645
BGW-12,Baghewala-12 (pad C),2024-01-09T00:00:00,1,production,47.91,12.59,737.52,18.44,8.37,15.94,442.52,6.146,7.36,72.0,48.0,True,False,38.27,7.65,45.93,287.87,2.41,5.67,61.39,0.727,97.35,0,0,0,200.47,8.35,1130.37,1.5,5.238,0.671,0.51
BGW-12,Baghewala-12 (pad C),2024-01-10T00:00:00,1,production,47.87,12.63,764.25,18.4,8.71,16.13,420.9,5.846,7.1,72.0,48.0,True,False,31.58,6.32,37.89,319.45,2.4,5.55,79.1,0.737,97.04,0,0,0,195.07,8.13,1075.66,1.5,6.178,0.703,0.509
BGW-12,Baghewala-12 (pad C),2024-01-11T00:00:00,1,production,47.85,12.61,851.78,17.98,8.22,15.59,462.55,6.424,7.57,72.0,48.0,True,False,28.26,5.65,33.91,347.71,2.19,4.97,69.93,0.734,98.45,0,0,0,190.87,7.95,1179.28,1.5,6.755,0.819,0.543
BGW-12,Baghewala-12 (pad C),2024-01-12T00:00:00,1,production,47.77,11.93,720.33,18.66,8.96,14.4,454.2,6.308,7.38,72.0,48.0,True,False,39.45,7.89,47.34,387.16,2.5,5.67,58.08,0.795,97.85,0,0,0,197.26,8.22,1159.18,1.5,5.0,0.652,0.486
BGW-12,Baghewala-12 (pad C),2024-01-13T00:00:00,1,production,47.65,12.67,932.28,17.56,8.42,14.66,444.48,6.173,7.86,72.0,48.0,True,False,36.08,7.22,43.29,423.23,2.47,4.88,63.58,0.675,105.93,0,0,0,187.47,7.81,1133.7,1.5,5.196,0.95,0.655
BGW-12,Baghewala-12 (pad C),2024-01-14T00:00:00,1,production,47.54,12.7,905.43,17.73,8.24,15.4,431.76,5.997,7.76,72.0,48.0,True,False,34.86,6.97,41.83,458.09,2.4,4.96,64.05,0.713,100.22,0,0,0,192.08,8.0,1102.45,1.5,5.51,0.895,0.643
BGW-12,Baghewala-12 (pad C),2024-01-15T00:00:00,1,production,47.42,12.51,779.86,18.48,8.59,16.5,467.28,6.49,7.67,72.0,48.0,True,False,28.65,5.73,34.38,486.74,2.45,5.1,56.63,0.746,99.82,0,0,0,194.79,8.12,1191.57,1.5,6.798,0.736,0.511
BGW-12,Baghewala-12 (pad C),2024-01-16T00:00:00,1,production,47.35,12.4,954.73,17.6,8.28,15.27,458.7,6.371,7.94,72.0,48.0,True,False,28.38,5.68,34.05,515.12,2.33,5.49,65.19,0.655,108.19,0,0,0,194.49,8.1,1170.09,1.5,6.854,0.95,0.678
BGW-12,Baghewala-12 (pad C),2024-01-17T00:00:00,1,production,47.3,12.56,939.88,17.69,8.94,16.24,446.98,6.208,7.26,72.0,48.0,True,False,29.06,5.81,34.87,544.18,2.38,4.99,67.15,0.678,103.28,0,0,0,186.6,7.77,1139.84,1.5,6.422,0.95,0.645
BGW-12,Baghewala-12 (pad C),2024-01-18T00:00:00,1,production,47.29,12.75,851.24,18.0,8.65,14.56,422.42,5.867,7.09,72.0,48.0,True,False,33.4,6.68,40.08,577.58,2.44,5.5,58.8,0.719,102.23,0,0,0,200.04,8.33,1080.04,1.5,5.989,0.838,0.596
BGW-12,Baghewala-12 (pad C),2024-01-19T00:00:00,1,production,47.2,12.62,892.14,17.92,8.09,16.2,475.14,6.599,7.59,72.0,48.0,True,False,32.94,6.59,39.52,610.52,2.48,5.93,72.76,0.638,106.69,0,0,0,188.87,7.87,1210.52,1.5,5.734,0.911,0.683
BGW-12,Baghewala-12 (pad C),2024-01-20T00:00:00,1,production,47.16,12.14,822.82,18.27,8.61,16.33,447.55,6.216,7.14,72.0,48.0,True,False,28.46,5.69,34.15,638.97,2.39,5.07,63.15,0.723,98.56,0,0,0,187.15,7.8,1141.34,1.5,6.576,0.784,0.558
BGW-12,Baghewala-12 (pad C),2024-01-21T00:00:00,1,production,47.03,12.67,851.19,18.24,8.35,15.06,480.77,6.677,6.33,72.0,48.0,True,False,31.74,6.35,38.09,670.72,2.34,5.34,59.0,0.73,106.93,0,0,0,187.52,7.81,1224.43,1.5,5.907,0.861,0.644
BGW-12,Baghewala-12 (pad C),2024-01-22T00:00:00,1,production,46.96,12.75,985.21,17.49,8.34,16.7,423.54,5.882,7.93,72.0,48.0,True,False,29.7,5.94,35.64,700.42,2.42,5.26,63.04,0.651,105.0,0,0,0,191.74,7.99,1081.86,1.5,6.456,0.95,0.682
BGW-12,Baghewala-12 (pad C),2024-01-23T00:00:00,1,production,46.88,12.98,932.81,17.7,8.93,17.67,451.12,6.266,6.95,72.0,48.0,True,False,32.24,6.45,38.69,732.66,2.31,4.87,63.95,0.704,99.54,0,0,0,184.04,7.67,1149.89,1.5,5.708,0.926,0.641
BGW-12,Baghewala-12 (pad C),2024-01-24T00:00:00,1,production,46.82,12.46,916.93,17.94,8.54,16.07,485.69,6.746,7.66,72.0,48.0,True,False,39.3,7.86,47.16,771.96,2.39,5.47,72.31,0.716,104.54,0,0,0,190.95,7.96,1237.14,1.5,4.859,0.931,0.653
BGW-12,Baghewala-12 (pad C),2024-01-25T00:00:00,1,production,46.78,12.67,813.1,18.41,8.59,15.96,458.59,6.369,7.83,72.0,48.0,True,False,33.32,6.66,39.99,805.28,2.33,4.89,65.1,0.774,98.18,0,0,0,187.79,7.82,1169.01,1.5,5.635,0.77,0.54
BGW-12,Baghewala-12 (pad C),2024-01-26T00:00:00,1,production,46.7,12.7,794.01,18.42,8.33,16.22,426.9,5.929,7.23,72.0,48.0,True,True,27.63,5.53,33.16,832.92,2.45,5.94,61.03,0.681,103.17,0,0,0,197.6,8.23,1090.95,1.5,7.151,0.771,0.512
BGW-12,Baghewala-12 (pad C),2024-01-27T00:00:00,1,production,46.66,12.66,817.27,18.37,8.82,17.47,467.85,6.498,7.08,72.0,48.0,True,True,31.72,6.34,38.07,864.64,2.28,6.65,63.05,0.689,100.01,0,0,0,205.28,8.55,1194.26,1.5,6.471,0.793,0.588
BGW-12,Baghewala-12 (pad C),2024-01-28T00:00:00,1,production,46.54,12.87,920.74,18.02,8.38,16.59,448.68,6.232,7.81,72.0,48.0,True,True,30.48,6.1,36.57,895.11,2.4,5.99,65.18,0.677,106.95,0,0,0,207.06,8.63,1146.55,1.5,6.794,0.948,0.675
BGW-12,Baghewala-12 (pad C),2024-01-29T00:00:00,1,production,46.48,12.44,982.59,17.62,8.52,15.95,448.36,6.227,7.75,72.0,48.0,True,True,27.89,5.58,33.47,923.0,2.37,5.49,57.34,0.667,110.11,0,0,0,189.15,7.88,1143.59,1.5,6.782,0.95,0.771
BGW-12,Baghewala-12 (pad C),2024-01-30T00:00:00,2,production,44.93,12.39,992.01,17.89,8.4,18.27,431.42,5.992,7.6,72.0,48.0,True,True,28.1,5.62,33.72,951.1,2.27,5.53,69.32,0.622,106.32,0,0,0,193.74,8.07,1101.8,1.5,6.895,0.95,0.742
BGW-12,Baghewala-12 (pad C),2024-01-31T00:00:00,2,injection,46.16,12.47,933.47,17.9,8.43,19.65,505.69,7.608,7.67,66.47,38.81,False,False,28.24,5.65,33.89,979.34,2.46,4.49,67.01,0.722,102.64,0,0,0,178.12,7.42,1285.59,1.626,6.307,0.943,0.662
BGW-12,Baghewala-12 (pad C),2024-02-01T00:00:00,2,injection,47.1,12.24,892.49,17.85,8.35,15.55,437.91,6.023,8.06,72.71,52.58,False,False,24.41,4.88,29.29,1003.75,2.47,4.48,67.48,0.762,101.04,0,0,0,186.02,7.75,1117.1,1.5,7.621,0.883,0.629
BGW-12,Baghewala-12 (pad C),2024-02-02T00:00:00,2,injection,48.03,12.26,796.96,18.24,8.57,15.32,448.53,6.096,7.65,73.58,35.01,False,False,35.41,7.08,42.5,1039.17,2.41,4.48,66.52,0.819,98.84,0,0,0,188.17,7.84,1143.91,1.5,5.313,0.753,0.519
BGW-12,Baghewala-12 (pad C),2024-02-03T00:00:00,2,soak,47.96,11.96,836.45,18.07,8.31,16.1,450.0,6.25,7.62,72.0,48.0,False,False,32.82,6.56,39.39,1071.99,2.34,4.0,66.61,0.764,96.61,0,0,0,189.79,7.91,1147.77,1.5,5.782,0.791,0.547
BGW-12,Baghewala-12 (pad C),2024-02-04T00:00:00,2,soak,47.93,12.3,744.22,18.41,8.56,16.42,450.0,6.25,7.92,72.0,48.0,False,False,33.1,6.62,39.72,1105.09,2.38,4.0,58.82,0.815,95.34,0,0,0,176.73,7.36,1146.21,1.5,5.34,0.669,0.489
BGW-12,Baghewala-12 (pad C),2024-02-05T00:00:00,2,soak,47.85,12.63,742.83,18.62,8.49,16.49,450.0,6.25,8.35,72.0,48.0,False,False,31.47,6.29,37.77,1136.56,2.46,4.0,60.99,0.829,94.48,0,0,0,170.58,7.11,1145.47,1.5,5.42,0.663,0.473
BGW-12,Baghewala-12 (pad C),2024-02-06T00:00:00,2,production,47.73,13.01,902.04,17.9,8.36,16.58,456.21,6.336,8.12,72.0,48.0,True,False,29.25,5.85,35.1,1165.81,2.47,6.18,75.02,0.657,106.18,0,0,0,205.69,8.57,1165.21,1.5,7.032,0.921,0.694
BGW-12,Baghewala-12 (pad C),2024-02-07T00:00:00,2,production,47.65,12.23,851.77,18.02,8.49,16.94,448.72,6.232,6.75,72.0,48.0,True,False,31.35,6.27,37.62,1197.16,2.43,6.11,70.01,0.71,101.64,0,0,0,199.06,8.29,1145.69,1.5,6.35,0.835,0.572
BGW-12,Baghewala-12 (pad C),2024-02-08T00:00:00,2,production,47.51,12.61,762.98,18.42,8.4,14.33,455.22,6.322,7.78,72.0,48.0,True,False,37.07,7.41,44.48,1234.23,2.41,5.87,59.0,0.748,100.07,0,0,0,205.23,8.55,1162.67,1.5,5.536,0.717,0.5
BGW-12,Baghewala-12 (pad C),2024-02-09T00:00:00,2,production,47.5,12.19,773.28,18.32,8.81,16.95,457.61,6.356,7.15,72.0,48.0,True,False,29.31,5.86,35.17,1263.54,2.43,4.67,61.73,0.816,95.95,0,0,0,185.17,7.72,1166.25,1.5,6.318,0.709,0.523
BGW-12,Baghewala-12 (pad C),2024-02-10T00:00:00,2,production,47.46,12.81,888.51,17.9,8.74,17.58,456.97,6.347,7.6,72.0,48.0,True,False,29.74,5.95,35.68,1293.28,2.56,5.14,64.19,0.728,105.79,0,0,0,199.55,8.31,1166.38,1.5,6.711,0.902,0.593
BGW-12,Baghewala-12 (pad C),2024-02-11T00:00:00,2,production,47.34,12.86,734.34,18.59,8.62,17.42,458.52,6.368,7.98,72.0,48.0,True,False,29.34,5.87,35.21,1322.62,2.36,5.64,62.92,0.789,97.42,0,0,0,204.91,8.54,1170.9,1.5,6.984,0.668,0.484
BGW-12,Baghewala-12 (pad C),2024-02-12T00:00:00,2,production,47.31,12.94,813.43,18.23,8.31,16.06,463.68,6.44,7.47,72.0,48.0,True,False,29.41,5.88,35.29,1352.03,2.29,5.93,66.1,0.743,100.96,0,0,0,206.26,8.59,1183.95,1.5,7.013,0.784,0.576
BGW-12,Baghewala-12 (pad C),2024-02-13T00:00:00,2,production,47.27,12.32,926.91,17.72,8.27,17.63,435.25,6.045,7.08,72.0,48.0,True,False,30.28,6.06,36.33,1382.3,2.34,5.82,65.62,0.694,108.92,0,0,0,182.48,7.6,1110.02,1.5,6.027,0.95,0.715
BGW-12,Baghewala-12 (pad C),2024-02-14T00:00:00,2,production,47.19,12.77,810.83,18.12,8.51,16.73,453.25,6.295,7.59,72.0,48.0,True,False,34.15,6.83,40.98,1416.45,2.49,5.24,62.66,0.768,98.67,0,0,0,187.71,7.82,1155.66,1.5,5.497,0.769,0.532
BGW-12,Baghewala-12 (pad C),2024-02-15T00:00:00,2,production,47.07,12.53,867.15,17.9,7.98,15.45,430.64,5.981,7.15,72.0,48.0,True,False,26.12,5.22,31.35,1442.58,2.25,5.7,64.75,0.685,102.87,0,0,0,186.0,7.75,1098.91,1.5,7.12,0.861,0.611
BGW-12,Baghewala-12 (pad C),2024-02-16T00:00:00,2,production,46.99,12.59,923.15,17.73,8.49,19.66,415.68,5.773,7.02,72.0,48.0,True,False,32.75,6.55,39.3,1475.32,2.49,5.86,70.56,0.671,107.34,0,0,0,195.53,8.15,1062.67,1.5,5.971,0.95,0.704
BGW-12,Baghewala-12 (pad C),2024-02-17T00:00:00,2,production,46.88,12.36,958.15,17.67,8.94,17.33,461.66,6.412,7.57,72.0,48.0,True,False,25.1,5.02,30.12,1500.42,2.41,5.42,53.36,0.674,109.76,0,0,0,196.75,8.2,1177.76,1.612,7.839,0.95,0.666
BGW-12,Baghewala-12 (pad C),2024-02-18T00:00:00,2,production,46.82,12.42,932.48,17.83,8.22,17.1,439.24,6.1,7.89,72.0,48.0,True,False,27.19,5.44,32.63,1527.61,2.49,5.03,67.33,0.677,105.16,0,0,0,198.52,8.27,1121.91,1.552,7.301,0.95,0.672
BGW-12,Baghewala-12 (pad C),2024-02-19T00:00:00,2,production,46.71,13.48,938.56,17.82,8.63,19.17,460.83,6.4,7.37,72.0,48.0,True,False,30.25,6.05,36.3,1557.86,2.42,4.32,65.19,0.722,102.95,0,0,0,189.87,7.91,1174.86,1.5,6.277,0.95,0.663
BGW-12,Baghewala-12 (pad C),2024-02-20T00:00:00,2,production,46.67,12.48,894.31,18.0,8.39,18.12,472.44,6.562,7.65,72.0,48.0,True,False,32.84,6.57,39.4,1590.7,2.4,5.19,65.71,0.695,103.64,0,0,0,188.72,7.86,1203.74,1.5,5.747,0.899,0.658
BGW-12,Baghewala-12 (pad C),2024-02-21T00:00:00,2,production,46.61,12.17,834.39,18.26,8.82,16.26,401.95,5.583,7.55,72.0,48.0,True,False,30.35,6.07,36.42,1621.05,2.45,6.25,56.87,0.691,103.86,0,0,0,192.42,8.02,1027.97,1.5,6.34,0.825,0.594
BGW-12,Baghewala-12 (pad C),2024-02-22T00:00:00,2,production,46.56,12.47,909.97,17.9,8.61,17.27,427.55,5.938,7.33,72.0,48.0,True,False,32.7,6.54,39.24,1653.75,2.42,6.17,64.97,0.672,104.27,0,0,0,193.47,8.06,1092.09,1.5,5.916,0.921,0.635
BGW-12,Baghewala-12 (pad C),2024-02-23T00:00:00,2,production,46.51,12.41,959.68,17.68,8.59,17.07,406.39,5.644,7.46,72.0,48.0,True,False,25.13,5.03,30.16,1678.88,2.33,5.33,71.13,0.693,104.08,0,0,0,191.5,7.98,1038.96,1.5,7.62,0.95,0.66
BGW-12,Baghewala-12 (pad C),2024-02-24T00:00:00,2,production,46.45,12.15,900.11,18.02,8.65,18.19,457.49,6.354,7.4,72.0,48.0,True,False,34.96,6.99,41.96,1713.85,2.31,5.75,64.4,0.687,103.65,0,0,0,196.0,8.17,1167.24,1.5,5.606,0.906,0.617
BGW-12,Baghewala-12 (pad C),2024-02-25T00:00:00,2,production,46.37,12.68,891.94,18.01,8.55,16.57,458.23,6.364,8.14,72.0,48.0,True,True,28.05,5.61,33.66,1741.9,2.39,5.5,63.94,0.687,102.97,0,0,0,202.88,8.45,1169.93,1.5,7.233,0.892,0.65
BGW-12,Baghewala-12 (pad C),2024-02-26T00:00:00,2,production,46.32,12.38,851.03,18.05,8.35,17.94,471.17,6.544,7.19,72.0,48.0,True,True,28.14,5.63,33.77,1770.04,2.43,6.36,57.76,0.671,106.29,0,0,0,200.35,8.35,1201.96,1.5,7.119,0.858,0.655
BGW-12,Baghewala-12 (pad C),2024-02-27T00:00:00,2,production,46.28,13.3,1014.95,17.51,8.49,18.66,454.61,6.314,7.65,72.0,48.0,True,True,28.69,5.74,34.43,1798.73,2.35,5.43,71.06,0.617,106.31,0,0,0,199.26,8.3,1160.42,1.5,6.946,0.95,0.717
BGW-12,Baghewala-12 (pad C),2024-02-28T00:00:00,2,production,46.24,13.08,852.68,18.22,8.37,19.23,460.48,6.396,7.53,72.0,48.0,True,True,32.47,6.49,38.97,1831.2,2.39,6.12,64.72,0.706,105.68,0,0,0,197.12,8.21,1174.86,1.5,6.07,0.857,0.595
BGW-12,Baghewala-12 (pad C),2024-02-29T00:00:00,3,production,44.67,12.34,944.77,18.13,8.37,18.68,421.86,5.859,8.01,72.0,48.0,True,True,28.77,5.75,34.53,1859.97,2.4,5.32,62.11,0.675,104.75,0,0,0,184.85,7.7,1076.84,1.5,6.424,0.95,0.66
BGW-12,Baghewala-12 (pad C),2024-03-01T00:00:00,3,injection,45.69,12.47,916.29,18.09,8.79,18.76,490.45,6.343,7.4,77.33,42.86,False,False,27.67,5.53,33.2,1887.64,2.48,4.05,73.03,0.747,101.36,0,0,0,176.55,7.36,1247.31,1.5,6.381,0.915,0.592
BGW-12,Baghewala-12 (pad C),2024-03-02T00:00:00,3,injection,46.38,12.87,909.42,18.0,8.43,17.94,395.53,5.788,7.8,68.34,35.87,False,False,26.33,5.27,31.6,1913.98,2.4,4.82,61.54,0.722,102.43,0,0,0,180.4,7.52,1010.47,1.5,6.85,0.911,0.624
BGW-12,Baghewala-12 (pad C),2024-03-03T00:00:00,3,injection,47.22,12.43,837.46,18.01,8.33,16.16,398.44,5.309,7.04,75.05,47.66,False,False,28.51,5.7,34.21,1942.49,2.52,4.18,66.97,0.788,102.7,0,0,0,188.51,7.85,1018.71,1.5,6.612,0.823,0.601
BGW-12,Baghewala-12 (pad C),2024-03-04T00:00:00,3,soak,47.14,12.15,1002.17,17.56,8.5,18.16,450.0,6.25,7.55,72.0,48.0,False,False,32.72,6.54,39.27,1975.21,2.48,4.0,67.31,0.699,106.88,0,0,0,181.66,7.57,1146.8,1.5,5.552,0.95,0.684
BGW-12,Baghewala-12 (pad C),2024-03-05T00:00:00,3,soak,47.03,12.68,923.98,17.73,8.7,17.25,450.0,6.25,7.36,72.0,48.0,False,False,29.67,5.93,35.6,2004.88,2.51,4.0,56.73,0.742,103.56,0,0,0,177.96,7.42,1146.36,1.5,5.998,0.935,0.676
BGW-12,Baghewala-12 (pad C),2024-03-06T00:00:00,3,soak,46.94,12.18,748.64,18.63,8.4,17.52,450.0,6.25,7.66,72.0,48.0,False,False,26.6,5.32,31.92,2031.48,2.65,4.0,74.8,0.819,93.94,0,0,0,196.03,8.17,1148.52,1.565,7.37,0.668,0.487
BGW-12,Baghewala-12 (pad C),2024-03-07T00:00:00,3,production,46.83,12.59,934.47,17.72,8.68,19.1,428.81,5.956,7.76,72.0,48.0,True,False,31.94,6.39,38.33,2063.42,2.39,5.21,67.53,0.689,105.49,0,0,0,198.68,8.28,1095.86,1.5,6.22,0.95,0.702
BGW-12,Baghewala-12 (pad C),2024-03-08T00:00:00,3,production,46.72,12.18,1007.21,17.23,8.35,16.99,421.26,5.851,7.77,72.0,48.0,True,False,27.0,5.4,32.4,2090.42,2.4,5.71,64.48,0.628,108.18,0,0,0,197.43,8.23,1076.84,1.5,7.312,0.95,0.71
BGW-12,Baghewala-12 (pad C),2024-03-09T00:00:00,3,production,46.64,12.43,784.37,18.41,8.85,17.53,444.33,6.171,6.75,72.0,48.0,True,False,31.97,6.39,38.36,2122.39,2.52,5.18,64.32,0.763,95.98,0,0,0,190.77,7.95,1133.72,1.5,5.968,0.723,0.479
BGW-12,Baghewala-12 (pad C),2024-03-10T00:00:00,3,production,46.59,11.86,709.91,18.77,8.73,19.75,456.8,6.345,7.81,72.0,48.0,True,False,31.13,6.23,37.35,2153.51,2.57,5.35,62.58,0.783,96.0,0,0,0,189.7,7.9,1164.77,1.5,6.095,0.63,0.441
BGW-12,Baghewala-12 (pad C),2024-03-11T00:00:00,3,production,46.61,12.85,944.58,17.83,8.48,18.1,439.27,6.101,7.34,72.0,48.0,True,False,30.79,6.16,36.95,2184.3,2.36,5.65,63.68,0.638,103.76,0,0,0,204.26,8.51,1122.68,1.5,6.634,0.95,0.673
BGW-12,Baghewala-12 (pad C),2024-03-12T00:00:00,3,production,46.56,12.84,916.89,17.82,8.79,18.79,423.72,5.885,7.24,72.0,48.0,True,False,31.2,6.24,37.44,2215.51,2.28,5.51,62.25,0.668,103.48,0,0,0,197.93,8.25,1083.06,1.5,6.343,0.926,0.702
BGW-12,Baghewala-12 (pad C),2024-03-13T00:00:00,3,production,46.48,12.65,834.12,18.21,8.6,17.74,461.2,6.406,7.61,72.0,48.0,True,False,29.97,5.99,35.97,2245.48,2.38,5.54,65.75,0.73,101.37,0,0,0,195.67,8.15,1176.49,1.5,6.528,0.812,0.612
BGW-12,Baghewala-12 (pad C),2024-03-14T00:00:00,3,production,46.41,12.66,859.86,18.18,8.44,17.85,439.87,6.109,7.5,72.0,48.0,True,False,33.38,6.68,40.05,2278.85,2.4,5.74,60.21,0.704,102.03,0,0,0,194.34,8.1,1123.0,1.5,5.823,0.847,0.643
BGW-12,Baghewala-12 (pad C),2024-03-15T00:00:00,3,production,46.41,12.18,833.12,18.36,8.2,20.01,466.08,6.473,6.99,72.0,48.0,True,False,27.76,5.55,33.31,2306.61,2.63,5.19,60.67,0.714,99.88,0,0,0,196.01,8.17,1188.72,1.5,7.062,0.803,0.541
BGW-12,Baghewala-12 (pad C),2024-03-16T00:00:00,3,production,46.36,12.62,888.4,17.89,8.65,17.86,457.9,6.36,6.99,72.0,48.0,True,False,30.66,6.13,36.79,2337.26,2.31,4.68,68.16,0.719,100.76,0,0,0,196.54,8.19,1168.34,1.5,6.411,0.877,0.607
BGW-12,Baghewala-12 (pad C),2024-03-17T00:00:00,3,production,46.2,12.27,957.35,17.91,8.48,19.47,455.16,6.322,7.02,72.0,48.0,True,False,34.97,6.99,41.97,2372.24,2.46,5.38,57.49,0.639,102.22,0,0,0,195.54,8.15,1161.36,1.5,5.591,0.95,0.684
BGW-12,Baghewala-12 (pad C),2024-03-18T00:00:00,3,production,46.13,12.39,892.58,18.17,8.49,19.33,457.87,6.359,7.18,72.0,48.0,True,False,34.96,6.99,41.95,2407.2,2.29,5.05,69.57,0.73,102.52,0,0,0,196.25,8.18,1168.23,1.5,5.613,0.891,0.636
BGW-12,Baghewala-12 (pad C),2024-03-19T00:00:00,3,production,46.1,12.75,1016.8,17.72,8.46,18.86,462.05,6.417,7.61,72.0,48.0,True,False,27.43,5.49,32.91,2434.63,2.37,5.58,71.67,0.624,103.53,0,0,0,197.63,8.23,1178.84,1.5,7.206,0.95,0.673
BGW-12,Baghewala-12 (pad C),2024-03-20T00:00:00,3,production,46.01,12.36,980.44,17.65,8.36,20.29,433.36,6.019,7.49,72.0,48.0,True,False,24.81,4.96,29.77,2459.44,2.29,4.97,58.24,0.663,109.06,0,0,0,188.26,7.84,1106.0,1.5,7.588,0.95,0.681
BGW-12,Baghewala-12 (pad C),2024-03-21T00:00:00,3,production,45.87,12.64,902.3,18.09,8.68,19.12,456.23,6.336,8.09,72.0,48.0,True,False,26.37,5.27,31.65,2485.81,2.34,4.4,71.17,0.682,100.46,0,0,0,195.03,8.13,1163.97,1.5,7.395,0.893,0.579
BGW-12,Baghewala-12 (pad C),2024-03-22T00:00:00,3,production,45.81,12.82,971.42,17.83,8.3,17.67,450.3,6.254,7.52,72.0,48.0,True,False,31.81,6.36,38.17,2517.62,2.37,4.82,61.3,0.707,105.64,0,0,0,191.35,7.97,1148.72,1.5,6.016,0.95,0.653
BGW-12,Baghewala-12 (pad C),2024-03-23T00:00:00,3,production,45.69,12.26,931.37,17.95,8.32,20.24,435.5,6.049,7.27,72.0,48.0,True,False,28.59,5.72,34.31,2546.21,2.44,5.8,67.6,0.664,102.59,0,0,0,191.1,7.96,1111.68,1.5,6.683,0.94,0.648
BGW-12,Baghewala-12 (pad C),2024-03-24T00:00:00,3,production,45.58,12.74,979.89,17.86,8.33,20.28,446.46,6.201,7.81,72.0,48.0,True,False,37.03,7.41,44.43,2583.24,2.26,5.18,67.93,0.673,105.76,0,0,0,195.0,8.13,1139.54,1.5,5.267,0.95,0.698
BGW-12,Baghewala-12 (pad C),2024-03-25T00:00:00,3,production,45.52,12.2,881.87,18.24,8.26,20.47,467.38,6.491,7.86,72.0,48.0,True,False,26.0,5.2,31.2,2609.24,2.25,6.08,59.87,0.695,104.41,0,0,0,201.51,8.4,1192.64,1.539,7.75,0.887,0.666
BGW-12,Baghewala-12 (pad C),2024-03-26T00:00:00,3,production,45.51,12.64,986.66,17.72,8.93,19.21,460.19,6.391,7.53,72.0,48.0,True,True,24.6,4.92,29.53,2633.84,2.51,5.75,69.98,0.64,106.21,0,0,0,199.9,8.33,1174.45,1.5,8.124,0.95,0.715
BGW-12,Baghewala-12 (pad C),2024-03-27T00:00:00,3,production,45.51,12.19,957.95,17.87,8.62,18.18,446.94,6.207,7.69,72.0,48.0,True,True,30.78,6.16,36.94,2664.63,2.46,5.47,52.77,0.659,105.88,0,0,0,189.99,7.92,1140.14,1.5,6.172,0.95,0.695
BGW-12,Baghewala-12 (pad C),2024-03-28T00:00:00,3,production,45.43,12.58,905.72,18.14,8.36,18.76,463.55,6.438,7.03,72.0,48.0,True,True,33.15,6.63,39.78,2697.78,2.36,5.46,66.5,0.66,104.89,0,0,0,201.63,8.4,1183.07,1.5,6.082,0.919,0.666
BGW-12,Baghewala-12 (pad C),2024-03-29T00:00:00,3,production,45.32,12.5,936.08,17.98,8.18,17.96,461.06,6.404,7.81,72.0,48.0,True,True,29.42,5.88,35.3,2727.2,2.56,5.47,68.25,0.674,105.53,0,0,0,187.27,7.8,1175.13,1.5,6.365,0.95,0.675
BGW-12,Baghewala-12 (pad C),2024-03-30T00:00:00,4,production,44.0,12.15,935.13,18.28,8.74,19.25,412.65,5.731,6.66,72.0,48.0,True,True,28.95,5.79,34.74,2756.15,2.47,6.37,72.1,0.633,111.63,0,0,0,199.68,8.32,1055.59,1.5,6.897,0.95,0.748
BGW-12,Baghewala-12 (pad C),2024-03-31T00:00:00,4,injection,44.92,12.23,984.14,18.01,8.56,18.96,455.2,6.045,7.22,75.31,51.51,False,False,30.79,6.16,36.95,2786.94,2.31,4.8,60.21,0.667,105.18,0,0,0,194.89,8.12,1161.39,1.5,6.329,0.95,0.687
BGW-12,Baghewala-12 (pad C),2024-04-01T00:00:00,4,injection,45.81,12.36,924.53,18.07,8.54,20.45,415.03,5.495,6.96,75.54,48.35,False,False,22.5,4.5,27.0,2809.44,2.43,4.63,61.37,0.709,102.42,0,0,0,179.07,7.46,1059.07,1.5,7.96,0.93,0.634
BGW-12,Baghewala-12 (pad C),2024-04-02T00:00:00,4,injection,47.11,12.44,901.11,17.84,8.46,18.33,504.04,7.079,7.77,71.2,55.01,False,False,29.83,5.97,35.8,2839.27,2.37,4.43,66.53,0.693,100.35,0,0,0,188.43,7.85,1282.71,1.516,6.316,0.891,0.623
BGW-12,Baghewala-12 (pad C),2024-04-03T00:00:00,4,soak,47.04,12.7,889.83,17.85,8.37,18.69,450.0,6.25,7.42,72.0,48.0,False,False,32.01,6.4,38.41,2871.28,2.41,4.0,72.51,0.779,97.9,0,0,0,176.46,7.35,1146.18,1.5,5.513,0.864,0.579
BGW-12,Baghewala-12 (pad C),2024-04-04T00:00:00,4,soak,46.91,12.46,1122.24,16.92,8.75,18.9,450.0,6.25,7.89,72.0,48.0,False,False,26.21,5.24,31.46,2897.49,2.47,4.0,61.35,0.638,109.67,0,0,0,191.84,7.99,1148.02,1.5,7.318,0.95,0.716
BGW-12,Baghewala-12 (pad C),2024-04-05T00:00:00,4,soak,46.86,12.65,913.06,17.87,8.54,20.99,450.0,6.25,7.81,72.0,48.0,False,False,26.95,5.39,32.34,2924.44,2.29,4.0,67.9,0.745,100.39,0,0,0,183.39,7.64,1147.01,1.5,6.805,0.906,0.638
BGW-12,Baghewala-12 (pad C),2024-04-06T00:00:00,4,production,46.74,13.17,886.72,18.05,8.71,18.58,423.73,5.885,6.92,72.0,48.0,True,False,29.57,5.91,35.48,2954.01,2.31,4.99,56.47,0.703,99.29,0,0,0,181.9,7.58,1081.15,1.5,6.153,0.867,0.556
BGW-12,Baghewala-12 (pad C),2024-04-07T00:00:00,4,production,46.74,12.57,798.83,18.36,8.47,21.23,445.72,6.191,6.91,72.0,48.0,True,False,32.65,6.53,39.19,2986.66,2.47,5.07,72.83,0.798,96.13,0,0,0,196.23,8.18,1137.84,1.5,6.009,0.742,0.526
BGW-12,Baghewala-12 (pad C),2024-04-08T00:00:00,4,production,46.7,12.91,808.02,18.31,8.68,20.86,451.67,6.273,8.01,72.0,48.0,True,False,30.73,6.15,36.87,3017.39,2.28,6.25,63.88,0.693,99.46,0,0,0,191.97,8.0,1152.2,1.5,6.248,0.77,0.559
BGW-12,Baghewala-12 (pad C),2024-04-09T00:00:00,4,production,46.69,12.97,977.67,17.63,8.33,20.76,457.14,6.349,7.8,72.0,48.0,True,False,29.07,5.81,34.89,3046.46,2.27,4.55,67.36,0.696,104.67,0,0,0,182.83,7.62,1164.79,1.5,6.288,0.95,0.674
BGW-12,Baghewala-12 (pad C),2024-04-10T00:00:00,4,production,46.66,12.4,943.05,17.76,8.3,19.9,412.17,5.725,7.93,72.0,48.0,True,False,28.45,5.69,34.14,3074.91,2.37,5.26,59.39,0.669,104.38,0,0,0,188.61,7.86,1053.05,1.5,6.629,0.95,0.672
BGW-12,Baghewala-12 (pad C),2024-04-11T00:00:00,4,production,46.58,12.06,936.76,17.73,8.65,19.95,461.67,6.412,7.14,72.0,48.0,True,False,30.97,6.19,37.16,3105.88,2.49,5.83,62.59,0.667,107.08,0,0,0,186.78,7.78,1176.6,1.5,6.031,0.95,0.679
BGW-12,Baghewala-12 (pad C),2024-04-12T00:00:00,4,production,46.49,12.48,954.48,17.81,8.07,21.08,467.07,6.487,6.96,72.0,48.0,True,False,31.72,6.34,38.06,3137.6,2.37,4.85,66.39,0.72,103.39,0,0,0,185.27,7.72,1189.91,1.5,5.842,0.95,0.664
BGW-12,Baghewala-12 (pad C),2024-04-13T00:00:00,4,production,46.43,12.48,870.19,18.15,8.38,19.83,465.11,6.46,7.63,72.0,48.0,True,False,31.64,6.33,37.97,3169.23,2.35,5.69,58.55,0.65,106.15,0,0,0,191.32,7.97,1185.74,1.5,6.047,0.881,0.658
BGW-12,Baghewala-12 (pad C),2024-04-14T00:00:00,4,production,46.43,12.61,1041.69,17.4,8.67,19.09,472.31,6.56,7.68,72.0,48.0,True,False,28.53,5.71,34.24,3197.77,2.42,5.11,66.19,0.606,106.08,0,0,0,188.82,7.87,1203.44,1.5,6.618,0.95,0.694
BGW-12,Baghewala-12 (pad C),2024-04-15T00:00:00,4,production,46.34,12.46,1030.77,17.5,8.26,20.03,456.59,6.342,7.91,72.0,48.0,True,False,32.18,6.44,38.62,3229.95,2.51,5.06,62.03,0.652,106.87,0,0,0,183.07,7.63,1163.45,1.5,5.689,0.95,0.723
BGW-12,Baghewala-12 (pad C),2024-04-16T00:00:00,4,production,46.22,12.8,832.31,18.45,8.24,21.5,461.25,6.406,8.24,72.0,48.0,True,False,35.17,7.03,42.2,3265.11,2.58,4.77,64.27,0.763,100.09,0,0,0,185.82,7.74,1175.43,1.5,5.284,0.803,0.565
BGW-12,Baghewala-12 (pad C),2024-04-17T00:00:00,4,production,46.16,12.63,722.66,18.83,8.79,22.21,478.52,6.646,7.18,72.0,48.0,True,False,29.58,5.92,35.5,3294.7,2.44,5.81,65.15,0.769,97.94,0,0,0,189.94,7.91,1219.1,1.571,6.42,0.656,0.423
BGW-12,Baghewala-12 (pad C),2024-04-18T00:00:00,4,production,46.03,12.51,961.92,17.91,8.4,19.96,456.29,6.337,7.11,72.0,48.0,True,False,32.23,6.45,38.68,3326.93,2.39,5.91,61.21,0.647,108.4,0,0,0,197.68,8.24,1164.45,1.5,6.133,0.95,0.718
BGW-12,Baghewala-12 (pad C),2024-04-19T00:00:00,4,production,45.89,12.75,883.72,18.22,8.49,20.94,479.29,6.657,6.75,72.0,48.0,True,False,29.34,5.87,35.2,3356.26,2.41,5.57,70.63,0.685,106.34,0,0,0,205.28,8.55,1222.87,1.5,6.998,0.899,0.685
BGW-12,Baghewala-12 (pad C),2024-04-20T00:00:00,4,production,45.77,12.38,866.79,18.27,8.39,20.02,460.98,6.403,6.86,72.0,48.0,True,False,29.72,5.94,35.66,3385.98,2.28,5.28,64.07,0.712,100.49,0,0,0,196.15,8.17,1175.99,1.5,6.601,0.848,0.606
BGW-12,Baghewala-12 (pad C),2024-04-21T00:00:00,4,production,45.7,12.02,971.47,17.81,8.44,20.37,446.39,6.2,7.33,72.0,48.0,True,False,29.39,5.88,35.27,3415.37,2.24,5.75,62.9,0.663,103.38,0,0,0,201.88,8.41,1140.19,1.5,6.868,0.95,0.688
BGW-12,Baghewala-12 (pad C),2024-04-22T00:00:00,4,production,45.65,12.68,904.81,18.06,8.39,20.73,440.14,6.113,7.22,72.0,48.0,True,False,27.53,5.51,33.04,3442.91,2.39,5.64,57.95,0.717,106.86,0,0,0,187.88,7.83,1122.88,1.5,6.824,0.928,0.699
BGW-12,Baghewala-12 (pad C),2024-04-23T00:00:00,4,production,45.57,11.95,1014.46,17.58,8.13,21.57,457.13,6.349,7.52,72.0,48.0,True,False,28.18,5.64,33.82,3471.09,2.35,5.4,61.09,0.628,106.12,0,0,0,190.45,7.94,1165.68,1.5,6.758,0.95,0.683
BGW-12,Baghewala-12 (pad C),2024-04-24T00:00:00,4,production,45.49,12.76,977.53,17.92,8.25,20.7,437.32,6.074,7.33,72.0,48.0,True,False,26.73,5.35,32.07,3497.82,2.18,5.79,66.24,0.648,105.07,0,0,0,200.97,8.37,1117.43,1.5,7.519,0.95,0.655
BGW-12,Baghewala-12 (pad C),2024-04-25T00:00:00,4,production,45.43,12.6,1008.66,17.63,8.43,21.25,450.09,6.251,7.26,72.0,48.0,True,True,26.23,5.25,31.48,3524.05,2.47,5.87,67.01,0.624,111.77,0,0,0,194.62,8.11,1148.57,1.5,7.419,0.95,0.766
BGW-12,Baghewala-12 (pad C),2024-04-26T00:00:00,4,production,45.38,12.59,1064.64,17.52,8.62,21.1,446.83,6.206,7.4,72.0,48.0,True,True,23.09,4.62,27.71,3547.14,2.35,4.7,69.11,0.659,111.35,0,0,0,194.55,8.11,1140.43,1.535,8.426,0.95,0.696
BGW-12,Baghewala-12 (pad C),2024-04-27T00:00:00,4,production,45.35,11.9,920.8,18.12,8.4,21.39,432.19,6.003,7.02,72.0,48.0,True,True,27.75,5.55,33.3,3574.89,2.35,5.51,61.22,0.706,103.53,0,0,0,198.23,8.26,1104.27,1.5,7.144,0.931,0.641
BGW-12,Baghewala-12 (pad C),2024-04-28T00:00:00,4,production,45.23,12.59,1003.4,17.66,8.27,22.16,445.94,6.194,7.28,72.0,48.0,True,True,30.85,6.17,37.03,3605.74,2.44,5.21,61.8,0.634,107.48,0,0,0,194.16,8.09,1138.14,1.5,6.293,0.95,0.718
BGW-12,Baghewala-12 (pad C),2024-04-29T00:00:00,5,production,44.0,12.57,1026.95,17.88,8.67,23.9,425.71,5.913,7.4,72.0,48.0,True,True,29.0,5.8,34.8,3634.74,2.45,5.71,63.08,0.609,112.46,0,0,0,199.82,8.33,1088.26,1.5,6.891,0.95,0.763
BGW-12,Baghewala-12 (pad C),2024-04-30T00:00:00,5,injection,44.96,12.42,992.67,17.91,8.41,20.04,417.37,6.25,7.14,66.78,51.1,False,False,25.67,5.13,30.81,3660.41,2.52,4.21,70.57,0.662,105.19,0,0,0,180.81,7.53,1065.12,1.5,7.043,0.95,0.73
BGW-12,Baghewala-12 (pad C),2024-05-01T00:00:00,5,injection,45.6,12.41,993.38,17.78,8.34,21.66,373.96,4.863,7.93,76.9,50.69,False,False,26.58,5.32,31.9,3686.99,2.34,4.52,61.84,0.663,104.9,0,0,0,181.18,7.55,956.64,1.5,6.816,0.95,0.691
BGW-12,Baghewala-12 (pad C),2024-05-02T00:00:00,5,injection,46.6,12.28,896.05,18.09,8.98,21.15,454.37,6.969,6.79,65.2,48.65,False,False,26.61,5.32,31.93,3713.6,2.36,4.43,52.59,0.74,99.5,0,0,0,199.61,8.32,1159.87,1.5,7.503,0.88,0.605
BGW-12,Baghewala-12 (pad C),2024-05-03T00:00:00,5,soak,46.53,12.3,896.65,17.94,8.57,20.65,450.0,6.25,6.94,72.0,48.0,False,False,25.79,5.16,30.95,3739.38,2.29,4.0,62.52,0.766,98.03,0,0,0,182.06,7.59,1146.85,1.5,7.06,0.873,0.608
BGW-12,Baghewala-12 (pad C),2024-05-04T00:00:00,5,soak,46.43,12.1,838.13,18.28,8.39,21.06,450.0,6.25,7.12,72.0,48.0,False,False,29.49,5.9,35.39,3768.88,2.37,4.0,66.19,0.796,98.1,0,0,0,180.65,7.53,1146.68,1.5,6.125,0.801,0.491
BGW-12,Baghewala-12 (pad C),2024-05-05T00:00:00,5,soak,46.4,13.0,748.11,18.53,8.21,22.11,450.0,6.25,7.34,72.0,48.0,False,False,30.9,6.18,37.08,3799.78,2.43,4.0,69.01,0.811,92.29,0,1,0,190.09,7.92,1147.81,1.5,6.152,0.659,0.433
BGW-12,Baghewala-12 (pad C),2024-05-06T00:00:00,5,production,46.34,12.41,891.46,17.97,8.75,20.99,436.15,6.058,7.18,72.0,48.0,True,False,27.08,5.42,32.5,3826.86,2.26,5.85,60.3,0.678,99.24,0,0,0,194.44,8.1,1113.7,1.5,7.18,0.873,0.589
BGW-12,Baghewala-12 (pad C),2024-05-07T00:00:00,5,production,46.18,12.52,899.61,18.05,8.61,20.91,439.42,6.103,7.12,72.0,48.0,True,False,31.72,6.34,38.06,3858.57,2.37,5.23,58.42,0.682,102.71,0,0,0,188.84,7.87,1121.2,1.5,5.954,0.901,0.656
BGW-12,Baghewala-12 (pad C),2024-05-08T00:00:00,5,production,46.17,12.29,883.83,18.12,8.6,20.46,449.33,6.241,7.2,72.0,48.0,True,False,34.24,6.85,41.08,3892.81,2.29,5.68,61.62,0.707,107.07,0,0,0,199.07,8.29,1147.2,1.5,5.814,0.903,0.67
BGW-12,Baghewala-12 (pad C),2024-05-09T00:00:00,5,production,46.1,12.74,786.88,18.57,8.54,21.7,488.1,6.779,7.79,72.0,48.0,True,False,30.6,6.12,36.72,3923.41,2.45,5.57,67.03,0.783,98.47,0,0,0,189.43,7.89,1242.97,1.5,6.191,0.738,0.529
BGW-12,Baghewala-12 (pad C),2024-05-10T00:00:00,5,production,46.02,12.03,928.41,17.93,8.42,21.06,434.64,6.037,7.18,72.0,48.0,True,False,27.14,5.43,32.57,3950.55,2.28,5.17,62.61,0.701,101.13,0,0,0,187.37,7.81,1109.07,1.5,6.904,0.929,0.644
BGW-12,Baghewala-12 (pad C),2024-05-11T00:00:00,5,production,45.95,12.08,1050.0,17.44,8.56,21.59,417.36,5.797,7.52,72.0,48.0,True,False,26.5,5.3,31.8,3977.05,2.45,5.45,63.82,0.627,110.64,0,0,0,195.81,8.16,1066.91,1.5,7.389,0.95,0.746
BGW-12,Baghewala-12 (pad C),2024-05-12T00:00:00,5,production,45.85,12.92,886.39,18.12,8.27,22.47,419.23,5.823,7.23,72.0,48.0,True,False,25.57,5.11,30.68,4002.62,2.21,5.63,63.98,0.681,100.83,0,0,0,197.06,8.21,1071.71,1.5,7.707,0.875,0.608
BGW-12,Baghewala-12 (pad C),2024-05-13T00:00:00,5,production,45.73,12.35,944.58,17.96,8.52,22.82,463.76,6.441,8.33,72.0,48.0,True,False,28.69,5.74,34.43,4031.31,2.51,5.58,68.29,0.682,107.62,0,0,0,199.05,8.29,1183.28,1.5,6.938,0.95,0.704
BGW-12,Baghewala-12 (pad C),2024-05-14T00:00:00,5,production,45.63,12.85,888.8,18.18,8.41,21.04,451.21,6.267,7.8,72.0,48.0,True,False,30.92,6.18,37.1,4062.23,2.51,5.87,64.31,0.652,106.74,0,0,0,203.94,8.5,1152.49,1.5,6.596,0.907,0.691
BGW-12,Baghewala-12 (pad C),2024-05-15T00:00:00,5,production,45.56,12.53,916.36,18.04,8.32,22.24,428.31,5.949,7.43,72.0,48.0,True,False,35.98,7.2,43.18,4098.21,2.33,5.53,64.09,0.697,100.54,1,0,0,200.91,8.37,1094.88,1.5,5.583,0.911,0.636
BGW-12,Baghewala-12 (pad C),2024-05-16T00:00:00,5,production,45.5,11.83,951.96,17.99,8.65,22.18,425.35,5.908,6.92,72.0,48.0,True,False,29.32,5.86,35.18,4127.53,2.39,5.7,54.68,0.663,99.09,0,0,0,195.39,8.14,1086.83,1.5,6.664,0.948,0.626
BGW-12,Baghewala-12 (pad C),2024-05-17T00:00:00,5,production,45.43,12.73,938.86,18.07,8.32,21.63,444.91,6.179,7.62,72.0,48.0,True,False,28.26,5.65,33.91,4155.79,2.47,6.0,63.08,0.636,106.28,1,0,0,194.32,8.1,1135.6,1.5,6.876,0.95,0.686
BGW-12,Baghewala-12 (pad C),2024-05-18T00:00:00,5,production,45.42,12.7,885.8,18.25,8.47,20.89,447.03,6.209,8.04,72.0,48.0,True,False,26.89,5.38,32.27,4182.68,2.27,5.32,68.82,0.682,105.12,0,0,0,193.74,8.07,1140.83,1.5,7.205,0.895,0.654
BGW-12,Baghewala-12 (pad C),2024-05-19T00:00:00,5,production,45.3,12.15,821.03,18.41,8.39,22.67,471.86,6.554,7.2,72.0,48.0,True,False,29.12,5.82,34.95,4211.81,2.44,5.41,58.88,0.733,101.86,0,0,0,191.17,7.97,1202.6,1.5,6.564,0.798,0.626
BGW-12,Baghewala-12 (pad C),2024-05-20T00:00:00,5,production,45.27,11.97,978.71,17.83,8.68,21.58,493.14,6.849,7.19,72.0,48.0,True,False,25.0,5.0,30.0,4236.81,2.5,5.12,69.23,0.664,109.62,0,0,0,197.13,8.21,1256.51,1.99,7.885,0.95,0.708
BGW-12,Baghewala-12 (pad C),2024-05-21T00:00:00,5,production,45.19,11.84,932.62,17.98,8.02,20.32,473.71,6.579,7.31,72.0,48.0,True,False,31.76,6.35,38.11,4268.56,2.44,4.66,68.29,0.722,102.8,0,0,0,191.27,7.97,1207.22,1.5,6.023,0.942,0.647
BGW-12,Baghewala-12 (pad C),2024-05-22T00:00:00,5,production,45.05,12.7,1022.73,17.75,8.71,20.2,442.25,6.142,7.49,72.0,48.0,True,False,21.58,4.32,25.9,4290.15,2.31,5.43,67.5,0.714,108.27,0,0,0,188.66,7.86,1128.26,1.723,8.741,0.95,0.709
BGW-12,Baghewala-12 (pad C),2024-05-23T00:00:00,5,production,45.0,12.38,916.82,18.16,8.39,21.9,449.94,6.249,7.56,72.0,48.0,True,False,26.24,5.25,31.49,4316.39,2.32,5.36,62.6,0.676,102.82,0,0,0,195.35,8.14,1148.3,1.5,7.445,0.923,0.689
BGW-12,Baghewala-12 (pad C),2024-05-24T00:00:00,5,production,44.96,13.16,937.79,18.12,8.5,22.52,466.0,6.472,8.06,72.0,48.0,True,False,25.73,5.15,30.87,4342.11,2.38,5.55,67.57,0.678,108.96,0,0,0,209.27,8.72,1190.12,1.5,8.134,0.95,0.708
BGW-12,Baghewala-12 (pad C),2024-05-25T00:00:00,5,production,44.82,12.44,923.95,18.15,8.17,21.27,487.33,6.768,7.28,72.0,48.0,True,True,27.11,5.42,32.53,4369.22,2.45,5.48,67.24,0.677,102.0,0,0,0,203.4,8.47,1242.73,1.514,7.503,0.927,0.652
BGW-12,Baghewala-12 (pad C),2024-05-26T00:00:00,5,production,44.7,12.7,1080.02,17.52,8.36,24.58,447.93,6.221,7.14,72.0,48.0,True,True,26.64,5.33,31.97,4395.87,2.27,6.25,68.61,0.539,113.92,0,0,0,201.12,8.38,1143.95,1.5,7.548,0.95,0.803
BGW-12,Baghewala-12 (pad C),2024-05-27T00:00:00,5,production,44.6,12.52,989.17,17.86,8.46,22.3,446.6,6.203,7.93,72.0,48.0,True,True,26.78,5.36,32.13,4422.64,2.45,5.17,71.33,0.668,107.42,0,0,0,194.01,8.08,1139.78,1.5,7.245,0.95,0.707
BGW-12,Baghewala-12 (pad C),2024-05-28T00:00:00,5,production,44.47,12.52,923.85,18.21,8.41,22.76,470.23,6.531,7.37,72.0,48.0,True,True,27.04,5.41,32.45,4449.68,2.48,6.55,65.76,0.62,106.85,0,0,0,196.53,8.19,1199.15,1.5,7.268,0.95,0.725
BGW-12,Baghewala-12 (pad C),2024-05-29T00:00:00,6,production,44.0,12.29,993.37,18.05,8.39,20.4,456.62,6.342,8.01,72.0,48.0,True,True,33.47,6.69,40.16,4483.15,2.21,5.41,62.3,0.636,108.31,0,0,0,184.13,7.67,1163.65,1.5,5.502,0.95,0.721
BGW-12,Baghewala-12 (pad C),2024-05-30T00:00:00,6,injection,44.93,12.47,921.66,18.2,8.38,22.19,386.28,4.842,7.08,79.77,45.03,False,False,24.29,4.86,29.14,4507.44,2.41,4.67,76.53,0.695,103.02,0,0,0,178.02,7.42,987.07,1.5,7.33,0.93,0.641
BGW-12,Baghewala-12 (pad C),2024-05-31T00:00:00,6,injection,45.96,12.16,844.71,18.32,8.33,23.22,457.33,7.058,7.39,64.8,52.04,False,False,33.99,6.8,40.79,4541.42,2.32,4.34,63.79,0.747,98.53,0,0,0,187.72,7.82,1165.86,1.5,5.523,0.811,0.534
BGW-12,Baghewala-12 (pad C),2024-06-01T00:00:00,6,injection,46.84,12.6,963.7,17.62,8.94,23.78,394.19,5.004,7.45,78.78,44.1,False,False,29.19,5.84,35.03,4570.62,2.5,4.01,60.94,0.698,103.85,0,0,0,189.66,7.9,1008.22,1.5,6.497,0.95,0.688
BGW-12,Baghewala-12 (pad C),2024-06-02T00:00:00,6,soak,46.73,12.42,936.67,17.76,8.77,21.35,450.0,6.25,7.76,72.0,48.0,False,False,26.73,5.35,32.07,4597.34,2.33,4.0,65.28,0.734,102.83,0,0,0,188.15,7.84,1147.58,1.5,7.039,0.947,0.65
BGW-12,Baghewala-12 (pad C),2024-06-03T00:00:00,6,soak,46.67,12.39,817.65,18.32,8.3,23.76,450.0,6.25,7.76,72.0,48.0,False,False,26.5,5.3,31.8,4623.85,2.59,4.0,68.36,0.79,94.69,0,0,0,187.23,7.8,1147.47,1.5,7.065,0.758,0.501
BGW-12,Baghewala-12 (pad C),2024-06-04T00:00:00,6,soak,46.54,12.65,846.2,18.27,8.51,23.12,450.0,6.25,7.59,72.0,48.0,False,False,30.45,6.09,36.54,4654.3,2.38,4.0,66.27,0.746,94.86,0,0,0,185.15,7.71,1147.22,1.5,6.08,0.795,0.539
BGW-12,Baghewala-12 (pad C),2024-06-05T00:00:00,6,production,46.51,12.04,926.92,17.84,8.4,22.5,449.7,6.246,8.14,72.0,48.0,True,False,29.23,5.85,35.08,4683.53,2.38,5.37,62.25,0.669,106.9,0,0,0,199.57,8.32,1148.2,1.5,6.828,0.95,0.728
BGW-12,Baghewala-12 (pad C),2024-06-06T00:00:00,6,production,46.46,12.82,904.02,18.01,8.29,24.83,462.06,6.418,8.36,72.0,48.0,True,False,32.53,6.51,39.04,4716.06,2.33,4.8,64.54,0.748,101.83,0,0,0,185.54,7.73,1177.43,1.5,5.703,0.902,0.622
BGW-12,Baghewala-12 (pad C),2024-06-07T00:00:00,6,production,46.43,12.03,876.63,17.99,8.55,22.32,423.4,5.881,7.31,72.0,48.0,True,False,36.68,7.34,44.02,4752.74,2.65,6.87,55.91,0.637,110.26,0,0,0,205.52,8.56,1083.17,1.5,5.603,0.932,0.709
BGW-12,Baghewala-12 (pad C),2024-06-08T00:00:00,6,production,46.38,12.55,797.61,18.59,8.42,21.21,423.16,5.877,7.15,72.0,48.0,True,False,29.41,5.88,35.3,4782.16,2.41,5.49,57.81,0.726,102.28,0,0,0,194.62,8.11,1081.24,1.5,6.617,0.771,0.527
BGW-12,Baghewala-12 (pad C),2024-06-09T00:00:00,6,production,46.34,12.49,884.49,18.04,8.64,23.85,431.87,5.998,7.37,72.0,48.0,True,False,25.68,5.14,30.82,4807.84,2.41,5.71,69.71,0.736,102.07,0,0,0,196.89,8.2,1103.3,1.5,7.666,0.878,0.603
BGW-12,Baghewala-12 (pad C),2024-06-10T00:00:00,6,production,46.28,12.76,880.04,18.01,8.33,23.92,433.61,6.022,7.64,72.0,48.0,True,False,30.05,6.01,36.06,4837.89,2.51,4.74,64.68,0.7,103.46,0,0,0,191.39,7.97,1107.0,1.5,6.369,0.88,0.629
BGW-12,Baghewala-12 (pad C),2024-06-11T00:00:00,6,production,46.22,12.56,1010.65,17.67,8.78,24.57,488.12,6.779,7.27,72.0,48.0,True,False,32.11,6.42,38.54,4870.01,2.42,4.93,65.58,0.692,108.92,0,0,0,191.6,7.98,1243.28,1.5,5.966,0.95,0.688
BGW-12,Baghewala-12 (pad C),2024-06-12T00:00:00,6,production,46.25,12.89,889.52,18.18,8.7,23.21,429.98,5.972,7.81,72.0,48.0,True,False,29.35,5.87,35.22,4899.36,2.38,6.13,68.89,0.69,102.79,0,0,0,201.94,8.41,1099.19,1.5,6.88,0.888,0.663
BGW-12,Baghewala-12 (pad C),2024-06-13T00:00:00,6,production,46.12,12.63,877.84,18.21,8.32,22.1,427.79,5.941,7.81,72.0,48.0,True,False,25.08,5.02,30.09,4924.43,2.49,5.29,61.69,0.669,103.55,0,0,0,188.88,7.87,1092.13,1.5,7.532,0.878,0.633
BGW-12,Baghewala-12 (pad C),2024-06-14T00:00:00,6,production,46.02,12.18,826.25,18.37,8.53,22.91,458.96,6.374,7.88,72.0,48.0,True,False,24.06,4.81,28.87,4948.49,2.28,6.32,60.45,0.67,103.6,0,0,0,202.56,8.44,1171.71,1.5,8.42,0.813,0.631
BGW-12,Baghewala-12 (pad C),2024-06-15T00:00:00,6,production,45.9,13.01,806.87,18.45,8.48,23.14,427.95,5.944,7.56,72.0,48.0,True,False,27.46,5.49,32.96,4975.96,2.53,6.03,57.96,0.691,102.43,0,1,0,200.42,8.35,1093.93,1.5,7.298,0.783,0.545
BGW-12,Baghewala-12 (pad C),2024-06-16T00:00:00,6,production,45.85,12.52,927.57,17.87,8.29,24.28,422.17,5.863,7.59,72.0,48.0,True,False,26.41,5.28,31.69,5002.37,2.32,6.23,66.43,0.623,108.01,0,0,0,199.65,8.32,1079.37,1.5,7.56,0.95,0.709
BGW-12,Baghewala-12 (pad C),2024-06-17T00:00:00,6,production,45.78,12.68,982.7,17.71,8.59,21.16,467.45,6.492,7.83,72.0,48.0,True,False,25.95,5.19,31.14,5028.32,2.45,6.08,64.43,0.613,111.97,0,0,0,205.78,8.57,1193.31,1.5,7.93,0.95,0.772
BGW-12,Baghewala-12 (pad C),2024-06-18T00:00:00,6,production,45.72,12.38,1081.29,17.47,8.7,22.53,466.53,6.48,7.55,72.0,48.0,True,False,31.46,6.29,37.76,5059.78,2.4,5.29,61.37,0.605,114.18,0,0,0,194.19,8.09,1189.62,1.5,6.172,0.95,0.768
BGW-12,Baghewala-12 (pad C),2024-06-19T00:00:00,6,production,45.65,12.63,867.85,18.26,8.55,22.59,457.11,6.349,7.37,72.0,48.0,True,False,26.86,5.37,32.23,5086.64,2.33,4.78,56.59,0.704,105.1,0,0,0,185.68,7.74,1165.06,1.5,6.913,0.873,0.634
BGW-12,Baghewala-12 (pad C),2024-06-20T00:00:00,6,production,45.53,12.35,1081.74,17.35,8.4,23.99,466.46,6.479,7.54,72.0,48.0,True,False,29.96,5.99,35.95,5116.59,2.43,5.34,61.99,0.581,111.09,0,0,0,193.8,8.07,1189.41,1.5,6.469,0.95,0.756
BGW-12,Baghewala-12 (pad C),2024-06-21T00:00:00,6,production,45.45,12.21,900.61,18.14,8.69,23.79,438.22,6.086,7.42,72.0,48.0,True,False,27.0,5.4,32.4,5143.59,2.32,5.53,61.34,0.698,100.05,0,0,0,199.02,8.29,1119.42,1.5,7.372,0.888,0.627
BGW-12,Baghewala-12 (pad C),2024-06-22T00:00:00,6,production,45.4,12.48,1013.43,17.71,8.76,24.56,428.2,5.947,7.6,72.0,48.0,True,False,29.02,5.8,34.82,5172.61,2.38,4.87,68.07,0.687,107.02,0,0,0,187.24,7.8,1092.97,1.5,6.452,0.95,0.682
BGW-12,Baghewala-12 (pad C),2024-06-23T00:00:00,6,production,45.33,12.51,895.03,18.17,8.34,24.9,425.8,5.914,7.34,72.0,48.0,True,False,30.44,6.09,36.53,5203.05,2.51,4.86,75.94,0.726,105.31,0,0,0,185.08,7.71,1086.71,1.5,6.079,0.908,0.628
BGW-12,Baghewala-12 (pad C),2024-06-24T00:00:00,6,production,45.36,12.75,894.26,18.12,8.53,25.39,450.24,6.253,7.67,72.0,48.0,True,True,24.75,4.95,29.7,5227.81,2.49,4.72,66.2,0.702,102.32,1,0,0,184.32,7.68,1147.71,1.682,7.447,0.892,0.642
BGW-12,Baghewala-12 (pad C),2024-06-25T00:00:00,6,production,45.31,12.4,1057.49,17.62,8.11,26.52,440.5,6.118,7.76,72.0,48.0,True,True,31.47,6.29,37.76,5259.27,2.4,5.5,70.15,0.618,107.25,0,0,0,182.18,7.59,1123.11,1.5,5.79,0.95,0.697
BGW-12,Baghewala-12 (pad C),2024-06-26T00:00:00,6,production,45.19,11.75,884.73,18.17,8.47,23.18,441.88,6.137,7.89,72.0,48.0,True,True,30.86,6.17,37.03,5290.13,2.68,5.85,68.02,0.685,103.0,0,0,0,198.41,8.27,1128.52,1.5,6.43,0.883,0.69
BGW-12,Baghewala-12 (pad C),2024-06-27T00:00:00,6,production,45.18,12.23,991.86,17.93,8.43,22.43,459.53,6.382,7.85,72.0,48.0,True,True,27.43,5.49,32.91,5317.56,2.35,6.06,73.01,0.621,109.74,0,0,0,204.64,8.53,1173.37,1.5,7.462,0.95,0.705
BGW-12,Baghewala-12 (pad C),2024-06-28T00:00:00,7,production,44.0,12.19,1132.55,17.58,8.57,21.85,479.22,6.656,7.18,72.0,48.0,True,True,27.19,5.44,32.62,5344.74,2.45,4.97,62.49,0.579,113.38,0,0,0,189.99,7.92,1220.85,1.5,6.988,0.95,0.795
BGW-15,Baghewala-15 (pad C),2024-01-01T00:00:00,1,injection,48.35,12.3,725.03,18.52,8.32,17.56,407.25,5.137,7.85,79.28,47.44,False,False,39.68,7.94,47.62,39.68,2.39,4.74,68.1,0.79,95.31,0,0,0,183.39,7.64,1040.12,1.5,4.622,0.645,0.429
BGW-15,Baghewala-15 (pad C),2024-01-02T00:00:00,1,injection,49.65,12.28,905.08,17.36,8.29,14.33,408.87,5.966,7.42,68.53,37.8,False,False,31.68,6.34,38.02,71.36,2.41,4.42,51.66,0.719,103.93,0,0,0,176.86,7.37,1043.41,1.5,5.582,0.914,0.66
BGW-15,Baghewala-15 (pad C),2024-01-03T00:00:00,1,injection,51.33,12.08,610.87,18.52,8.59,16.36,492.11,6.654,7.33,73.96,47.6,False,False,41.89,8.38,50.26,113.25,2.31,4.55,67.27,0.852,88.07,0,0,0,189.12,7.88,1252.97,1.5,4.515,0.466,0.323
BGW-15,Baghewala-15 (pad C),2024-01-04T00:00:00,1,soak,51.19,12.41,685.0,18.18,8.56,16.48,450.0,6.25,7.36,72.0,48.0,False,False,34.24,6.85,41.08,147.48,2.45,4.0,78.02,0.855,92.31,0,0,0,178.07,7.42,1146.37,1.5,5.201,0.58,0.385
BGW-15,Baghewala-15 (pad C),2024-01-05T00:00:00,1,soak,51.08,12.26,799.81,17.6,8.56,15.71,450.0,6.25,7.4,72.0,48.0,False,False,36.84,7.37,44.21,184.32,2.49,4.0,65.71,0.793,96.0,0,0,0,181.66,7.57,1146.8,1.5,4.931,0.742,0.503
BGW-15,Baghewala-15 (pad C),2024-01-06T00:00:00,1,soak,51.0,12.29,746.14,17.92,8.32,12.58,450.0,6.25,7.46,72.0,48.0,False,False,36.91,7.38,44.29,221.23,2.43,4.0,69.04,0.83,101.32,0,0,0,188.96,7.87,1147.68,1.5,5.12,0.702,0.518
BGW-15,Baghewala-15 (pad C),2024-01-07T00:00:00,1,production,50.94,12.02,746.58,18.19,8.36,14.61,482.32,6.699,7.69,72.0,48.0,True,False,37.83,7.57,45.4,259.06,2.44,5.36,70.27,0.78,98.55,0,0,0,200.5,8.35,1229.85,1.5,5.3,0.688,0.509
BGW-15,Baghewala-15 (pad C),2024-01-08T00:00:00,1,production,50.82,12.25,709.87,18.24,8.35,16.95,458.02,6.361,7.24,72.0,48.0,True,False,37.96,7.59,45.55,297.02,2.33,6.11,67.42,0.755,97.03,0,0,0,200.91,8.37,1169.16,1.5,5.293,0.635,0.464
BGW-15,Baghewala-15 (pad C),2024-01-09T00:00:00,1,production,50.72,12.36,742.52,18.01,8.43,15.12,479.55,6.66,7.57,72.0,48.0,True,False,36.96,7.39,44.35,333.98,2.25,5.82,67.66,0.742,95.67,0,0,0,196.0,8.17,1222.39,1.5,5.303,0.669,0.495
BGW-15,Baghewala-15 (pad C),2024-01-10T00:00:00,1,production,50.65,12.76,829.54,17.56,8.46,14.37,468.71,6.51,7.5,72.0,48.0,True,False,31.21,6.24,37.45,365.19,2.32,5.07,57.91,0.772,100.64,0,0,0,184.57,7.69,1193.93,1.5,5.913,0.803,0.599
BGW-15,Baghewala-15 (pad C),2024-01-11T00:00:00,1,production,50.57,13.39,745.56,18.02,8.91,14.66,422.22,5.864,7.68,72.0,48.0,True,False,34.48,6.9,41.37,399.66,2.28,5.45,61.04,0.801,96.23,0,0,0,189.13,7.88,1078.24,1.5,5.486,0.676,0.487
BGW-15,Baghewala-15 (pad C),2024-01-12T00:00:00,1,production,50.5,12.77,760.26,17.89,8.41,14.53,436.08,6.057,7.51,72.0,48.0,True,False,37.52,7.5,45.03,437.19,2.35,5.4,76.4,0.805,95.4,0,0,0,183.74,7.66,1112.26,1.5,4.897,0.69,0.492
BGW-15,Baghewala-15 (pad C),2024-01-13T00:00:00,1,production,50.44,12.61,735.76,18.11,8.28,16.82,458.55,6.369,7.59,72.0,48.0,True,False,43.29,8.66,51.95,480.48,2.75,5.05,64.65,0.779,98.56,0,0,0,185.76,7.74,1168.66,1.5,4.291,0.675,0.48
BGW-15,Baghewala-15 (pad C),2024-01-14T00:00:00,1,production,50.37,12.58,766.32,17.94,8.57,16.87,427.23,5.934,7.08,72.0,48.0,True,False,36.73,7.35,44.08,517.21,2.59,4.53,62.87,0.795,97.13,0,0,0,194.95,8.12,1091.48,1.5,5.307,0.706,0.514
BGW-15,Baghewala-15 (pad C),2024-01-15T00:00:00,1,production,50.3,12.53,814.23,17.66,8.29,17.01,459.91,6.388,7.8,72.0,48.0,True,False,38.98,7.8,46.77,556.19,2.42,5.24,66.62,0.76,96.02,0,0,0,193.6,8.07,1173.0,1.5,4.967,0.76,0.53
BGW-15,Baghewala-15 (pad C),2024-01-16T00:00:00,1,production,50.25,13.03,737.82,18.05,8.47,15.73,449.55,6.244,7.88,72.0,48.0,True,False,34.65,6.93,41.59,590.84,2.62,5.74,72.83,0.749,102.31,0,0,0,207.55,8.65,1148.78,1.5,5.989,0.696,0.509
BGW-15,Baghewala-15 (pad C),2024-01-17T00:00:00,1,production,50.25,12.43,783.79,17.84,8.39,16.96,482.59,6.703,7.04,72.0,48.0,True,False,37.65,7.53,45.18,628.5,2.41,5.33,49.73,0.73,100.27,0,0,0,197.92,8.25,1230.24,1.5,5.256,0.744,0.578
BGW-15,Baghewala-15 (pad C),2024-01-18T00:00:00,1,production,50.16,12.85,718.7,18.1,8.49,15.97,453.5,6.299,7.63,72.0,48.0,True,False,34.06,6.81,40.88,662.56,2.45,4.34,73.83,0.81,91.37,0,0,0,185.66,7.74,1156.03,1.5,5.45,0.618,0.388
BGW-15,Baghewala-15 (pad C),2024-01-19T00:00:00,1,production,50.05,11.94,600.84,18.88,8.5,15.76,437.3,6.074,7.72,72.0,48.0,True,False,44.24,8.85,53.09,706.8,2.43,4.83,65.86,0.84,91.7,0,0,0,190.24,7.93,1116.07,1.5,4.3,0.472,0.357
BGW-15,Baghewala-15 (pad C),2024-01-20T00:00:00,1,production,49.94,12.52,743.46,18.07,8.68,15.64,459.65,6.384,7.95,72.0,48.0,True,False,42.7,8.54,51.24,749.5,2.49,5.77,75.98,0.765,99.8,0,0,0,193.41,8.06,1172.34,1.5,4.53,0.691,0.483
BGW-15,Baghewala-15 (pad C),2024-01-21T00:00:00,1,production,49.85,12.01,784.89,18.02,8.82,15.68,444.91,6.179,8.2,72.0,48.0,True,False,31.97,6.39,38.36,781.46,2.34,5.44,67.72,0.736,98.35,0,0,0,194.98,8.12,1135.66,1.5,6.099,0.735,0.512
BGW-15,Baghewala-15 (pad C),2024-01-22T00:00:00,1,production,49.74,12.29,741.69,18.03,8.65,17.6,422.1,5.863,7.26,72.0,48.0,True,False,32.7,6.54,39.24,814.16,2.4,5.57,65.74,0.777,98.23,0,0,0,196.52,8.19,1078.84,1.5,6.01,0.681,0.514
BGW-15,Baghewala-15 (pad C),2024-01-23T00:00:00,1,production,49.68,12.23,669.62,18.33,8.93,16.41,445.34,6.185,7.4,72.0,48.0,True,False,38.87,7.77,46.64,853.03,2.35,5.88,69.12,0.783,95.62,0,0,0,197.31,8.22,1137.02,1.5,5.077,0.578,0.425
BGW-15,Baghewala-15 (pad C),2024-01-24T00:00:00,1,production,49.59,12.27,752.0,18.19,8.61,18.07,479.95,6.666,7.53,72.0,48.0,True,False,36.43,7.29,43.71,889.46,2.33,5.42,69.22,0.78,98.54,0,0,0,197.13,8.21,1223.53,1.5,5.412,0.695,0.497
BGW-15,Baghewala-15 (pad C),2024-01-25T00:00:00,1,production,49.54,12.29,756.51,18.12,8.12,15.71,415.11,5.765,7.54,72.0,48.0,True,False,34.83,6.97,41.8,924.29,2.5,5.14,73.36,0.802,99.02,0,0,0,185.93,7.75,1060.08,1.5,5.338,0.703,0.537
BGW-15,Baghewala-15 (pad C),2024-01-26T00:00:00,1,production,49.44,12.74,822.89,17.72,8.78,16.26,485.92,6.749,7.23,72.0,48.0,True,True,36.03,7.21,43.23,960.32,2.4,4.77,63.76,0.745,98.51,0,0,0,190.01,7.92,1237.6,1.5,5.274,0.784,0.537
BGW-15,Baghewala-15 (pad C),2024-01-27T00:00:00,1,production,49.32,12.0,640.16,18.62,8.36,15.52,472.15,6.558,6.9,72.0,48.0,True,True,40.47,8.09,48.57,1000.79,2.5,5.44,62.57,0.804,93.29,0,0,0,200.31,8.35,1204.42,1.5,4.949,0.529,0.384
BGW-15,Baghewala-15 (pad C),2024-01-28T00:00:00,1,production,49.16,12.62,807.97,18.0,8.84,17.15,460.2,6.392,8.19,72.0,48.0,True,True,37.36,7.47,44.84,1038.15,2.24,6.5,68.22,0.699,104.46,0,0,0,214.15,8.92,1176.21,1.5,5.731,0.795,0.609
BGW-15,Baghewala-15 (pad C),2024-01-29T00:00:00,1,production,49.07,12.5,754.13,18.22,8.59,16.52,440.52,6.118,7.6,72.0,48.0,True,True,29.42,5.88,35.3,1067.57,2.43,5.57,66.08,0.691,98.4,0,0,0,192.76,8.03,1124.44,1.5,6.553,0.697,0.507
BGW-15,Baghewala-15 (pad C),2024-01-30T00:00:00,2,production,47.51,12.69,907.27,17.82,8.65,16.28,428.12,5.946,7.74,72.0,48.0,True,True,33.62,6.72,40.34,1101.19,2.44,5.38,60.74,0.73,102.11,0,0,0,194.28,8.1,1093.61,1.5,5.779,0.907,0.631
BGW-15,Baghewala-15 (pad C),2024-01-31T00:00:00,2,injection,48.98,12.15,744.53,18.21,8.52,16.33,439.86,7.04,6.95,62.48,56.57,False,False,27.16,5.43,32.59,1128.34,2.38,4.33,68.19,0.834,91.45,0,0,0,172.3,7.18,1120.32,1.5,6.345,0.65,0.458
BGW-15,Baghewala-15 (pad C),2024-02-01T00:00:00,2,injection,50.23,12.64,625.63,18.7,8.39,16.81,413.89,6.821,7.26,60.67,46.35,False,False,39.94,7.99,47.92,1168.28,2.51,4.52,66.67,0.848,86.06,0,0,0,173.2,7.22,1055.51,1.5,4.337,0.475,0.271
BGW-15,Baghewala-15 (pad C),2024-02-02T00:00:00,2,injection,51.72,12.43,797.69,17.45,8.31,16.7,414.6,6.702,7.36,61.86,59.82,False,False,31.42,6.28,37.7,1199.7,2.49,4.38,70.45,0.805,99.52,0,0,0,178.66,7.44,1057.93,1.5,5.686,0.757,0.54
BGW-15,Baghewala-15 (pad C),2024-02-03T00:00:00,2,soak,51.63,12.57,704.33,18.17,8.49,16.08,450.0,6.25,7.08,72.0,48.0,False,False,38.02,7.6,45.62,1237.72,2.49,4.0,62.82,0.867,94.58,0,0,0,183.71,7.65,1147.05,1.5,4.832,0.616,0.426
BGW-15,Baghewala-15 (pad C),2024-02-04T00:00:00,2,soak,51.57,12.3,803.05,17.45,8.24,16.83,450.0,6.25,7.56,72.0,48.0,False,False,34.6,6.92,41.52,1272.32,2.38,4.0,61.33,0.801,98.15,0,0,0,172.6,7.19,1145.71,1.5,4.988,0.757,0.544
BGW-15,Baghewala-15 (pad C),2024-02-05T00:00:00,2,soak,51.48,12.55,650.45,18.42,8.44,16.65,450.0,6.25,6.91,72.0,48.0,False,False,37.63,7.53,45.16,1309.96,2.27,4.0,61.61,0.922,87.0,0,0,0,187.72,7.82,1147.53,1.5,4.988,0.511,0.333
BGW-15,Baghewala-15 (pad C),2024-02-06T00:00:00,2,production,51.38,12.5,645.9,18.43,8.47,17.35,442.46,6.145,8.51,72.0,48.0,True,False,42.53,8.51,51.04,1352.49,2.25,5.41,72.1,0.828,92.78,0,0,0,185.58,7.73,1128.41,1.5,4.363,0.534,0.399
BGW-15,Baghewala-15 (pad C),2024-02-07T00:00:00,2,production,51.28,12.55,658.91,18.34,8.48,17.59,451.51,6.271,7.13,72.0,48.0,True,False,45.37,9.07,54.44,1397.85,2.49,6.53,56.15,0.726,97.87,0,0,0,209.8,8.74,1153.96,1.5,4.625,0.577,0.438
BGW-15,Baghewala-15 (pad C),2024-02-08T00:00:00,2,production,51.18,11.65,774.4,17.77,8.54,16.49,425.1,5.904,7.8,72.0,48.0,True,False,39.52,7.9,47.43,1437.38,2.46,6.38,65.79,0.72,99.61,0,0,0,197.8,8.24,1086.49,1.5,5.005,0.729,0.511
BGW-15,Baghewala-15 (pad C),2024-02-09T00:00:00,2,production,51.07,12.07,672.99,18.37,8.62,15.32,453.83,6.303,7.33,72.0,48.0,True,False,37.05,7.41,44.46,1474.42,2.37,6.15,67.22,0.745,94.89,0,0,0,207.11,8.63,1159.42,1.5,5.59,0.578,0.433
BGW-15,Baghewala-15 (pad C),2024-02-10T00:00:00,2,production,50.99,12.92,767.57,17.75,8.34,16.89,488.39,6.783,7.34,72.0,48.0,True,False,42.6,8.52,51.12,1517.02,2.41,5.75,60.9,0.759,102.08,0,0,0,190.2,7.93,1243.79,1.5,4.465,0.732,0.563
BGW-15,Baghewala-15 (pad C),2024-02-11T00:00:00,2,production,50.99,12.42,673.78,18.21,8.45,17.03,445.76,6.191,7.96,72.0,48.0,True,False,41.11,8.22,49.33,1558.13,2.45,6.02,59.85,0.759,92.85,0,0,0,197.63,8.23,1138.1,1.5,4.808,0.569,0.401
BGW-15,Baghewala-15 (pad C),2024-02-12T00:00:00,2,production,50.9,11.96,725.61,18.05,8.54,17.46,457.02,6.348,8.37,72.0,48.0,True,False,48.63,9.73,58.36,1606.76,2.42,5.59,62.65,0.803,99.23,0,0,0,196.61,8.19,1166.15,1.5,4.043,0.666,0.449
BGW-15,Baghewala-15 (pad C),2024-02-13T00:00:00,2,production,50.77,12.58,738.86,18.06,8.21,17.89,447.58,6.216,7.14,72.0,48.0,True,False,40.36,8.07,48.44,1647.12,2.44,5.54,60.91,0.795,97.02,0,0,0,199.28,8.3,1142.86,1.5,4.937,0.671,0.482
BGW-15,Baghewala-15 (pad C),2024-02-14T00:00:00,2,production,50.63,12.56,693.02,18.23,8.81,18.86,481.71,6.69,7.64,72.0,48.0,True,False,38.48,7.7,46.18,1685.6,2.38,5.29,61.8,0.805,94.94,0,0,0,198.03,8.25,1228.04,1.5,5.146,0.603,0.44
BGW-15,Baghewala-15 (pad C),2024-02-15T00:00:00,2,production,50.56,11.93,713.08,18.15,8.4,18.99,494.53,6.869,7.6,72.0,48.0,True,False,39.97,7.99,47.96,1725.57,2.33,5.67,62.23,0.783,91.47,0,0,0,191.94,8.0,1259.37,1.5,4.803,0.611,0.403
BGW-15,Baghewala-15 (pad C),2024-02-16T00:00:00,2,production,50.5,12.68,742.3,17.94,8.77,15.79,441.95,6.138,7.38,72.0,48.0,True,False,37.61,7.52,45.13,1763.18,2.28,5.64,62.38,0.771,97.92,0,0,0,201.59,8.4,1129.06,1.5,5.361,0.68,0.475
BGW-15,Baghewala-15 (pad C),2024-02-17T00:00:00,2,production,50.46,12.64,744.28,18.08,8.53,16.84,456.79,6.344,8.31,72.0,48.0,True,False,34.95,6.99,41.93,1798.12,2.39,5.79,62.51,0.787,95.76,0,0,0,209.48,8.73,1167.11,1.5,5.995,0.672,0.511
BGW-15,Baghewala-15 (pad C),2024-02-18T00:00:00,2,production,50.37,12.69,754.5,17.95,8.6,17.37,439.44,6.103,7.56,72.0,48.0,True,False,34.5,6.9,41.4,1832.62,2.52,5.49,65.04,0.741,102.19,0,0,0,187.22,7.8,1121.06,1.5,5.426,0.717,0.553
BGW-15,Baghewala-15 (pad C),2024-02-19T00:00:00,2,production,50.3,12.53,785.14,17.83,8.71,17.88,461.89,6.415,7.66,72.0,48.0,True,False,37.91,7.58,45.49,1870.53,2.53,5.03,67.52,0.754,98.69,0,0,0,195.33,8.14,1178.15,1.5,5.152,0.737,0.526
BGW-15,Baghewala-15 (pad C),2024-02-20T00:00:00,2,production,50.2,12.6,789.81,17.77,8.44,16.6,414.55,5.758,6.93,72.0,48.0,True,False,33.44,6.69,40.13,1903.98,2.51,5.22,62.25,0.748,98.92,0,0,0,188.61,7.86,1059.01,1.5,5.64,0.744,0.55
BGW-15,Baghewala-15 (pad C),2024-02-21T00:00:00,2,production,50.14,12.83,836.39,17.69,8.62,17.91,457.78,6.358,7.15,72.0,48.0,True,False,32.93,6.59,39.52,1936.91,2.31,5.35,59.38,0.738,95.45,0,1,0,194.6,8.11,1167.79,1.5,5.909,0.785,0.535
BGW-15,Baghewala-15 (pad C),2024-02-22T00:00:00,2,production,50.07,12.98,821.02,17.7,8.61,18.43,431.49,5.993,7.13,72.0,48.0,True,False,31.54,6.31,37.84,1968.45,2.51,5.57,64.39,0.741,99.83,0,0,0,202.82,8.45,1103.07,1.5,6.431,0.788,0.55
BGW-15,Baghewala-15 (pad C),2024-02-23T00:00:00,2,production,50.09,11.73,628.8,18.6,8.66,16.91,411.6,5.717,7.68,72.0,48.0,True,False,46.23,9.25,55.47,2014.68,2.45,5.94,63.71,0.834,95.27,0,0,0,191.46,7.98,1051.97,1.5,4.142,0.525,0.399
BGW-15,Baghewala-15 (pad C),2024-02-24T00:00:00,2,production,49.99,12.4,806.13,17.81,8.56,17.14,455.72,6.329,8.32,72.0,48.0,True,False,30.45,6.09,36.54,2045.13,2.21,5.48,59.46,0.697,93.18,0,0,0,203.14,8.46,1163.68,1.5,6.671,0.736,0.514
BGW-15,Baghewala-15 (pad C),2024-02-25T00:00:00,2,production,49.89,12.51,700.38,18.19,8.38,17.23,469.4,6.519,7.8,72.0,48.0,True,True,31.18,6.24,37.42,2076.31,2.35,5.58,57.36,0.784,93.86,0,0,0,205.06,8.54,1198.1,1.5,6.576,0.607,0.412
BGW-15,Baghewala-15 (pad C),2024-02-26T00:00:00,2,production,49.91,12.1,869.96,17.56,8.59,17.87,438.76,6.094,7.43,72.0,48.0,True,True,31.32,6.26,37.59,2107.64,2.54,5.61,57.64,0.694,105.46,0,0,0,199.06,8.29,1120.79,1.5,6.355,0.877,0.663
BGW-15,Baghewala-15 (pad C),2024-02-27T00:00:00,2,production,49.82,12.48,830.25,17.75,8.67,16.98,440.47,6.118,7.74,72.0,48.0,True,True,33.06,6.61,39.67,2140.69,2.45,5.92,66.77,0.715,102.4,0,0,0,202.71,8.45,1125.49,1.5,6.132,0.812,0.565
BGW-15,Baghewala-15 (pad C),2024-02-28T00:00:00,2,production,49.71,12.26,779.05,18.0,8.53,17.04,463.32,6.435,8.4,72.0,48.0,True,True,35.55,7.11,42.66,2176.24,2.47,5.71,73.54,0.721,97.14,0,0,0,202.85,8.45,1182.64,1.5,5.706,0.722,0.515
BGW-15,Baghewala-15 (pad C),2024-02-29T00:00:00,3,production,48.1,11.95,830.14,18.1,8.32,18.09,440.24,6.115,7.4,72.0,48.0,True,True,33.18,6.64,39.82,2209.43,2.47,5.09,67.17,0.734,100.15,0,1,0,185.72,7.74,1122.9,1.5,5.597,0.801,0.556
BGW-15,Baghewala-15 (pad C),2024-03-01T00:00:00,3,injection,49.51,12.54,849.8,17.72,8.35,19.06,444.22,6.5,6.8,68.34,47.46,False,False,35.84,7.17,43.01,2245.27,2.36,4.36,61.41,0.763,99.01,0,0,0,182.35,7.6,1132.43,1.5,5.087,0.82,0.567
BGW-15,Baghewala-15 (pad C),2024-03-02T00:00:00,3,injection,50.87,12.66,751.48,17.87,8.71,17.01,450.72,5.773,7.26,78.07,56.35,False,False,38.26,7.65,45.91,2283.53,2.29,4.26,58.92,0.783,95.13,0,0,0,194.8,8.12,1150.17,1.5,5.091,0.677,0.453
BGW-15,Baghewala-15 (pad C),2024-03-03T00:00:00,3,injection,52.28,12.95,684.63,18.09,8.57,18.93,422.38,6.278,7.87,67.28,53.06,False,False,43.14,8.63,51.77,2326.68,2.56,4.35,66.21,0.851,95.16,0,0,0,184.52,7.69,1078.1,1.5,4.277,0.594,0.415
BGW-15,Baghewala-15 (pad C),2024-03-04T00:00:00,3,soak,52.13,12.87,722.07,18.0,8.19,18.55,450.0,6.25,7.33,72.0,48.0,False,False,33.91,6.78,40.69,2360.58,2.23,4.0,64.03,0.83,89.5,0,0,0,182.88,7.62,1146.95,1.5,5.393,0.613,0.394
BGW-15,Baghewala-15 (pad C),2024-03-05T00:00:00,3,soak,52.05,12.55,630.77,18.31,8.64,17.57,450.0,6.25,7.26,72.0,48.0,False,False,41.0,8.2,49.2,2401.58,2.41,4.0,71.95,0.876,90.45,0,0,0,170.7,7.11,1145.48,1.5,4.164,0.503,0.374
BGW-15,Baghewala-15 (pad C),2024-03-06T00:00:00,3,soak,52.0,12.33,582.1,18.75,8.62,18.16,450.0,6.25,7.8,72.0,48.0,False,False,40.61,8.12,48.74,2442.2,2.34,4.0,60.25,0.87,86.75,0,0,0,181.41,7.56,1146.77,1.5,4.467,0.424,0.274
BGW-15,Baghewala-15 (pad C),2024-03-07T00:00:00,3,production,51.89,12.27,700.23,18.06,8.53,17.89,470.24,6.531,7.74,72.0,48.0,True,False,45.57,9.11,54.68,2487.76,2.29,5.95,67.63,0.81,97.32,0,0,0,194.51,8.1,1198.95,1.5,4.269,0.624,0.464
BGW-15,Baghewala-15 (pad C),2024-03-08T00:00:00,3,production,51.79,11.97,695.92,18.15,8.72,17.98,453.2,6.294,7.13,72.0,48.0,True,False,44.86,8.97,53.84,2532.63,2.3,6.78,60.19,0.773,99.78,0,0,0,210.66,8.78,1158.29,1.5,4.696,0.648,0.501
BGW-15,Baghewala-15 (pad C),2024-03-09T00:00:00,3,production,51.73,12.35,730.0,17.96,8.44,17.79,445.94,6.194,7.49,72.0,48.0,True,False,35.89,7.18,43.07,2568.52,2.19,5.51,69.09,0.778,93.29,0,0,0,188.71,7.86,1137.49,1.5,5.258,0.641,0.439
BGW-15,Baghewala-15 (pad C),2024-03-10T00:00:00,3,production,51.72,12.8,698.63,18.02,8.63,18.21,443.98,6.166,6.54,72.0,48.0,True,False,40.54,8.11,48.65,2609.06,2.28,5.12,67.77,0.81,93.79,0,0,0,184.6,7.69,1132.09,1.5,4.553,0.605,0.421
BGW-15,Baghewala-15 (pad C),2024-03-11T00:00:00,3,production,51.68,12.02,707.7,17.96,8.28,17.77,429.59,5.966,7.53,72.0,48.0,True,False,37.82,7.56,45.39,2646.88,2.32,5.31,68.3,0.799,94.61,0,0,0,197.99,8.25,1097.73,1.5,5.235,0.62,0.435
BGW-15,Baghewala-15 (pad C),2024-03-12T00:00:00,3,production,51.54,12.15,718.36,17.91,8.3,17.89,407.77,5.663,7.19,72.0,48.0,True,False,40.36,8.07,48.43,2687.23,2.26,5.39,63.91,0.777,96.41,0,0,0,192.02,8.0,1042.47,1.5,4.758,0.643,0.456
BGW-15,Baghewala-15 (pad C),2024-03-13T00:00:00,3,production,51.47,12.81,666.53,18.36,8.64,17.93,439.29,6.101,7.98,72.0,48.0,True,False,41.94,8.39,50.33,2729.18,2.44,6.41,59.39,0.768,96.49,0,0,0,195.86,8.16,1121.72,1.5,4.67,0.578,0.407
BGW-15,Baghewala-15 (pad C),2024-03-14T00:00:00,3,production,51.39,12.84,804.98,17.47,8.53,18.78,449.91,6.249,7.34,72.0,48.0,True,False,41.26,8.25,49.51,2770.44,2.49,5.73,68.67,0.733,101.74,0,0,0,196.05,8.17,1148.3,1.5,4.751,0.777,0.545
BGW-15,Baghewala-15 (pad C),2024-03-15T00:00:00,3,production,51.36,12.63,711.27,18.06,8.78,19.18,434.76,6.038,7.98,72.0,48.0,True,False,42.23,8.45,50.68,2812.67,2.47,5.36,54.95,0.791,98.01,0,0,0,190.22,7.93,1109.73,1.5,4.504,0.642,0.459
BGW-15,Baghewala-15 (pad C),2024-03-16T00:00:00,3,production,51.22,12.66,634.33,18.43,8.49,19.78,425.59,5.911,7.53,72.0,48.0,True,False,45.06,9.01,54.07,2857.73,2.37,5.43,65.16,0.798,92.6,0,0,0,194.68,8.11,1087.34,1.5,4.32,0.518,0.376
BGW-15,Baghewala-15 (pad C),2024-03-17T00:00:00,3,production,51.15,12.88,685.44,18.14,8.44,17.69,451.22,6.267,7.58,72.0,48.0,True,False,39.09,7.82,46.91,2896.83,2.33,4.9,73.39,0.815,89.79,0,0,0,183.22,7.63,1150.04,1.5,4.687,0.568,0.41
BGW-15,Baghewala-15 (pad C),2024-03-18T00:00:00,3,production,51.04,12.52,699.49,18.17,8.14,19.41,446.75,6.205,6.7,72.0,48.0,True,False,39.15,7.83,46.98,2935.98,2.46,5.35,57.34,0.798,99.09,0,0,0,195.93,8.16,1140.39,1.5,5.005,0.632,0.463
BGW-15,Baghewala-15 (pad C),2024-03-19T00:00:00,3,production,50.92,13.07,754.68,17.9,8.21,18.62,446.11,6.196,7.82,72.0,48.0,True,False,38.11,7.62,45.74,2974.09,2.4,5.18,59.82,0.802,95.92,0,0,0,189.95,7.91,1138.07,1.5,4.984,0.685,0.489
BGW-15,Baghewala-15 (pad C),2024-03-20T00:00:00,3,production,50.81,12.95,644.12,18.55,8.36,18.39,469.91,6.527,7.25,72.0,48.0,True,False,44.47,8.89,53.37,3018.56,2.32,6.05,65.37,0.806,91.89,0,0,0,197.73,8.24,1198.51,1.5,4.446,0.527,0.371
BGW-15,Baghewala-15 (pad C),2024-03-21T00:00:00,3,production,50.66,12.59,854.04,17.46,8.6,19.73,436.44,6.062,7.9,72.0,48.0,True,False,36.59,7.32,43.91,3055.15,2.44,5.46,60.63,0.722,100.9,0,0,0,195.25,8.14,1114.52,1.5,5.336,0.835,0.584
BGW-15,Baghewala-15 (pad C),2024-03-22T00:00:00,3,production,50.49,12.42,849.83,17.56,8.33,21.06,448.2,6.225,7.74,72.0,48.0,True,False,35.4,7.08,42.48,3090.55,2.41,5.39,64.26,0.706,100.14,0,0,0,192.09,8.0,1143.55,1.5,5.427,0.826,0.604
BGW-15,Baghewala-15 (pad C),2024-03-23T00:00:00,3,production,50.37,12.44,885.24,17.24,8.33,18.2,480.68,6.676,7.52,72.0,48.0,True,False,32.71,6.54,39.26,3123.26,2.31,5.46,63.67,0.712,103.13,0,0,0,199.04,8.29,1225.57,1.5,6.084,0.885,0.631
BGW-15,Baghewala-15 (pad C),2024-03-24T00:00:00,3,production,50.28,12.57,832.52,17.59,8.54,19.59,470.92,6.541,8.23,72.0,48.0,True,False,31.11,6.22,37.34,3154.37,2.43,5.1,62.22,0.683,97.8,0,0,0,189.06,7.88,1199.98,1.5,6.076,0.792,0.558
BGW-15,Baghewala-15 (pad C),2024-03-25T00:00:00,3,production,50.17,12.45,797.11,17.83,8.54,19.23,418.97,5.819,7.52,72.0,48.0,True,False,34.06,6.81,40.87,3188.44,2.32,5.26,62.98,0.736,97.52,0,0,0,190.47,7.94,1070.27,1.5,5.592,0.746,0.535
BGW-15,Baghewala-15 (pad C),2024-03-26T00:00:00,3,production,50.13,12.89,761.51,18.05,8.39,19.76,452.07,6.279,7.68,72.0,48.0,True,True,28.65,5.73,34.38,3217.09,2.3,4.57,60.53,0.832,92.93,0,0,0,191.56,7.98,1153.16,1.5,6.686,0.679,0.462
BGW-15,Baghewala-15 (pad C),2024-03-27T00:00:00,3,production,50.07,12.17,771.43,17.97,8.24,20.38,468.79,6.511,7.11,72.0,48.0,True,True,38.39,7.68,46.06,3255.47,2.38,5.6,54.11,0.713,100.42,0,0,0,204.82,8.53,1196.57,1.5,5.336,0.729,0.571
BGW-15,Baghewala-15 (pad C),2024-03-28T00:00:00,3,production,49.94,12.73,868.91,17.48,8.42,20.11,457.3,6.351,6.94,72.0,48.0,True,True,29.39,5.88,35.27,3284.87,2.49,4.81,72.98,0.761,101.01,0,0,0,191.99,8.0,1166.29,1.5,6.532,0.854,0.593
BGW-15,Baghewala-15 (pad C),2024-03-29T00:00:00,3,production,49.89,12.53,695.53,18.31,8.03,19.59,430.98,5.986,7.64,72.0,48.0,True,True,36.49,7.3,43.78,3321.35,2.31,5.45,61.32,0.782,98.9,0,0,0,199.97,8.33,1101.45,1.5,5.481,0.626,0.5
BGW-15,Baghewala-15 (pad C),2024-03-30T00:00:00,4,production,48.3,12.54,752.63,18.35,8.94,19.43,469.45,6.52,7.54,72.0,48.0,True,True,35.34,7.07,42.41,3356.7,2.39,5.37,65.68,0.757,97.18,0,0,0,191.85,7.99,1196.64,1.5,5.428,0.689,0.511
BGW-15,Baghewala-15 (pad C),2024-03-31T00:00:00,4,injection,49.54,12.76,816.32,17.82,8.94,18.71,436.1,5.185,7.93,84.12,50.53,False,False,32.81,6.56,39.37,3389.5,2.44,4.94,72.02,0.786,100.16,0,0,0,182.38,7.6,1112.15,1.5,5.559,0.784,0.579
BGW-15,Baghewala-15 (pad C),2024-04-01T00:00:00,4,injection,50.97,12.52,743.98,17.89,8.47,20.08,449.13,6.636,6.77,67.68,31.66,False,False,40.11,8.02,48.13,3429.61,2.47,4.72,61.1,0.824,97.7,0,0,0,191.04,7.96,1145.75,1.5,4.763,0.681,0.471
BGW-15,Baghewala-15 (pad C),2024-04-02T00:00:00,4,injection,52.29,12.38,692.08,17.98,8.79,18.67,477.94,7.699,7.79,62.08,55.8,False,False,39.51,7.9,47.41,3469.11,2.38,4.59,62.8,0.838,93.36,0,0,0,193.41,8.06,1218.07,1.5,4.896,0.594,0.418
BGW-15,Baghewala-15 (pad C),2024-04-03T00:00:00,4,soak,52.26,12.4,717.15,18.07,8.48,19.19,450.0,6.25,8.08,72.0,48.0,False,False,41.35,8.27,49.62,3510.46,2.5,4.0,67.24,0.859,91.89,0,0,0,192.51,8.02,1148.1,1.5,4.656,0.618,0.417
BGW-15,Baghewala-15 (pad C),2024-04-04T00:00:00,4,soak,52.14,12.57,736.04,17.74,8.43,20.84,450.0,6.25,7.44,72.0,48.0,False,False,32.44,6.49,38.92,3542.9,2.49,4.0,64.24,0.825,92.02,0,0,0,179.5,7.48,1146.54,1.5,5.534,0.643,0.433
BGW-15,Baghewala-15 (pad C),2024-04-05T00:00:00,4,soak,52.0,12.92,725.14,17.84,8.62,20.3,450.0,6.25,8.55,72.0,48.0,False,False,38.74,7.75,46.48,3581.64,2.57,4.0,60.45,0.828,98.15,0,0,0,186.71,7.78,1147.41,1.5,4.82,0.66,0.499
BGW-15,Baghewala-15 (pad C),2024-04-06T00:00:00,4,production,51.88,12.54,766.44,17.56,8.53,19.19,447.55,6.216,8.3,72.0,48.0,True,False,47.11,9.42,56.54,3628.75,2.59,5.4,69.14,0.784,102.63,0,0,0,187.97,7.83,1141.43,1.5,3.99,0.734,0.592
BGW-15,Baghewala-15 (pad C),2024-04-07T00:00:00,4,production,51.77,12.52,712.17,17.82,8.53,19.73,445.7,6.19,8.0,72.0,48.0,True,False,40.34,8.07,48.41,3669.09,2.45,4.65,76.65,0.831,95.89,0,0,0,194.41,8.1,1137.57,1.5,4.82,0.632,0.417
BGW-15,Baghewala-15 (pad C),2024-04-08T00:00:00,4,production,51.67,12.42,699.21,17.98,8.2,18.94,454.12,6.307,8.2,72.0,48.0,True,False,41.66,8.33,50.0,3710.75,2.33,5.92,62.9,0.793,93.41,0,0,0,200.99,8.37,1159.42,1.5,4.824,0.604,0.433
BGW-15,Baghewala-15 (pad C),2024-04-09T00:00:00,4,production,51.62,12.16,658.14,18.11,8.3,18.93,448.46,6.229,8.39,72.0,48.0,True,False,37.82,7.56,45.38,3748.57,2.54,5.82,57.11,0.77,92.75,0,0,0,187.8,7.83,1143.7,1.5,4.966,0.549,0.405
BGW-15,Baghewala-15 (pad C),2024-04-10T00:00:00,4,production,51.57,12.68,795.21,17.59,8.46,21.16,471.68,6.551,7.68,72.0,48.0,True,False,38.31,7.66,45.97,3786.88,2.43,5.8,58.93,0.704,99.47,0,0,0,201.33,8.39,1203.36,1.5,5.256,0.754,0.517
BGW-15,Baghewala-15 (pad C),2024-04-11T00:00:00,4,production,51.5,12.16,708.91,17.96,8.33,21.93,454.44,6.312,7.19,72.0,48.0,True,False,40.64,8.13,48.77,3827.52,2.36,5.06,64.24,0.788,95.08,0,0,0,187.45,7.81,1158.59,1.5,4.612,0.624,0.447
BGW-15,Baghewala-15 (pad C),2024-04-12T00:00:00,4,production,51.44,12.3,746.27,18.01,8.48,19.54,434.24,6.031,7.34,72.0,48.0,True,False,38.61,7.72,46.33,3866.13,2.41,4.86,67.46,0.798,96.65,0,0,0,182.75,7.61,1107.54,1.5,4.733,0.679,0.473
BGW-15,Baghewala-15 (pad C),2024-04-13T00:00:00,4,production,51.34,12.55,760.0,17.69,8.46,19.64,422.41,5.867,7.29,72.0,48.0,True,False,38.7,7.74,46.44,3904.83,2.46,5.96,63.3,0.766,99.35,0,0,0,193.03,8.04,1079.18,1.5,4.988,0.709,0.483
BGW-15,Baghewala-15 (pad C),2024-04-14T00:00:00,4,production,51.31,12.49,654.37,18.27,8.33,20.17,474.47,6.59,8.43,72.0,48.0,True,False,42.69,8.54,51.23,3947.52,2.31,6.23,66.07,0.768,94.11,0,0,0,202.84,8.45,1210.52,1.5,4.751,0.551,0.412
BGW-15,Baghewala-15 (pad C),2024-04-15T00:00:00,4,production,51.24,11.85,672.58,18.2,8.57,18.89,476.82,6.623,8.07,72.0,48.0,True,False,39.48,7.9,47.38,3987.0,2.33,5.9,58.52,0.749,91.27,0,0,0,198.29,8.26,1215.85,1.5,5.022,0.56,0.395
BGW-15,Baghewala-15 (pad C),2024-04-16T00:00:00,4,production,51.22,12.92,644.5,18.44,8.47,23.34,467.29,6.49,6.97,72.0,48.0,True,False,47.46,9.49,56.95,4034.46,2.45,4.97,69.97,0.838,93.69,0,0,0,186.09,7.75,1190.55,1.5,3.921,0.537,0.377
BGW-15,Baghewala-15 (pad C),2024-04-17T00:00:00,4,production,51.17,12.73,859.51,17.43,8.31,20.57,439.75,6.108,8.52,72.0,48.0,True,False,32.17,6.43,38.6,4066.63,2.51,5.65,69.29,0.736,99.82,0,0,0,195.05,8.13,1122.79,1.5,6.063,0.836,0.544
BGW-15,Baghewala-15 (pad C),2024-04-18T00:00:00,4,production,51.11,12.72,723.46,17.89,8.54,18.63,424.2,5.892,7.48,72.0,48.0,True,False,41.95,8.39,50.34,4108.58,2.51,5.85,66.93,0.728,99.35,0,0,0,190.74,7.95,1083.38,1.5,4.547,0.664,0.507
BGW-15,Baghewala-15 (pad C),2024-04-19T00:00:00,4,production,50.95,12.31,708.33,18.06,8.59,21.18,425.76,5.913,7.74,72.0,48.0,True,False,38.72,7.74,46.46,4147.3,2.54,5.04,64.9,0.804,97.22,0,1,0,190.47,7.94,1087.27,1.5,4.919,0.634,0.436
BGW-15,Baghewala-15 (pad C),2024-04-20T00:00:00,4,production,50.85,12.53,731.38,18.07,8.51,21.37,482.52,6.702,7.41,72.0,48.0,True,False,38.18,7.64,45.81,4185.47,2.41,6.23,62.22,0.715,101.13,0,0,0,193.84,8.08,1229.57,1.5,5.077,0.682,0.517
BGW-15,Baghewala-15 (pad C),2024-04-21T00:00:00,4,production,50.74,12.68,777.3,17.78,8.72,20.23,430.15,5.974,7.25,72.0,48.0,True,False,30.11,6.02,36.13,4215.59,2.32,5.33,75.81,0.722,97.02,0,0,0,193.03,8.04,1098.54,1.5,6.41,0.719,0.52
BGW-15,Baghewala-15 (pad C),2024-04-22T00:00:00,4,production,50.69,12.55,811.11,17.68,8.54,20.92,479.27,6.657,7.57,72.0,48.0,True,False,37.04,7.41,44.45,4252.63,2.25,6.26,67.58,0.706,101.08,0,0,0,195.02,8.13,1221.58,1.5,5.264,0.782,0.559
BGW-15,Baghewala-15 (pad C),2024-04-23T00:00:00,4,production,50.57,12.48,817.54,17.52,8.42,18.47,475.63,6.606,7.28,72.0,48.0,True,False,43.37,8.67,52.05,4296.0,2.34,6.85,66.2,0.73,101.77,0,0,0,207.58,8.65,1213.98,1.5,4.786,0.814,0.576
BGW-15,Baghewala-15 (pad C),2024-04-24T00:00:00,4,production,50.5,12.44,727.42,18.09,8.39,20.4,460.97,6.402,7.32,72.0,48.0,True,False,41.57,8.31,49.88,4337.57,2.42,5.97,62.67,0.736,98.72,0,0,0,196.06,8.17,1175.96,1.5,4.717,0.665,0.532
BGW-15,Baghewala-15 (pad C),2024-04-25T00:00:00,4,production,50.35,12.89,749.45,17.99,8.51,20.76,446.88,6.207,7.17,72.0,48.0,True,True,37.3,7.46,44.76,4374.87,2.37,6.58,59.04,0.709,102.44,0,0,0,204.54,8.52,1141.76,1.5,5.484,0.716,0.511
BGW-15,Baghewala-15 (pad C),2024-04-26T00:00:00,4,production,50.25,13.0,803.29,17.79,8.19,22.51,472.14,6.558,7.94,72.0,48.0,True,True,38.07,7.61,45.68,4412.94,2.46,5.9,66.82,0.736,104.64,0,0,0,198.33,8.26,1204.16,1.5,5.21,0.79,0.572
BGW-15,Baghewala-15 (pad C),2024-04-27T00:00:00,4,production,50.11,12.76,766.55,18.0,8.3,21.69,459.4,6.38,8.16,72.0,48.0,True,True,41.13,8.23,49.35,4454.07,2.49,5.96,72.33,0.739,97.33,0,0,0,197.02,8.21,1172.13,1.5,4.79,0.707,0.509
BGW-15,Baghewala-15 (pad C),2024-04-28T00:00:00,4,production,50.05,13.28,700.66,18.36,8.85,20.61,459.87,6.387,7.68,72.0,48.0,True,True,35.68,7.14,42.82,4489.75,2.28,5.12,66.84,0.813,94.49,0,0,0,187.15,7.8,1172.14,1.5,5.245,0.611,0.401
BGW-15,Baghewala-15 (pad C),2024-04-29T00:00:00,5,production,48.53,12.8,733.34,18.39,8.36,20.95,442.2,6.142,7.2,72.0,48.0,True,True,32.69,6.54,39.23,4522.44,2.38,6.79,62.94,0.723,96.91,0,0,0,205.26,8.55,1130.14,1.5,6.28,0.681,0.503
BGW-15,Baghewala-15 (pad C),2024-04-30T00:00:00,5,injection,50.03,12.34,894.33,17.4,8.47,21.27,424.54,5.539,8.38,76.65,46.26,False,False,31.27,6.25,37.52,4553.7,2.42,3.94,62.24,0.75,98.33,0,0,0,175.45,7.31,1082.41,1.5,5.612,0.872,0.598
BGW-15,Baghewala-15 (pad C),2024-05-01T00:00:00,5,injection,51.69,12.52,791.28,17.59,8.55,22.06,513.12,7.272,8.14,70.56,66.23,False,False,34.64,6.93,41.57,4588.35,2.33,4.38,60.75,0.801,98.53,0,0,0,186.29,7.76,1305.16,1.5,5.377,0.744,0.524
BGW-15,Baghewala-15 (pad C),2024-05-02T00:00:00,5,injection,53.09,11.57,698.16,17.8,8.41,19.31,424.87,5.462,7.62,77.79,48.53,False,False,38.63,7.73,46.36,4626.98,2.34,4.55,68.05,0.797,92.75,0,0,0,183.94,7.66,1084.24,1.5,4.762,0.599,0.392
BGW-15,Baghewala-15 (pad C),2024-05-03T00:00:00,5,soak,53.0,12.67,687.56,17.96,8.32,21.03,450.0,6.25,7.7,72.0,48.0,False,False,38.95,7.79,46.74,4665.92,2.41,4.0,70.9,0.846,93.18,0,0,0,180.62,7.53,1146.67,1.5,4.637,0.588,0.448
BGW-15,Baghewala-15 (pad C),2024-05-04T00:00:00,5,soak,52.93,12.6,635.01,18.27,8.22,21.41,450.0,6.25,7.37,72.0,48.0,False,False,44.74,8.95,53.68,4710.66,2.43,4.0,73.38,0.872,89.19,0,0,0,175.14,7.3,1146.02,1.5,3.915,0.502,0.336
BGW-15,Baghewala-15 (pad C),2024-05-05T00:00:00,5,soak,52.83,12.12,594.95,18.45,8.48,21.43,450.0,6.25,7.16,72.0,48.0,False,False,46.36,9.27,55.63,4757.02,2.26,4.0,70.7,0.904,89.3,0,0,0,184.01,7.67,1147.08,1.5,3.969,0.453,0.338
BGW-15,Baghewala-15 (pad C),2024-05-06T00:00:00,5,production,52.73,12.56,709.66,17.79,8.46,20.58,478.95,6.652,7.69,72.0,48.0,True,False,45.69,9.14,54.83,4802.71,2.34,6.16,64.9,0.737,95.38,0,0,0,199.8,8.33,1221.36,1.5,4.373,0.626,0.421
BGW-15,Baghewala-15 (pad C),2024-05-07T00:00:00,5,production,52.54,12.6,583.48,18.45,8.23,21.65,446.06,6.195,7.18,72.0,48.0,True,False,52.96,10.59,63.55,4855.67,2.42,4.56,62.84,0.902,88.12,0,0,0,181.89,7.58,1136.99,1.5,3.435,0.432,0.283
BGW-15,Baghewala-15 (pad C),2024-05-08T00:00:00,5,production,52.47,12.55,661.93,18.11,8.4,21.54,474.33,6.588,7.1,72.0,48.0,True,False,45.72,9.14,54.86,4901.39,2.6,5.52,66.94,0.814,95.46,0,0,0,195.47,8.14,1209.29,1.5,4.275,0.567,0.446
BGW-15,Baghewala-15 (pad C),2024-05-09T00:00:00,5,production,52.37,12.49,739.93,17.7,8.35,19.78,476.75,6.622,6.71,72.0,48.0,True,False,40.34,8.07,48.4,4941.73,2.36,5.96,63.77,0.728,103.16,0,0,0,205.33,8.56,1216.53,1.5,5.09,0.703,0.524
BGW-15,Baghewala-15 (pad C),2024-05-10T00:00:00,5,production,52.29,12.62,658.87,18.24,8.48,21.61,469.86,6.526,7.34,72.0,48.0,True,False,40.85,8.17,49.01,4982.57,2.42,5.09,64.36,0.842,93.04,0,0,0,191.12,7.96,1197.59,1.5,4.679,0.551,0.369
BGW-15,Baghewala-15 (pad C),2024-05-11T00:00:00,5,production,52.24,12.65,740.77,17.83,8.8,21.38,468.9,6.513,7.72,72.0,48.0,True,False,44.61,8.92,53.53,5027.18,2.49,5.24,56.85,0.756,100.06,0,0,0,186.06,7.75,1194.58,1.5,4.171,0.689,0.505
BGW-15,Baghewala-15 (pad C),2024-05-12T00:00:00,5,production,52.16,12.53,661.54,18.0,8.68,21.65,475.59,6.605,7.22,72.0,48.0,True,False,43.38,8.68,52.06,5070.57,2.34,6.25,73.69,0.777,92.26,0,0,0,211.17,8.8,1214.31,1.5,4.868,0.551,0.383
BGW-15,Baghewala-15 (pad C),2024-05-13T00:00:00,5,production,52.04,12.24,747.88,17.77,8.24,22.44,417.25,5.795,7.67,72.0,48.0,True,False,36.47,7.29,43.76,5107.04,2.27,5.02,61.75,0.775,92.31,0,0,0,182.66,7.61,1065.05,1.5,5.009,0.659,0.447
BGW-15,Baghewala-15 (pad C),2024-05-14T00:00:00,5,production,51.97,12.48,640.27,18.26,8.1,21.57,460.07,6.39,8.03,72.0,48.0,True,False,43.99,8.8,52.79,5151.03,2.34,5.88,69.58,0.818,98.49,0,0,0,188.62,7.86,1172.8,1.5,4.288,0.555,0.406
BGW-15,Baghewala-15 (pad C),2024-05-15T00:00:00,5,production,51.92,12.33,592.63,18.59,8.48,19.09,467.86,6.498,7.19,72.0,48.0,True,False,43.08,8.62,51.7,5194.11,2.52,4.67,64.57,0.852,88.4,0,0,0,187.64,7.82,1192.18,1.5,4.355,0.445,0.29
BGW-15,Baghewala-15 (pad C),2024-05-16T00:00:00,5,production,51.81,12.39,634.62,18.44,8.56,21.92,486.6,6.758,6.47,72.0,48.0,True,False,46.21,9.24,55.46,5240.32,2.53,5.66,64.93,0.816,95.84,0,0,0,192.02,8.0,1239.55,1.5,4.155,0.535,0.404
BGW-15,Baghewala-15 (pad C),2024-05-17T00:00:00,5,production,51.72,12.07,706.78,17.93,8.67,20.92,434.42,6.034,7.6,72.0,48.0,True,False,39.5,7.9,47.4,5279.82,2.26,5.63,63.71,0.737,95.57,0,0,0,194.42,8.1,1109.39,1.5,4.922,0.624,0.442
BGW-15,Baghewala-15 (pad C),2024-05-18T00:00:00,5,production,51.62,12.91,741.96,17.87,8.43,23.93,460.22,6.392,7.78,72.0,48.0,True,False,40.94,8.19,49.12,5320.76,2.46,5.6,65.93,0.754,103.86,0,0,0,189.32,7.89,1173.26,1.5,4.625,0.709,0.555
BGW-15,Baghewala-15 (pad C),2024-05-19T00:00:00,5,production,51.59,12.44,652.38,18.34,8.76,21.57,428.56,5.952,7.43,72.0,48.0,True,False,42.38,8.48,50.85,5363.13,2.44,4.7,60.65,0.853,88.34,0,0,0,197.59,8.23,1095.1,1.5,4.663,0.52,0.345
BGW-15,Baghewala-15 (pad C),2024-05-20T00:00:00,5,production,51.51,13.18,788.94,17.57,8.38,23.12,410.28,5.698,7.58,72.0,48.0,True,False,36.74,7.35,44.08,5399.87,2.45,5.78,63.33,0.709,100.97,0,0,0,193.83,8.08,1048.95,1.5,5.276,0.754,0.551
BGW-15,Baghewala-15 (pad C),2024-05-21T00:00:00,5,production,51.46,12.48,712.66,18.09,8.85,20.55,439.11,6.099,7.61,72.0,48.0,True,False,43.53,8.71,52.24,5443.4,2.36,6.8,69.41,0.728,95.0,0,0,0,199.91,8.33,1121.75,1.5,4.592,0.646,0.448
BGW-15,Baghewala-15 (pad C),2024-05-22T00:00:00,5,production,51.42,12.4,739.41,17.88,8.47,21.11,476.51,6.618,7.98,72.0,48.0,True,False,41.13,8.23,49.36,5484.54,2.38,5.33,58.54,0.761,97.12,0,0,0,187.88,7.83,1213.83,1.5,4.568,0.672,0.469
BGW-15,Baghewala-15 (pad C),2024-05-23T00:00:00,5,production,51.37,12.3,796.29,17.66,8.5,19.86,468.5,6.507,7.81,72.0,48.0,True,False,36.81,7.36,44.18,5521.35,2.37,5.48,60.38,0.74,100.93,0,0,0,198.66,8.28,1195.08,1.5,5.396,0.763,0.561
BGW-15,Baghewala-15 (pad C),2024-05-24T00:00:00,5,production,51.23,12.68,663.79,18.33,8.67,21.94,429.93,5.971,7.68,72.0,48.0,True,False,45.87,9.17,55.05,5567.22,2.43,6.28,58.02,0.781,93.27,0,0,0,188.24,7.84,1097.41,1.5,4.104,0.559,0.369
BGW-15,Baghewala-15 (pad C),2024-05-25T00:00:00,5,production,51.22,12.69,670.78,18.19,8.59,21.41,443.45,6.159,6.96,72.0,48.0,True,True,41.02,8.2,49.23,5608.24,2.18,4.75,64.51,0.833,92.85,0,0,0,175.58,7.32,1129.68,1.5,4.28,0.565,0.384
BGW-15,Baghewala-15 (pad C),2024-05-26T00:00:00,5,production,51.16,12.45,744.73,17.82,8.62,23.94,441.08,6.126,7.49,72.0,48.0,True,True,39.11,7.82,46.93,5647.35,2.28,5.69,67.01,0.759,97.49,0,0,0,193.1,8.05,1125.87,1.5,4.938,0.681,0.463
BGW-15,Baghewala-15 (pad C),2024-05-27T00:00:00,5,production,51.09,12.1,766.44,17.67,8.42,21.56,445.24,6.184,7.43,72.0,48.0,True,True,36.9,7.38,44.29,5684.26,2.49,5.71,70.17,0.731,102.7,0,0,0,192.41,8.02,1136.19,1.5,5.214,0.734,0.536
BGW-15,Baghewala-15 (pad C),2024-05-28T00:00:00,5,production,51.05,12.13,686.04,18.17,8.5,23.61,431.98,6.0,7.31,72.0,48.0,True,True,37.94,7.59,45.53,5722.2,2.45,5.56,65.16,0.819,96.95,0,0,0,197.7,8.24,1103.67,1.5,5.21,0.605,0.46
BGW-15,Baghewala-15 (pad C),2024-05-29T00:00:00,6,production,49.46,12.35,849.13,17.6,8.37,21.43,439.06,6.098,7.14,72.0,48.0,True,True,32.63,6.53,39.15,5754.83,2.41,4.53,68.01,0.775,96.97,0,0,0,181.96,7.58,1119.49,1.5,5.577,0.809,0.549
BGW-15,Baghewala-15 (pad C),2024-05-30T00:00:00,6,injection,50.98,12.71,650.01,18.42,8.24,23.54,468.34,7.29,7.52,64.24,44.18,False,False,40.82,8.16,48.98,5795.64,2.43,4.26,60.99,0.872,94.35,0,0,0,190.66,7.94,1193.74,1.5,4.671,0.547,0.401
BGW-15,Baghewala-15 (pad C),2024-05-31T00:00:00,6,injection,52.31,12.85,714.09,17.79,8.3,21.7,479.72,6.33,7.95,75.79,51.81,False,False,39.4,7.88,47.28,5835.05,2.45,3.99,69.68,0.858,93.92,0,0,0,179.89,7.5,1220.88,1.5,4.565,0.625,0.434
BGW-15,Baghewala-15 (pad C),2024-06-01T00:00:00,6,injection,53.73,12.62,680.49,17.94,8.45,20.95,420.46,6.283,7.68,66.92,44.75,False,False,41.46,8.29,49.75,5876.51,2.34,4.28,63.54,0.81,90.22,0,0,0,180.05,7.5,1072.76,1.5,4.343,0.564,0.37
BGW-15,Baghewala-15 (pad C),2024-06-02T00:00:00,6,soak,53.64,12.26,630.13,17.97,8.35,22.83,450.0,6.25,7.76,72.0,48.0,False,False,43.11,8.62,51.73,5919.61,2.31,4.0,70.64,0.884,87.17,0,0,0,179.57,7.48,1146.55,1.5,4.166,0.486,0.291
BGW-15,Baghewala-15 (pad C),2024-06-03T00:00:00,6,soak,53.56,12.94,573.71,18.25,8.33,22.46,450.0,6.25,7.33,72.0,48.0,False,False,43.26,8.65,51.91,5962.87,2.35,4.0,64.42,0.889,93.05,0,0,0,178.83,7.45,1146.46,1.5,4.134,0.445,0.331
BGW-15,Baghewala-15 (pad C),2024-06-04T00:00:00,6,soak,53.47,12.5,650.06,17.98,8.66,21.8,450.0,6.25,7.0,72.0,48.0,False,False,39.71,7.94,47.65,6002.58,2.23,4.0,58.13,0.844,90.0,0,0,0,182.34,7.6,1146.88,1.5,4.592,0.525,0.342
BGW-15,Baghewala-15 (pad C),2024-06-05T00:00:00,6,production,53.45,12.63,699.98,17.89,8.4,22.9,475.9,6.61,7.16,72.0,48.0,True,False,44.72,8.94,53.66,6047.3,2.42,5.55,59.66,0.782,95.42,0,0,0,203.13,8.46,1214.12,1.5,4.542,0.615,0.451
BGW-15,Baghewala-15 (pad C),2024-06-06T00:00:00,6,production,53.37,12.16,698.33,17.87,8.55,22.73,435.17,6.044,8.01,72.0,48.0,True,False,43.65,8.73,52.39,6090.95,2.51,5.91,60.75,0.777,97.88,0,0,0,203.38,8.47,1112.34,1.5,4.659,0.625,0.504
BGW-15,Baghewala-15 (pad C),2024-06-07T00:00:00,6,production,53.3,12.78,631.14,18.06,8.35,23.16,434.63,6.036,8.46,72.0,48.0,True,False,50.49,10.1,60.59,6141.44,2.49,5.12,64.1,0.845,86.05,0,0,0,189.53,7.9,1109.31,1.5,3.754,0.482,0.288
BGW-15,Baghewala-15 (pad C),2024-06-08T00:00:00,6,production,53.2,12.33,575.02,18.41,8.59,22.1,412.2,5.725,6.84,72.0,48.0,True,False,56.37,11.27,67.64,6197.81,2.5,5.88,64.58,0.84,95.83,0,0,0,194.64,8.11,1053.87,1.5,3.453,0.46,0.343
BGW-15,Baghewala-15 (pad C),2024-06-09T00:00:00,6,production,53.09,13.36,666.21,18.05,8.5,22.9,455.27,6.323,7.46,72.0,48.0,True,False,44.32,8.86,53.19,6242.14,2.27,5.18,64.49,0.822,89.86,0,0,0,189.78,7.91,1160.94,1.5,4.282,0.545,0.344
BGW-15,Baghewala-15 (pad C),2024-06-10T00:00:00,6,production,53.01,12.33,645.83,18.37,8.68,24.81,439.86,6.109,7.39,72.0,48.0,True,False,47.53,9.51,57.04,6289.67,2.5,5.17,67.64,0.81,89.03,0,0,0,194.27,8.09,1122.97,1.5,4.087,0.515,0.402
BGW-15,Baghewala-15 (pad C),2024-06-11T00:00:00,6,production,52.87,12.56,669.21,18.11,8.52,22.79,455.74,6.33,7.53,72.0,48.0,True,False,43.28,8.66,51.94,6332.95,2.69,5.73,71.39,0.788,97.7,0,0,0,193.62,8.07,1162.58,1.5,4.473,0.588,0.451
BGW-15,Baghewala-15 (pad C),2024-06-12T00:00:00,6,production,52.75,12.95,732.17,17.78,8.41,23.06,449.84,6.248,7.51,72.0,48.0,True,False,36.24,7.25,43.49,6369.19,2.27,6.01,61.67,0.731,99.1,0,0,0,196.23,8.18,1148.15,1.5,5.414,0.673,0.51
BGW-15,Baghewala-15 (pad C),2024-06-13T00:00:00,6,production,52.69,12.71,687.82,17.95,8.21,22.76,434.75,6.038,7.74,72.0,48.0,True,False,46.16,9.23,55.39,6415.36,2.56,6.5,72.79,0.764,99.12,0,0,0,204.5,8.52,1111.42,1.5,4.43,0.618,0.493
BGW-15,Baghewala-15 (pad C),2024-06-14T00:00:00,6,production,52.64,12.69,565.1,18.54,8.2,23.76,495.81,6.886,6.68,72.0,48.0,True,False,44.81,8.96,53.77,6460.16,2.44,4.64,62.74,0.909,87.65,0,0,0,185.13,7.71,1261.73,1.5,4.132,0.407,0.285
BGW-15,Baghewala-15 (pad C),2024-06-15T00:00:00,6,production,52.56,12.26,730.42,17.81,8.69,23.79,454.14,6.307,7.69,72.0,48.0,True,False,42.18,8.44,50.62,6502.35,2.55,4.74,71.48,0.787,93.73,0,0,0,203.55,8.48,1159.77,1.5,4.826,0.644,0.458
BGW-15,Baghewala-15 (pad C),2024-06-16T00:00:00,6,production,52.53,13.13,710.08,17.8,8.27,21.84,442.45,6.145,7.44,72.0,48.0,True,False,32.67,6.53,39.2,6535.02,2.35,4.53,66.62,0.836,95.91,0,0,0,185.44,7.73,1128.37,1.5,5.676,0.63,0.459
BGW-15,Baghewala-15 (pad C),2024-06-17T00:00:00,6,production,52.41,12.93,676.65,18.02,8.48,22.6,448.9,6.235,7.82,72.0,48.0,True,False,41.4,8.28,49.69,6576.42,2.37,5.17,60.93,0.777,95.88,0,0,0,191.97,8.0,1145.29,1.5,4.636,0.588,0.453
BGW-15,Baghewala-15 (pad C),2024-06-18T00:00:00,6,production,52.37,12.92,618.12,18.39,8.42,25.34,463.98,6.444,7.09,72.0,48.0,True,False,47.15,9.43,56.58,6623.57,2.31,5.8,66.75,0.828,93.24,0,0,0,198.12,8.25,1183.73,1.5,4.202,0.501,0.393
BGW-15,Baghewala-15 (pad C),2024-06-19T00:00:00,6,production,52.27,12.77,652.31,18.29,8.57,21.97,452.79,6.289,8.09,72.0,48.0,True,False,43.49,8.7,52.18,6667.06,2.32,5.28,63.06,0.837,90.33,0,0,0,190.94,7.96,1154.88,1.5,4.391,0.53,0.343
BGW-15,Baghewala-15 (pad C),2024-06-20T00:00:00,6,production,52.13,12.49,807.77,17.37,8.31,21.0,458.39,6.367,6.85,72.0,48.0,True,False,33.51,6.7,40.21,6700.57,2.25,6.2,65.41,0.704,99.22,0,0,0,196.44,8.18,1169.55,1.5,5.862,0.768,0.577
BGW-15,Baghewala-15 (pad C),2024-06-21T00:00:00,6,production,52.09,13.16,680.9,18.18,8.67,23.89,395.32,5.491,8.06,72.0,48.0,True,False,45.3,9.06,54.36,6745.87,2.56,5.93,73.88,0.796,98.13,0,0,0,193.38,8.06,1011.51,1.5,4.269,0.604,0.471
BGW-15,Baghewala-15 (pad C),2024-06-22T00:00:00,6,production,52.0,12.49,575.26,18.57,8.57,24.32,432.63,6.009,7.09,72.0,48.0,True,False,49.24,9.85,59.09,6795.11,2.35,5.77,64.75,0.826,89.44,0,0,0,198.7,8.28,1105.42,1.5,4.035,0.429,0.328
BGW-15,Baghewala-15 (pad C),2024-06-23T00:00:00,6,production,51.88,12.69,694.5,17.95,8.41,25.1,473.22,6.573,7.74,72.0,48.0,True,False,45.1,9.02,54.11,6840.2,2.52,5.81,61.78,0.761,94.36,0,0,0,186.07,7.75,1205.38,1.5,4.126,0.602,0.427
BGW-15,Baghewala-15 (pad C),2024-06-24T00:00:00,6,production,51.78,12.63,689.48,18.11,8.77,24.03,430.98,5.986,7.41,72.0,48.0,True,True,39.61,7.92,47.53,6879.82,2.35,4.92,72.95,0.827,98.83,0,0,0,185.48,7.73,1099.71,1.5,4.683,0.618,0.472
BGW-15,Baghewala-15 (pad C),2024-06-25T00:00:00,6,production,51.74,12.87,659.45,18.32,8.68,23.71,446.87,6.207,6.83,72.0,48.0,True,True,43.61,8.72,52.33,6923.43,2.41,5.13,58.85,0.822,95.52,0,0,0,181.38,7.56,1138.95,1.5,4.159,0.564,0.392
BGW-15,Baghewala-15 (pad C),2024-06-26T00:00:00,6,production,51.72,12.76,682.83,18.08,8.36,23.74,469.83,6.525,7.66,72.0,48.0,True,True,41.32,8.26,49.58,6964.74,2.33,5.21,58.54,0.816,94.81,0,0,0,188.04,7.84,1197.14,1.5,4.551,0.59,0.45
BGW-15,Baghewala-15 (pad C),2024-06-27T00:00:00,6,production,51.6,12.25,759.26,17.62,8.74,24.51,457.35,6.352,7.82,72.0,48.0,True,True,39.18,7.84,47.02,7003.92,2.4,5.57,63.96,0.77,99.04,0,0,0,189.9,7.91,1166.16,1.5,4.847,0.707,0.533
BGW-15,Baghewala-15 (pad C),2024-06-28T00:00:00,7,production,49.91,12.69,813.98,17.85,8.38,24.46,430.94,5.985,7.77,72.0,48.0,True,True,34.77,6.95,41.73,7038.7,2.47,5.71,57.93,0.707,99.45,0,0,0,192.04,8.0,1100.4,1.5,5.523,0.777,0.567
