well_id,well_name,timestamp,css_cycle_id,phase,reservoir_temperature,reservoir_pressure,oil_viscosity,oil_api,asphaltene_content,water_cut,steam_volume,steam_rate,injection_pressure,injection_duration,soak_time,production_start,production_cutoff,oil_rate_bopd,water_rate,total_fluid_rate,cumulative_oil,stroke_length,spm,vfd_setting,pump_efficiency,rod_load,pump_unsetting_event,rod_floating_event,rod_failure_event,energy_consumption,power,operating_cost,sor,energy_per_barrel,rod_floating_probability,failure_probability
BGW-01,Baghewala-01 (pad A),2024-01-01T00:00:00,1,injection,48.96,12.21,711.0,18.4,8.29,14.89,453.71,6.355,7.53,71.39,51.47,False,False,31.68,6.34,38.02,31.68,2.23,4.73,67.25,0.793,91.09,0,0,0,191.83,7.99,1157.3,1.5,6.055,0.607,0.403
BGW-01,Baghewala-01 (pad A),2024-01-02T00:00:00,1,injection,50.7,12.17,677.57,18.19,8.66,14.4,487.68,6.315,7.38,77.22,42.34,False,False,38.18,7.64,45.81,69.86,2.26,4.31,73.98,0.859,90.89,0,0,0,198.2,8.26,1242.98,1.5,5.192,0.564,0.399
BGW-01,Baghewala-01 (pad A),2024-01-03T00:00:00,1,injection,52.15,12.61,585.69,18.53,8.6,16.22,431.8,6.227,8.06,69.34,48.18,False,False,41.3,8.26,49.56,111.16,2.4,4.29,62.71,0.914,87.27,0,0,0,180.7,7.53,1101.19,1.5,4.375,0.431,0.323
BGW-01,Baghewala-01 (pad A),2024-01-04T00:00:00,1,soak,52.14,12.43,679.59,18.21,8.46,15.82,450.0,6.25,7.51,72.0,48.0,False,False,39.01,7.8,46.82,150.17,2.54,4.0,64.54,0.848,91.08,0,0,0,177.62,7.4,1146.31,1.5,4.553,0.567,0.393
BGW-01,Baghewala-01 (pad A),2024-01-05T00:00:00,1,soak,52.05,12.07,631.78,18.22,8.41,14.56,450.0,6.25,7.34,72.0,48.0,False,False,37.6,7.52,45.11,187.77,2.56,4.0,69.98,0.927,88.64,0,0,0,184.67,7.69,1147.16,1.5,4.912,0.495,0.33
BGW-01,Baghewala-01 (pad A),2024-01-06T00:00:00,1,soak,51.95,12.88,641.66,18.41,8.4,15.43,450.0,6.25,7.22,72.0,48.0,False,False,37.71,7.54,45.25,225.48,2.24,4.0,62.83,0.904,86.06,0,0,0,182.47,7.6,1146.9,1.5,4.839,0.495,0.348
BGW-01,Baghewala-01 (pad A),2024-01-07T00:00:00,1,production,51.95,12.39,764.27,17.55,8.45,14.66,466.36,6.477,6.91,72.0,48.0,True,False,39.43,7.89,47.32,264.91,2.5,5.53,65.1,0.727,98.95,0,0,0,196.04,8.17,1189.43,1.5,4.971,0.713,0.512
BGW-01,Baghewala-01 (pad A),2024-01-08T00:00:00,1,production,51.95,11.93,720.46,17.97,8.19,15.21,451.63,6.273,7.66,72.0,48.0,True,False,40.37,8.07,48.44,305.28,2.31,6.11,59.73,0.766,97.6,0,0,0,199.94,8.33,1153.06,1.5,4.953,0.651,0.45
BGW-01,Baghewala-01 (pad A),2024-01-09T00:00:00,1,production,51.9,12.52,680.85,18.1,8.82,16.78,424.68,5.898,8.02,72.0,48.0,True,False,35.42,7.08,42.51,340.7,2.44,4.96,63.54,0.802,91.64,0,0,0,177.7,7.4,1083.02,1.5,5.017,0.572,0.382
BGW-01,Baghewala-01 (pad A),2024-01-10T00:00:00,1,production,51.92,12.48,689.24,17.97,8.04,16.8,471.25,6.545,7.85,72.0,48.0,True,False,43.99,8.8,52.78,384.69,2.28,5.09,66.84,0.821,93.89,0,0,0,194.62,8.11,1201.49,1.5,4.425,0.594,0.429
BGW-01,Baghewala-01 (pad A),2024-01-11T00:00:00,1,production,51.76,12.09,847.29,17.2,8.29,14.84,443.58,6.161,7.45,72.0,48.0,True,False,33.09,6.62,39.7,417.77,2.44,5.19,61.6,0.762,100.63,0,0,0,198.96,8.29,1132.81,1.5,6.013,0.825,0.59
BGW-01,Baghewala-01 (pad A),2024-01-12T00:00:00,1,production,51.67,12.5,740.93,17.85,8.53,16.21,463.05,6.431,7.86,72.0,48.0,True,False,39.36,7.87,47.23,457.13,2.49,4.98,69.32,0.807,99.03,0,0,0,187.2,7.8,1180.1,1.5,4.756,0.684,0.517
BGW-01,Baghewala-01 (pad A),2024-01-13T00:00:00,1,production,51.62,12.51,658.04,18.35,8.6,14.9,444.64,6.176,7.07,72.0,48.0,True,False,43.7,8.74,52.44,500.83,2.47,5.17,61.22,0.813,96.32,0,0,0,194.4,8.1,1134.93,1.5,4.448,0.567,0.407
BGW-01,Baghewala-01 (pad A),2024-01-14T00:00:00,1,production,51.56,12.7,771.18,17.71,8.77,18.29,429.8,5.969,7.04,72.0,48.0,True,False,33.53,6.71,40.24,534.36,2.3,6.23,66.56,0.736,98.98,0,0,0,198.41,8.27,1098.31,1.5,5.917,0.721,0.522
BGW-01,Baghewala-01 (pad A),2024-01-15T00:00:00,1,production,51.49,11.94,790.91,17.73,8.31,15.67,449.84,6.248,7.1,72.0,48.0,True,False,34.41,6.88,41.29,568.77,2.34,5.29,54.18,0.752,101.18,0,0,0,199.44,8.31,1148.54,1.5,5.796,0.757,0.559
BGW-01,Baghewala-01 (pad A),2024-01-16T00:00:00,1,production,51.4,13.1,716.52,17.95,8.78,16.29,448.33,6.227,7.36,72.0,48.0,True,False,36.91,7.38,44.3,605.69,2.43,6.56,63.75,0.73,101.47,0,0,0,208.86,8.7,1145.89,1.5,5.658,0.669,0.473
BGW-01,Baghewala-01 (pad A),2024-01-17T00:00:00,1,production,51.31,12.94,741.31,17.88,8.63,14.5,434.82,6.039,8.1,72.0,48.0,True,False,36.77,7.35,44.13,642.46,2.51,6.0,67.78,0.729,101.49,0,0,0,190.48,7.94,1109.9,1.5,5.18,0.697,0.531
BGW-01,Baghewala-01 (pad A),2024-01-18T00:00:00,1,production,51.26,12.56,741.48,17.92,8.28,15.34,479.9,6.665,7.65,72.0,48.0,True,False,39.37,7.87,47.24,681.83,2.52,5.49,60.62,0.772,101.97,0,0,0,201.31,8.39,1223.9,1.5,5.114,0.699,0.543
BGW-01,Baghewala-01 (pad A),2024-01-19T00:00:00,1,production,51.17,12.85,737.69,17.89,8.48,16.62,417.24,5.795,7.76,72.0,48.0,True,False,34.04,6.81,40.85,715.87,2.38,4.17,58.54,0.802,94.91,0,0,0,180.2,7.51,1064.73,1.5,5.294,0.659,0.45
BGW-01,Baghewala-01 (pad A),2024-01-20T00:00:00,1,production,51.12,12.46,700.05,18.1,8.61,14.81,428.73,5.955,7.56,72.0,48.0,True,False,37.58,7.52,45.1,753.45,2.36,5.68,62.08,0.792,93.7,0,0,0,199.76,8.32,1095.8,1.5,5.316,0.606,0.411
BGW-01,Baghewala-01 (pad A),2024-01-21T00:00:00,1,production,51.01,12.07,726.58,17.99,8.31,15.7,424.75,5.899,7.81,72.0,48.0,True,False,34.65,6.93,41.58,788.1,2.48,4.56,63.1,0.778,94.7,0,0,0,182.25,7.59,1083.75,1.5,5.26,0.644,0.502
BGW-01,Baghewala-01 (pad A),2024-01-22T00:00:00,1,production,50.94,12.6,816.05,17.63,8.94,18.9,435.77,6.052,7.17,72.0,48.0,True,False,38.89,7.78,46.66,826.98,2.31,5.66,58.18,0.725,95.35,0,0,0,197.87,8.24,1113.17,1.5,5.088,0.759,0.502
BGW-01,Baghewala-01 (pad A),2024-01-23T00:00:00,1,production,50.91,12.29,709.25,18.22,8.52,14.64,475.27,6.601,7.63,72.0,48.0,True,False,39.68,7.94,47.62,866.67,2.43,5.52,64.85,0.754,97.06,0,0,0,192.29,8.01,1211.24,1.5,4.846,0.634,0.498
BGW-01,Baghewala-01 (pad A),2024-01-24T00:00:00,1,production,50.85,12.5,738.88,18.01,8.47,15.23,460.2,6.392,8.11,72.0,48.0,True,False,41.89,8.38,50.27,908.56,2.3,4.57,56.23,0.816,96.47,0,0,0,190.39,7.93,1173.34,1.5,4.545,0.668,0.446
BGW-01,Baghewala-01 (pad A),2024-01-25T00:00:00,1,production,50.74,12.67,798.79,17.81,8.27,15.21,449.1,6.237,7.41,72.0,48.0,True,False,35.63,7.13,42.75,944.18,2.46,5.39,67.43,0.748,101.97,0,0,0,195.57,8.15,1146.21,1.5,5.489,0.771,0.561
BGW-01,Baghewala-01 (pad A),2024-01-26T00:00:00,1,production,50.7,12.63,681.69,18.21,8.61,15.28,434.78,6.039,7.72,72.0,48.0,True,True,31.7,6.34,38.04,975.88,2.27,4.91,63.45,0.834,93.79,0,1,0,190.68,7.94,1109.84,1.5,6.015,0.584,0.415
BGW-01,Baghewala-01 (pad A),2024-01-27T00:00:00,1,production,50.61,12.47,780.14,17.67,8.75,16.61,462.48,6.423,7.58,72.0,48.0,True,True,35.18,7.04,42.21,1011.06,2.34,4.83,61.8,0.795,95.88,0,0,0,188.56,7.86,1178.82,1.5,5.36,0.717,0.514
BGW-01,Baghewala-01 (pad A),2024-01-28T00:00:00,1,production,50.57,12.38,749.65,18.02,8.67,15.7,442.54,6.146,7.4,72.0,48.0,True,True,41.33,8.27,49.6,1052.39,2.53,6.44,67.81,0.732,101.02,0,0,0,202.41,8.43,1130.65,1.5,4.897,0.705,0.577
BGW-01,Baghewala-01 (pad A),2024-01-29T00:00:00,1,production,50.49,12.77,689.47,18.23,8.49,18.94,498.95,6.93,7.35,72.0,48.0,True,True,42.18,8.44,50.62,1094.57,2.41,5.15,68.82,0.787,95.87,0,0,0,196.08,8.17,1270.9,1.5,4.648,0.604,0.473
BGW-01,Baghewala-01 (pad A),2024-01-30T00:00:00,2,production,48.91,12.61,815.61,17.87,8.44,15.68,471.1,6.543,6.99,72.0,48.0,True,True,37.17,7.43,44.61,1131.75,2.35,5.74,65.45,0.705,100.39,0,0,0,199.23,8.3,1201.66,1.5,5.359,0.784,0.595
BGW-01,Baghewala-01 (pad A),2024-01-31T00:00:00,2,injection,50.86,12.58,646.73,18.46,8.12,18.45,493.98,8.106,8.04,60.94,43.43,False,False,39.44,7.89,47.33,1171.19,2.52,4.33,61.7,0.873,91.88,0,0,0,192.14,8.01,1258.01,1.5,4.871,0.53,0.411
BGW-01,Baghewala-01 (pad A),2024-02-01T00:00:00,2,injection,52.47,12.37,761.99,17.46,8.48,17.89,445.62,5.881,7.27,75.77,49.03,False,False,36.57,7.31,43.88,1207.76,2.29,4.31,68.49,0.798,92.43,0,0,0,173.13,7.21,1134.83,1.5,4.735,0.677,0.46
BGW-01,Baghewala-01 (pad A),2024-02-02T00:00:00,2,injection,54.2,12.3,701.59,17.57,8.4,14.41,480.68,6.639,7.61,72.41,47.18,False,False,41.56,8.31,49.87,1249.32,2.52,4.68,69.78,0.81,92.76,0,0,0,181.28,7.55,1223.46,1.5,4.362,0.603,0.438
BGW-01,Baghewala-01 (pad A),2024-02-03T00:00:00,2,soak,54.16,12.45,682.32,17.72,8.44,17.67,450.0,6.25,8.28,72.0,48.0,False,False,42.96,8.59,51.56,1292.28,2.49,4.0,71.86,0.867,92.46,0,0,0,181.5,7.56,1146.78,1.5,4.225,0.578,0.414
BGW-01,Baghewala-01 (pad A),2024-02-04T00:00:00,2,soak,54.06,12.33,594.53,18.18,8.46,16.86,450.0,6.25,7.32,72.0,48.0,False,False,48.98,9.8,58.78,1341.26,2.53,4.0,64.22,0.906,89.32,0,0,0,188.09,7.84,1147.57,1.5,3.84,0.452,0.359
BGW-01,Baghewala-01 (pad A),2024-02-05T00:00:00,2,soak,53.99,12.61,657.97,17.81,8.63,15.67,450.0,6.25,7.95,72.0,48.0,False,False,42.71,8.54,51.25,1383.97,2.28,4.0,65.59,0.846,85.69,0,0,0,191.54,7.98,1147.98,1.5,4.485,0.513,0.345
BGW-01,Baghewala-01 (pad A),2024-02-06T00:00:00,2,production,53.84,12.47,648.35,18.07,8.3,18.5,482.51,6.702,7.62,72.0,48.0,True,False,49.3,9.86,59.15,1433.26,2.31,7.32,72.13,0.739,100.02,0,0,0,204.91,8.54,1230.87,1.5,4.157,0.622,0.482
BGW-01,Baghewala-01 (pad A),2024-02-07T00:00:00,2,production,53.8,11.88,608.94,18.3,8.42,15.17,478.75,6.649,7.22,72.0,48.0,True,False,54.06,10.81,64.87,1487.32,2.51,4.5,63.24,0.901,90.7,0,0,0,184.19,7.67,1218.98,1.5,3.407,0.477,0.361
BGW-01,Baghewala-01 (pad A),2024-02-08T00:00:00,2,production,53.73,12.02,676.58,17.79,8.47,16.47,436.73,6.066,7.45,72.0,48.0,True,False,47.97,9.59,57.57,1535.29,2.55,5.21,59.38,0.84,97.04,0,1,0,190.41,7.93,1114.68,1.5,3.969,0.593,0.464
BGW-01,Baghewala-01 (pad A),2024-02-09T00:00:00,2,production,53.7,12.4,599.14,18.41,8.36,16.36,438.15,6.085,7.74,72.0,48.0,True,False,52.34,10.47,62.81,1587.63,2.41,5.26,63.96,0.862,91.23,0,0,0,187.43,7.81,1117.87,1.5,3.581,0.468,0.345
BGW-01,Baghewala-01 (pad A),2024-02-10T00:00:00,2,production,53.59,12.62,731.12,17.39,8.5,17.96,461.37,6.408,7.72,72.0,48.0,True,False,41.77,8.35,50.13,1629.4,2.36,4.67,65.38,0.806,95.2,0,0,0,193.55,8.06,1176.66,1.5,4.633,0.652,0.487
BGW-01,Baghewala-01 (pad A),2024-02-11T00:00:00,2,production,53.48,12.32,650.61,17.94,8.54,17.29,419.42,5.825,7.44,72.0,48.0,True,False,43.99,8.8,52.79,1673.39,2.49,5.78,62.98,0.817,99.6,0,0,0,191.59,7.98,1071.53,1.5,4.355,0.574,0.455
BGW-01,Baghewala-01 (pad A),2024-02-12T00:00:00,2,production,53.46,12.18,680.21,17.75,8.79,17.69,466.29,6.476,8.04,72.0,48.0,True,False,42.93,8.59,51.51,1716.32,2.43,5.63,61.27,0.8,97.85,0,0,0,198.51,8.27,1189.55,1.5,4.624,0.602,0.505
BGW-01,Baghewala-01 (pad A),2024-02-13T00:00:00,2,production,53.4,12.32,697.87,17.95,8.15,18.99,451.47,6.27,7.55,72.0,48.0,True,False,42.84,8.57,51.41,1759.16,2.35,5.93,58.43,0.757,96.37,0,0,0,196.69,8.2,1152.27,1.5,4.591,0.617,0.435
BGW-01,Baghewala-01 (pad A),2024-02-14T00:00:00,2,production,53.29,12.67,656.43,18.02,8.43,16.51,472.08,6.557,7.49,72.0,48.0,True,False,53.8,10.76,64.56,1812.96,2.46,6.41,63.41,0.744,94.17,0,0,0,203.99,8.5,1204.67,1.5,3.792,0.554,0.418
BGW-01,Baghewala-01 (pad A),2024-02-15T00:00:00,2,production,53.2,12.3,686.15,17.85,8.38,16.26,478.59,6.647,6.67,72.0,48.0,True,False,44.5,8.9,53.4,1857.46,2.54,5.81,55.19,0.775,96.19,0,1,0,208.35,8.68,1221.47,1.5,4.682,0.601,0.457
BGW-01,Baghewala-01 (pad A),2024-02-16T00:00:00,2,production,53.16,12.57,706.27,17.82,8.5,17.66,451.16,6.266,7.45,72.0,48.0,True,False,45.54,9.11,54.65,1903.0,2.37,5.62,79.1,0.805,96.34,0,0,0,191.48,7.98,1150.87,1.5,4.205,0.627,0.452
BGW-01,Baghewala-01 (pad A),2024-02-17T00:00:00,2,production,53.1,12.7,694.98,17.88,8.45,17.17,441.69,6.135,7.25,72.0,48.0,True,False,43.03,8.61,51.64,1946.03,2.44,5.33,63.59,0.807,94.9,0,0,0,199.47,8.31,1128.17,1.5,4.635,0.606,0.447
BGW-01,Baghewala-01 (pad A),2024-02-18T00:00:00,2,production,53.06,12.69,664.98,17.95,8.39,18.14,416.56,5.786,7.27,72.0,48.0,True,False,45.5,9.1,54.6,1991.53,2.32,6.29,70.91,0.748,96.0,0,0,0,192.65,8.03,1064.51,1.5,4.234,0.574,0.405
BGW-01,Baghewala-01 (pad A),2024-02-19T00:00:00,2,production,53.05,12.14,699.99,17.68,8.58,17.77,434.76,6.038,7.53,72.0,48.0,True,False,38.07,7.61,45.68,2029.6,2.4,4.92,70.22,0.825,97.02,0,0,0,186.53,7.77,1109.29,1.5,4.9,0.623,0.455
BGW-01,Baghewala-01 (pad A),2024-02-20T00:00:00,2,production,53.04,12.75,655.46,18.18,8.7,15.5,472.29,6.56,7.3,72.0,48.0,True,False,48.6,9.72,58.32,2078.2,2.45,4.92,74.88,0.789,91.68,0,0,0,186.53,7.77,1203.11,1.5,3.838,0.54,0.378
BGW-01,Baghewala-01 (pad A),2024-02-21T00:00:00,2,production,52.96,12.6,652.24,18.1,8.6,18.04,451.07,6.265,6.85,72.0,48.0,True,False,39.16,7.83,46.99,2117.36,2.37,4.94,63.59,0.856,90.64,0,0,0,176.61,7.36,1148.88,1.5,4.51,0.531,0.353
BGW-01,Baghewala-01 (pad A),2024-02-22T00:00:00,2,production,52.92,13.38,715.18,17.76,8.58,17.5,436.68,6.065,7.86,72.0,48.0,True,False,33.71,6.74,40.46,2151.07,2.5,4.53,74.3,0.804,94.14,0,0,0,173.47,7.23,1112.52,1.5,5.146,0.627,0.44
BGW-01,Baghewala-01 (pad A),2024-02-23T00:00:00,2,production,52.89,12.13,564.46,18.51,8.33,18.71,422.81,5.872,7.22,72.0,48.0,True,False,45.06,9.01,54.07,2196.13,2.28,5.03,65.73,0.879,89.13,0,0,0,188.52,7.85,1079.64,1.5,4.184,0.414,0.317
BGW-01,Baghewala-01 (pad A),2024-02-24T00:00:00,2,production,52.77,12.44,661.28,18.14,8.35,16.36,490.44,6.812,7.33,72.0,48.0,True,False,38.75,7.75,46.5,2234.87,2.29,6.02,61.19,0.777,91.24,0,0,0,202.15,8.42,1250.35,1.5,5.217,0.545,0.364
BGW-01,Baghewala-01 (pad A),2024-02-25T00:00:00,2,production,52.7,12.51,672.29,18.04,8.64,18.75,488.96,6.791,7.18,72.0,48.0,True,True,38.45,7.69,46.14,2273.32,2.29,4.48,67.03,0.852,89.58,0,0,0,189.05,7.88,1245.09,1.5,4.917,0.551,0.354
BGW-01,Baghewala-01 (pad A),2024-02-26T00:00:00,2,production,52.58,12.63,563.83,18.53,8.39,17.46,438.11,6.085,7.05,72.0,48.0,True,True,47.09,9.42,56.5,2320.41,2.45,5.92,71.63,0.851,97.57,0,0,0,195.29,8.14,1118.7,1.5,4.147,0.455,0.362
BGW-01,Baghewala-01 (pad A),2024-02-27T00:00:00,2,production,52.52,12.83,744.98,17.79,8.4,15.96,443.34,6.157,7.0,72.0,48.0,True,True,39.29,7.86,47.14,2359.69,2.32,5.3,66.42,0.795,96.2,0,0,0,200.16,8.34,1132.36,1.5,5.095,0.675,0.469
BGW-01,Baghewala-01 (pad A),2024-02-28T00:00:00,2,production,52.43,12.24,701.71,17.95,8.4,17.38,459.4,6.381,7.51,72.0,48.0,True,True,41.49,8.3,49.78,2401.18,2.33,4.91,69.92,0.787,96.12,0,0,0,190.94,7.96,1171.41,1.5,4.603,0.62,0.456
BGW-01,Baghewala-01 (pad A),2024-02-29T00:00:00,3,production,50.85,12.96,723.01,18.11,8.44,16.62,431.69,5.996,7.67,72.0,48.0,True,True,39.54,7.91,47.45,2440.72,2.48,6.45,59.82,0.736,100.01,0,0,0,209.11,8.71,1104.33,1.5,5.288,0.666,0.488
BGW-01,Baghewala-01 (pad A),2024-03-01T00:00:00,3,injection,52.38,12.86,630.4,18.37,8.09,15.88,468.72,5.416,7.41,86.54,55.72,False,False,39.49,7.9,47.39,2480.22,2.22,4.14,68.43,0.859,89.02,0,0,0,180.1,7.5,1193.41,1.5,4.56,0.496,0.348
BGW-01,Baghewala-01 (pad A),2024-03-02T00:00:00,3,injection,53.89,12.46,606.67,18.18,8.41,17.64,448.33,6.223,7.47,72.04,58.84,False,False,45.8,9.16,54.96,2526.02,2.44,4.53,67.07,0.88,92.09,0,0,0,193.94,8.08,1144.11,1.5,4.234,0.481,0.338
BGW-01,Baghewala-01 (pad A),2024-03-03T00:00:00,3,injection,55.32,12.37,652.82,17.82,8.41,17.47,474.15,10.264,7.68,46.19,53.48,False,False,43.86,8.77,52.64,2569.88,2.21,3.91,66.28,0.857,89.69,0,0,0,177.13,7.38,1206.63,1.5,4.038,0.527,0.368
BGW-01,Baghewala-01 (pad A),2024-03-04T00:00:00,3,soak,55.21,12.23,644.94,17.64,8.08,17.59,450.0,6.25,7.86,72.0,48.0,False,False,46.48,9.3,55.78,2616.36,2.5,4.0,58.53,0.874,91.35,0,0,0,196.92,8.21,1148.63,1.5,4.237,0.525,0.375
BGW-01,Baghewala-01 (pad A),2024-03-05T00:00:00,3,soak,55.2,12.36,644.79,18.01,8.56,18.35,450.0,6.25,7.31,72.0,48.0,False,False,44.96,8.99,53.95,2661.32,2.53,4.0,66.83,0.885,93.77,0,0,0,187.77,7.82,1147.53,1.5,4.176,0.537,0.356
BGW-01,Baghewala-01 (pad A),2024-03-06T00:00:00,3,soak,55.1,12.72,665.77,17.56,8.19,17.28,450.0,6.25,8.01,72.0,48.0,False,False,39.63,7.93,47.56,2700.96,2.26,4.0,64.48,0.862,91.14,0,0,0,178.08,7.42,1146.37,1.5,4.493,0.55,0.405
BGW-01,Baghewala-01 (pad A),2024-03-07T00:00:00,3,production,55.03,12.63,676.01,17.65,8.39,17.9,451.03,6.264,7.48,72.0,48.0,True,False,54.45,10.89,65.34,2755.4,2.52,5.22,67.42,0.798,98.14,0,0,0,194.14,8.09,1150.87,1.5,3.566,0.598,0.434
BGW-01,Baghewala-01 (pad A),2024-03-08T00:00:00,3,production,54.98,12.78,632.94,17.71,8.74,18.36,415.59,5.772,7.2,72.0,48.0,True,False,47.08,9.42,56.5,2802.49,2.49,5.78,64.19,0.812,95.8,0,0,0,198.9,8.29,1062.84,1.5,4.224,0.533,0.426
BGW-01,Baghewala-01 (pad A),2024-03-09T00:00:00,3,production,54.92,12.22,620.33,18.09,8.29,19.51,414.91,5.763,7.82,72.0,48.0,True,False,47.0,9.4,56.4,2849.48,2.4,5.38,60.8,0.829,94.61,0,0,0,195.05,8.13,1060.68,1.5,4.15,0.511,0.354
BGW-01,Baghewala-01 (pad A),2024-03-10T00:00:00,3,production,54.79,12.95,536.97,18.56,8.81,18.74,425.6,5.911,7.46,72.0,48.0,True,False,43.18,8.64,51.81,2892.66,2.21,4.79,67.86,0.921,83.71,0,0,0,195.25,8.14,1087.42,1.5,4.522,0.352,0.221
BGW-01,Baghewala-01 (pad A),2024-03-11T00:00:00,3,production,54.74,12.29,557.12,18.34,8.64,17.85,436.55,6.063,6.93,72.0,48.0,True,False,57.8,11.56,69.36,2950.46,2.44,5.12,58.87,0.91,91.94,0,0,0,184.76,7.7,1113.55,1.5,3.197,0.419,0.29
BGW-01,Baghewala-01 (pad A),2024-03-12T00:00:00,3,production,54.7,12.39,650.95,17.68,8.01,22.28,485.72,6.746,6.88,72.0,48.0,True,False,51.84,10.37,62.21,3002.3,2.34,6.04,59.68,0.821,91.66,0,0,0,201.93,8.41,1238.54,1.5,3.895,0.534,0.336
BGW-01,Baghewala-01 (pad A),2024-03-13T00:00:00,3,production,54.66,12.69,696.88,17.58,8.3,20.14,457.41,6.353,7.62,72.0,48.0,True,False,36.55,7.31,43.86,3038.86,2.3,4.39,66.75,0.825,88.96,0,0,0,182.07,7.59,1165.37,1.5,4.981,0.578,0.441
BGW-01,Baghewala-01 (pad A),2024-03-14T00:00:00,3,production,54.61,12.17,560.54,18.41,8.72,20.56,438.77,6.094,6.78,72.0,48.0,True,False,50.09,10.02,60.11,3088.95,2.38,5.47,71.88,0.871,94.01,0,0,0,196.48,8.19,1120.5,1.5,3.922,0.433,0.33
BGW-01,Baghewala-01 (pad A),2024-03-15T00:00:00,3,production,54.43,12.3,593.34,18.35,8.54,19.25,444.71,6.176,7.99,72.0,48.0,True,False,51.1,10.22,61.32,3140.05,2.41,5.38,64.93,0.846,95.02,0,0,0,190.36,7.93,1134.61,1.5,3.725,0.479,0.349
BGW-01,Baghewala-01 (pad A),2024-03-16T00:00:00,3,production,54.36,12.23,607.84,18.06,8.54,18.8,467.49,6.493,6.34,72.0,48.0,True,False,47.66,9.53,57.19,3187.71,2.47,4.81,65.78,0.88,88.15,0,0,0,195.4,8.14,1192.18,1.5,4.1,0.463,0.293
BGW-01,Baghewala-01 (pad A),2024-03-17T00:00:00,3,production,54.27,12.44,688.79,17.79,8.6,19.14,448.52,6.229,8.05,72.0,48.0,True,False,49.8,9.96,59.76,3237.51,2.19,5.86,67.68,0.786,91.31,0,0,0,196.93,8.21,1144.93,1.5,3.954,0.58,0.374
BGW-01,Baghewala-01 (pad A),2024-03-18T00:00:00,3,production,54.14,12.34,599.69,18.01,8.19,20.25,450.44,6.256,7.75,72.0,48.0,True,False,46.96,9.39,56.35,3284.47,2.39,5.48,59.66,0.818,90.2,0,0,0,200.11,8.34,1150.12,1.5,4.261,0.463,0.325
BGW-01,Baghewala-01 (pad A),2024-03-19T00:00:00,3,production,54.06,12.43,662.83,17.89,8.44,18.26,460.43,6.395,7.74,72.0,48.0,True,False,49.5,9.9,59.4,3333.97,2.42,5.32,62.43,0.794,89.96,0,0,0,190.42,7.93,1173.93,1.5,3.847,0.541,0.35
BGW-01,Baghewala-01 (pad A),2024-03-20T00:00:00,3,production,53.98,12.79,537.99,18.79,8.47,20.77,467.38,6.491,7.3,72.0,48.0,True,False,53.03,10.61,63.64,3387.0,2.29,5.69,67.2,0.911,91.08,0,0,0,205.06,8.54,1193.05,1.5,3.867,0.39,0.33
BGW-01,Baghewala-01 (pad A),2024-03-21T00:00:00,3,production,53.94,12.12,575.27,18.37,8.4,20.38,458.03,6.362,7.1,72.0,48.0,True,False,53.15,10.63,63.78,3440.15,2.47,6.11,54.69,0.817,92.82,0,0,0,190.88,7.95,1167.99,1.5,3.591,0.446,0.337
BGW-01,Baghewala-01 (pad A),2024-03-22T00:00:00,3,production,53.95,12.12,663.53,17.86,8.65,18.1,476.78,6.622,7.19,72.0,48.0,True,False,47.88,9.58,57.46,3488.03,2.48,5.78,58.49,0.803,97.83,0,0,0,205.12,8.55,1216.56,1.5,4.284,0.581,0.427
BGW-01,Baghewala-01 (pad A),2024-03-23T00:00:00,3,production,53.84,12.27,591.82,18.29,8.32,19.42,443.86,6.165,7.68,72.0,48.0,True,False,47.65,9.53,57.19,3535.69,2.53,5.69,68.8,0.816,92.18,0,0,0,195.14,8.13,1133.07,1.5,4.095,0.463,0.335
BGW-01,Baghewala-01 (pad A),2024-03-24T00:00:00,3,production,53.75,11.85,681.9,17.69,9.0,19.56,434.93,6.041,6.88,72.0,48.0,True,False,45.75,9.15,54.9,3581.43,2.56,4.7,62.09,0.834,95.89,0,0,0,188.29,7.85,1109.93,1.5,4.116,0.594,0.445
BGW-01,Baghewala-01 (pad A),2024-03-25T00:00:00,3,production,53.64,11.96,591.52,18.35,8.67,19.64,475.8,6.608,7.63,72.0,48.0,True,False,49.67,9.93,59.6,3631.1,2.33,4.85,72.76,0.855,89.61,0,0,0,188.32,7.85,1212.09,1.5,3.792,0.45,0.345
BGW-01,Baghewala-01 (pad A),2024-03-26T00:00:00,3,production,53.65,12.48,679.11,17.77,8.53,17.83,476.74,6.621,8.06,72.0,48.0,True,True,41.5,8.3,49.8,3672.6,2.51,4.77,68.48,0.818,96.1,0,0,0,192.47,8.02,1214.93,1.5,4.638,0.592,0.423
BGW-01,Baghewala-01 (pad A),2024-03-27T00:00:00,3,production,53.51,12.79,680.32,17.76,8.15,19.06,459.12,6.377,7.76,72.0,48.0,True,True,53.36,10.67,64.04,3725.96,2.36,5.89,62.17,0.772,98.72,0,0,0,202.65,8.44,1172.11,1.5,3.798,0.606,0.471
BGW-01,Baghewala-01 (pad A),2024-03-28T00:00:00,3,production,53.42,12.47,629.95,18.1,8.58,18.58,416.87,5.79,6.98,72.0,48.0,True,True,46.28,9.26,55.53,3772.24,2.49,4.88,68.09,0.861,92.14,0,1,0,179.82,7.49,1063.75,1.5,3.886,0.511,0.367
BGW-01,Baghewala-01 (pad A),2024-03-29T00:00:00,3,production,53.37,12.34,609.63,18.34,8.36,19.11,439.85,6.109,7.53,72.0,48.0,True,True,52.23,10.45,62.68,3824.47,2.38,5.24,65.38,0.815,90.93,0,0,0,200.05,8.34,1123.63,1.5,3.83,0.479,0.346
BGW-01,Baghewala-01 (pad A),2024-03-30T00:00:00,4,production,51.82,12.46,675.23,18.14,8.51,19.15,471.28,6.546,6.79,72.0,48.0,True,True,43.84,8.77,52.6,3868.31,2.53,5.7,68.75,0.797,95.05,0,0,0,198.09,8.25,1201.97,1.5,4.519,0.582,0.464
BGW-01,Baghewala-01 (pad A),2024-03-31T00:00:00,4,injection,53.56,12.42,680.66,17.75,8.72,19.67,431.05,5.512,7.48,78.21,47.85,False,False,41.37,8.27,49.64,3909.68,2.46,4.37,60.68,0.873,93.61,0,0,0,181.69,7.57,1099.42,1.5,4.392,0.581,0.438
BGW-01,Baghewala-01 (pad A),2024-04-01T00:00:00,4,injection,54.99,12.14,627.23,17.89,8.41,19.17,405.01,4.897,6.43,82.71,51.58,False,False,51.56,10.31,61.87,3961.24,2.45,4.68,64.79,0.861,90.66,0,0,0,191.4,7.98,1035.49,1.5,3.712,0.5,0.369
BGW-01,Baghewala-01 (pad A),2024-04-02T00:00:00,4,injection,56.47,12.95,581.78,17.86,8.32,19.84,418.8,7.273,7.75,57.58,39.83,False,False,53.78,10.76,64.53,4015.02,2.38,4.36,72.76,0.831,90.79,0,0,0,174.77,7.28,1067.98,1.5,3.25,0.444,0.33
BGW-01,Baghewala-01 (pad A),2024-04-03T00:00:00,4,soak,56.4,12.49,540.1,18.09,8.43,19.13,450.0,6.25,7.79,72.0,48.0,False,False,48.99,9.8,58.78,4064.0,2.5,4.0,65.28,0.84,86.44,0,0,0,181.49,7.56,1146.78,1.5,3.705,0.37,0.27
BGW-01,Baghewala-01 (pad A),2024-04-04T00:00:00,4,soak,56.34,12.56,580.23,17.85,8.17,18.77,450.0,6.25,7.16,72.0,48.0,False,False,45.12,9.02,54.14,4109.12,2.39,4.0,70.57,0.884,84.34,0,0,0,174.84,7.29,1145.98,1.5,3.875,0.409,0.246
BGW-01,Baghewala-01 (pad A),2024-04-05T00:00:00,4,soak,56.32,12.42,553.87,18.28,8.3,19.05,450.0,6.25,7.84,72.0,48.0,False,False,47.11,9.42,56.54,4156.23,2.32,4.0,68.46,0.873,86.23,0,0,0,181.76,7.57,1146.81,1.5,3.858,0.386,0.276
BGW-01,Baghewala-01 (pad A),2024-04-06T00:00:00,4,production,56.24,12.82,646.37,17.54,8.33,20.54,472.23,6.559,7.24,72.0,48.0,True,False,48.58,9.72,58.3,4204.82,2.44,4.9,66.4,0.832,95.51,0,0,0,190.04,7.92,1203.39,1.5,3.912,0.548,0.402
BGW-01,Baghewala-01 (pad A),2024-04-07T00:00:00,4,production,56.21,12.38,624.17,17.67,8.03,20.63,460.24,6.392,7.91,72.0,48.0,True,False,48.21,9.64,57.85,4253.03,2.3,5.26,64.29,0.851,90.73,0,0,0,199.78,8.32,1174.57,1.5,4.144,0.496,0.321
BGW-01,Baghewala-01 (pad A),2024-04-08T00:00:00,4,production,56.11,12.48,659.75,17.5,8.38,23.19,431.89,5.999,7.84,72.0,48.0,True,False,49.85,9.97,59.82,4302.88,2.57,5.53,67.17,0.813,99.66,0,0,0,192.1,8.0,1102.79,1.5,3.853,0.585,0.466
BGW-01,Baghewala-01 (pad A),2024-04-09T00:00:00,4,production,56.04,12.08,595.03,17.92,8.43,18.64,445.26,6.184,7.78,72.0,48.0,True,False,54.63,10.93,65.56,4357.52,2.56,4.74,71.9,0.852,91.12,0,0,0,191.6,7.98,1136.13,1.5,3.507,0.462,0.331
BGW-01,Baghewala-01 (pad A),2024-04-10T00:00:00,4,production,55.99,12.51,634.0,17.75,8.68,18.19,469.64,6.523,7.1,72.0,48.0,True,False,52.88,10.58,63.46,4410.4,2.39,5.3,71.74,0.798,92.07,0,0,0,196.16,8.17,1197.65,1.5,3.709,0.515,0.369
BGW-01,Baghewala-01 (pad A),2024-04-11T00:00:00,4,production,55.9,12.56,660.29,17.38,8.53,21.18,467.25,6.49,7.28,72.0,48.0,True,False,48.19,9.64,57.82,4458.58,2.47,5.07,68.77,0.829,94.54,0,0,0,189.87,7.91,1190.92,1.5,3.94,0.561,0.406
BGW-01,Baghewala-01 (pad A),2024-04-12T00:00:00,4,production,55.88,12.54,635.13,17.57,8.43,21.64,430.86,5.984,6.98,72.0,48.0,True,False,53.15,10.63,63.78,4511.73,2.4,5.55,75.39,0.832,94.27,0,0,0,197.26,8.22,1100.82,1.5,3.712,0.528,0.392
BGW-01,Baghewala-01 (pad A),2024-04-13T00:00:00,4,production,55.86,12.71,597.65,17.83,8.42,20.55,463.2,6.433,6.83,72.0,48.0,True,False,58.02,11.6,69.62,4569.75,2.38,5.81,65.87,0.858,89.48,0,0,0,205.63,8.57,1182.68,1.5,3.544,0.457,0.298
BGW-01,Baghewala-01 (pad A),2024-04-14T00:00:00,4,production,55.82,12.51,604.53,18.01,8.58,19.71,423.33,5.88,8.39,72.0,48.0,True,False,50.83,10.17,61.0,4620.58,2.2,5.15,65.69,0.887,88.75,0,0,0,186.0,7.75,1080.65,1.5,3.659,0.462,0.318
BGW-01,Baghewala-01 (pad A),2024-04-15T00:00:00,4,production,55.74,12.75,701.17,17.24,8.63,21.11,466.62,6.481,7.47,72.0,48.0,True,False,47.44,9.49,56.93,4668.02,2.38,5.17,65.99,0.795,95.54,0,0,0,195.17,8.13,1189.96,1.5,4.114,0.617,0.425
BGW-01,Baghewala-01 (pad A),2024-04-16T00:00:00,4,production,55.71,11.88,610.18,17.8,8.38,21.17,445.68,6.19,7.81,72.0,48.0,True,False,45.58,9.12,54.7,4713.61,2.3,5.64,60.37,0.839,88.33,0,0,0,199.01,8.29,1138.09,1.5,4.366,0.467,0.362
BGW-01,Baghewala-01 (pad A),2024-04-17T00:00:00,4,production,55.68,12.29,560.29,18.07,8.54,19.88,473.41,6.575,7.73,72.0,48.0,True,False,53.33,10.67,64.0,4766.94,2.41,5.74,63.1,0.846,94.68,0,0,0,194.94,8.12,1206.92,1.5,3.656,0.436,0.364
BGW-01,Baghewala-01 (pad A),2024-04-18T00:00:00,4,production,55.62,12.75,609.89,17.71,8.71,20.28,455.49,6.326,7.8,72.0,48.0,True,False,51.67,10.33,62.0,4818.61,2.42,6.36,53.16,0.792,95.15,0,0,0,190.09,7.92,1161.52,1.5,3.679,0.501,0.388
BGW-01,Baghewala-01 (pad A),2024-04-19T00:00:00,4,production,55.5,12.79,612.4,17.95,8.61,20.22,454.19,6.308,7.04,72.0,48.0,True,False,48.03,9.61,57.64,4866.64,2.21,5.37,71.01,0.833,91.57,0,0,0,194.25,8.09,1158.79,1.5,4.044,0.486,0.353
BGW-01,Baghewala-01 (pad A),2024-04-20T00:00:00,4,production,55.48,12.56,451.57,18.87,8.59,19.78,438.39,6.089,8.08,72.0,48.0,True,False,63.76,12.75,76.51,4930.4,2.48,5.06,63.4,0.902,87.64,0,0,0,193.83,8.08,1119.24,1.5,3.04,0.265,0.202
BGW-01,Baghewala-01 (pad A),2024-04-21T00:00:00,4,production,55.4,12.6,564.49,18.12,8.56,21.22,450.78,6.261,7.5,72.0,48.0,True,False,65.44,13.09,78.53,4995.83,2.6,6.06,67.01,0.856,94.65,0,0,0,197.6,8.23,1150.67,1.5,3.02,0.441,0.308
BGW-01,Baghewala-01 (pad A),2024-04-22T00:00:00,4,production,55.32,11.83,715.53,17.19,8.77,20.45,437.58,6.077,6.53,72.0,48.0,True,False,39.86,7.97,47.83,5035.69,2.35,3.96,70.49,0.84,94.57,0,0,0,181.28,7.55,1115.69,1.5,4.548,0.63,0.445
BGW-01,Baghewala-01 (pad A),2024-04-23T00:00:00,4,production,55.31,12.73,575.48,18.46,8.18,23.19,473.67,6.579,7.79,72.0,48.0,True,False,53.4,10.68,64.08,5089.1,2.34,5.32,74.26,0.841,90.63,0,0,0,187.08,7.79,1206.63,1.5,3.503,0.435,0.335
BGW-01,Baghewala-01 (pad A),2024-04-24T00:00:00,4,production,55.29,12.58,648.07,17.81,8.54,19.23,453.13,6.293,6.77,72.0,48.0,True,False,45.63,9.13,54.76,5134.73,2.24,4.87,78.55,0.856,94.35,0,0,0,191.15,7.96,1155.76,1.5,4.189,0.544,0.351
BGW-01,Baghewala-01 (pad A),2024-04-25T00:00:00,4,production,55.27,12.48,569.13,18.15,8.39,21.61,472.19,6.558,7.81,72.0,48.0,True,True,53.79,10.76,64.55,5188.52,2.51,4.71,67.79,0.905,87.38,0,0,0,183.82,7.66,1202.55,1.5,3.417,0.411,0.292
BGW-01,Baghewala-01 (pad A),2024-04-26T00:00:00,4,production,55.22,12.33,590.17,17.98,8.49,21.06,412.79,5.733,7.77,72.0,48.0,True,True,55.47,11.09,66.56,5243.99,2.47,6.11,71.15,0.81,91.15,0,0,0,196.5,8.19,1055.56,1.5,3.543,0.456,0.324
BGW-01,Baghewala-01 (pad A),2024-04-27T00:00:00,4,production,55.11,12.59,648.83,17.61,8.45,19.65,425.77,5.913,7.61,72.0,48.0,True,True,54.81,10.96,65.78,5298.81,2.46,5.27,66.62,0.851,90.32,0,0,0,191.82,7.99,1087.45,1.5,3.5,0.525,0.359
BGW-01,Baghewala-01 (pad A),2024-04-28T00:00:00,4,production,55.02,12.74,682.65,17.74,8.75,21.33,456.68,6.343,7.57,72.0,48.0,True,True,42.26,8.45,50.71,5341.07,2.29,5.68,54.67,0.759,90.97,0,0,0,200.12,8.34,1165.72,1.5,4.735,0.571,0.374
BGW-01,Baghewala-01 (pad A),2024-04-29T00:00:00,5,production,53.4,13.02,689.82,17.8,8.27,22.1,460.38,6.394,7.17,72.0,48.0,True,True,43.95,8.79,52.74,5385.02,2.43,5.59,62.29,0.759,97.12,0,0,0,191.59,7.98,1173.94,1.5,4.359,0.61,0.469
BGW-01,Baghewala-01 (pad A),2024-04-30T00:00:00,5,injection,55.04,12.8,591.65,18.11,8.69,22.09,518.09,8.323,7.69,62.25,40.32,False,False,47.13,9.43,56.55,5432.14,2.32,4.47,69.42,0.901,88.96,0,0,0,184.44,7.69,1317.37,1.5,3.914,0.447,0.359
BGW-01,Baghewala-01 (pad A),2024-05-01T00:00:00,5,injection,56.58,12.41,560.05,18.0,8.66,22.61,465.25,5.868,7.28,79.29,45.4,False,False,53.32,10.66,63.98,5485.46,2.5,4.36,66.95,0.894,91.25,0,0,0,184.8,7.7,1185.29,1.5,3.466,0.419,0.329
BGW-01,Baghewala-01 (pad A),2024-05-02T00:00:00,5,injection,58.43,12.51,504.63,18.22,8.47,21.41,517.06,9.386,7.9,55.09,50.29,False,False,59.89,11.98,71.87,5545.35,2.5,4.11,67.66,0.855,86.54,0,0,0,195.2,8.13,1316.06,1.5,3.259,0.326,0.219
BGW-01,Baghewala-01 (pad A),2024-05-03T00:00:00,5,soak,58.34,12.73,435.71,18.56,8.7,19.9,450.0,6.25,7.48,72.0,48.0,False,False,59.48,11.9,71.38,5604.83,2.47,4.0,67.96,0.874,78.85,0,0,0,178.94,7.46,1146.47,1.5,3.008,0.201,0.12
BGW-01,Baghewala-01 (pad A),2024-05-04T00:00:00,5,soak,58.31,12.96,493.05,18.41,8.49,21.0,450.0,6.25,7.81,72.0,48.0,False,False,53.98,10.8,64.77,5658.81,2.49,4.0,66.29,0.897,82.95,0,0,0,185.66,7.74,1147.28,1.5,3.44,0.294,0.165
BGW-01,Baghewala-01 (pad A),2024-05-05T00:00:00,5,soak,58.21,12.46,552.98,17.74,8.66,21.34,450.0,6.25,7.3,72.0,48.0,False,False,50.98,10.2,61.18,5709.79,2.29,4.0,61.09,0.876,84.8,0,0,0,183.3,7.64,1147.0,1.5,3.595,0.378,0.242
BGW-01,Baghewala-01 (pad A),2024-05-06T00:00:00,5,production,58.14,12.53,555.37,17.85,8.16,22.37,447.63,6.217,6.83,72.0,48.0,True,False,62.3,12.46,74.77,5772.1,2.47,6.1,61.0,0.891,90.83,0,0,0,198.13,8.26,1142.84,1.5,3.18,0.411,0.318
BGW-01,Baghewala-01 (pad A),2024-05-07T00:00:00,5,production,58.05,12.48,532.09,18.05,9.0,21.52,465.21,6.461,6.9,72.0,48.0,True,False,63.15,12.63,75.78,5835.25,2.41,5.18,66.46,0.846,90.09,0,0,0,198.03,8.25,1186.79,1.5,3.136,0.378,0.28
BGW-01,Baghewala-01 (pad A),2024-05-08T00:00:00,5,production,57.98,12.39,593.37,17.57,8.67,21.79,415.27,5.768,8.01,72.0,48.0,True,False,56.86,11.37,68.23,5892.11,2.39,5.61,65.22,0.836,91.14,0,0,0,188.38,7.85,1060.77,1.5,3.313,0.46,0.305
BGW-01,Baghewala-01 (pad A),2024-05-09T00:00:00,5,production,57.93,12.69,600.43,17.56,8.58,21.58,441.59,6.133,7.34,72.0,48.0,True,False,59.42,11.88,71.31,5951.53,2.46,5.81,71.59,0.814,97.48,0,0,0,189.68,7.9,1126.75,1.5,3.192,0.5,0.403
BGW-01,Baghewala-01 (pad A),2024-05-10T00:00:00,5,production,57.9,12.48,535.29,17.86,8.7,23.46,458.84,6.373,7.32,72.0,48.0,True,False,65.31,13.06,78.37,6016.84,2.33,5.89,60.99,0.869,88.63,0,0,0,189.3,7.89,1169.81,1.5,2.899,0.375,0.272
BGW-01,Baghewala-01 (pad A),2024-05-11T00:00:00,5,production,57.81,12.66,493.1,18.33,8.7,21.01,403.93,5.61,8.1,72.0,48.0,True,False,65.52,13.1,78.63,6082.36,2.47,5.77,71.73,0.897,88.16,0,0,0,194.61,8.11,1033.18,1.5,2.97,0.32,0.297
BGW-01,Baghewala-01 (pad A),2024-05-12T00:00:00,5,production,57.75,13.36,611.12,17.63,8.62,21.81,448.21,6.225,7.85,72.0,48.0,True,False,63.03,12.61,75.64,6145.39,2.46,6.17,64.39,0.804,92.28,0,0,0,198.96,8.29,1144.41,1.5,3.156,0.488,0.325
BGW-01,Baghewala-01 (pad A),2024-05-13T00:00:00,5,production,57.63,12.62,575.58,17.63,8.08,21.52,441.27,6.129,7.26,72.0,48.0,True,False,60.99,12.2,73.19,6206.39,2.36,6.13,72.66,0.837,90.04,0,0,0,198.03,8.25,1126.94,1.5,3.247,0.432,0.329
BGW-01,Baghewala-01 (pad A),2024-05-14T00:00:00,5,production,57.6,13.07,545.02,18.16,8.19,21.87,442.68,6.148,7.25,72.0,48.0,True,False,55.11,11.02,66.14,6261.5,2.34,5.27,61.22,0.908,86.93,0,0,0,189.88,7.91,1129.48,1.5,3.445,0.378,0.264
BGW-01,Baghewala-01 (pad A),2024-05-15T00:00:00,5,production,57.62,13.0,516.91,18.24,8.43,22.53,431.42,5.992,7.34,72.0,48.0,True,False,67.9,13.58,81.47,6329.4,2.33,5.7,62.86,0.86,90.83,0,0,0,198.78,8.28,1102.4,1.5,2.928,0.363,0.334
BGW-01,Baghewala-01 (pad A),2024-05-16T00:00:00,5,production,57.6,12.72,470.74,18.6,8.59,21.42,452.8,6.289,8.06,72.0,48.0,True,False,71.64,14.33,85.97,6401.04,2.23,6.42,66.1,0.893,85.53,0,0,0,204.0,8.5,1156.49,1.5,2.848,0.279,0.224
BGW-01,Baghewala-01 (pad A),2024-05-17T00:00:00,5,production,57.51,12.35,627.62,17.39,8.52,22.0,445.55,6.188,7.78,72.0,48.0,True,False,51.85,10.37,62.22,6452.88,2.26,4.77,74.09,0.867,90.93,0,0,0,196.85,8.2,1137.5,1.5,3.797,0.502,0.359
BGW-01,Baghewala-01 (pad A),2024-05-18T00:00:00,5,production,57.46,12.49,578.64,17.73,8.74,21.65,440.09,6.112,7.39,72.0,48.0,True,False,53.96,10.79,64.75,6506.84,2.38,5.37,75.2,0.846,91.93,0,0,0,186.66,7.78,1122.62,1.5,3.46,0.445,0.322
BGW-01,Baghewala-01 (pad A),2024-05-19T00:00:00,5,production,57.42,12.1,576.79,17.85,8.93,20.11,449.79,6.247,8.18,72.0,48.0,True,False,47.85,9.57,57.42,6554.69,2.38,4.35,63.82,0.829,87.36,0,0,0,179.93,7.5,1146.06,1.5,3.76,0.42,0.305
BGW-01,Baghewala-01 (pad A),2024-05-20T00:00:00,5,production,57.27,12.91,567.65,17.77,8.45,21.08,461.19,6.405,7.55,72.0,48.0,True,False,56.8,11.36,68.16,6611.49,2.66,5.52,66.25,0.866,95.08,0,0,0,200.99,8.37,1177.1,1.5,3.539,0.447,0.323
BGW-01,Baghewala-01 (pad A),2024-05-21T00:00:00,5,production,57.19,12.74,538.31,18.03,8.26,20.43,435.94,6.055,7.47,72.0,48.0,True,False,51.47,10.29,61.77,6662.96,2.49,4.42,63.76,0.887,87.41,0,0,0,184.56,7.69,1112.0,1.5,3.586,0.372,0.278
BGW-01,Baghewala-01 (pad A),2024-05-22T00:00:00,5,production,57.12,12.31,544.87,18.06,8.5,22.49,468.29,6.504,7.08,72.0,48.0,True,False,76.23,15.25,91.48,6739.2,2.48,6.6,63.59,0.871,94.86,0,0,0,203.51,8.48,1195.15,1.5,2.67,0.424,0.325
BGW-01,Baghewala-01 (pad A),2024-05-23T00:00:00,5,production,56.98,13.08,590.34,17.91,8.42,23.09,440.35,6.116,7.19,72.0,48.0,True,False,56.47,11.29,67.77,6795.67,2.41,6.05,64.21,0.806,98.0,0,0,0,198.19,8.26,1124.65,1.5,3.509,0.49,0.393
BGW-01,Baghewala-01 (pad A),2024-05-24T00:00:00,5,production,56.99,12.43,641.16,17.39,8.34,24.38,439.2,6.1,7.89,72.0,48.0,True,False,58.45,11.69,70.14,6854.12,2.55,6.62,59.57,0.756,99.31,0,0,0,205.65,8.57,1122.68,1.5,3.518,0.568,0.462
BGW-01,Baghewala-01 (pad A),2024-05-25T00:00:00,5,production,56.89,12.59,547.28,18.04,8.59,21.6,447.81,6.22,7.87,72.0,48.0,True,True,56.31,11.26,67.57,6910.43,2.42,5.45,69.79,0.871,88.61,0,0,0,187.88,7.83,1142.06,1.5,3.336,0.39,0.254
BGW-01,Baghewala-01 (pad A),2024-05-26T00:00:00,5,production,56.82,12.64,586.38,17.98,8.05,22.85,436.02,6.056,7.22,72.0,48.0,True,True,56.31,11.26,67.58,6966.75,2.18,5.58,70.45,0.844,90.49,0,0,0,193.12,8.05,1113.21,1.5,3.429,0.448,0.329
BGW-01,Baghewala-01 (pad A),2024-05-27T00:00:00,5,production,56.78,12.63,523.18,18.32,8.38,22.66,463.85,6.442,7.59,72.0,48.0,True,True,61.05,12.21,73.26,7027.8,2.35,5.72,66.07,0.854,90.6,0,0,0,201.91,8.41,1183.86,1.5,3.307,0.369,0.277
BGW-01,Baghewala-01 (pad A),2024-05-28T00:00:00,5,production,56.74,12.66,549.66,18.16,8.32,21.66,461.72,6.413,7.54,72.0,48.0,True,True,64.74,12.95,77.69,7092.54,2.43,5.7,61.64,0.872,89.24,0,0,0,203.3,8.47,1178.69,1.5,3.14,0.396,0.274
BGW-01,Baghewala-01 (pad A),2024-05-29T00:00:00,6,production,55.27,12.73,634.04,17.71,8.71,23.62,434.94,6.041,6.9,72.0,48.0,True,True,51.48,10.3,61.78,7144.02,2.49,6.0,68.64,0.786,97.07,0,0,0,201.1,8.38,1111.48,1.5,3.906,0.54,0.453
BGW-01,Baghewala-01 (pad A),2024-05-30T00:00:00,6,injection,56.63,12.56,597.16,17.85,8.3,22.33,445.9,6.291,8.26,70.88,46.48,False,False,52.53,10.51,63.04,7196.55,2.27,4.39,66.11,0.843,87.89,0,0,0,186.76,7.78,1137.16,1.5,3.555,0.448,0.32
BGW-01,Baghewala-01 (pad A),2024-05-31T00:00:00,6,injection,57.93,12.83,508.21,18.24,8.51,23.5,398.38,5.651,6.45,70.5,53.1,False,False,60.68,12.14,72.82,7257.23,2.31,4.57,71.04,0.871,82.18,0,0,0,188.47,7.85,1018.56,1.5,3.106,0.309,0.24
BGW-01,Baghewala-01 (pad A),2024-06-01T00:00:00,6,injection,59.25,12.65,486.7,18.12,8.29,22.35,438.13,6.073,7.48,72.14,52.68,False,False,63.83,12.77,76.6,7321.06,2.37,4.21,65.46,0.89,82.6,0,0,0,186.54,7.77,1117.72,1.5,2.922,0.284,0.213
BGW-01,Baghewala-01 (pad A),2024-06-02T00:00:00,6,soak,59.18,12.43,594.09,17.45,8.46,21.63,450.0,6.25,6.83,72.0,48.0,False,False,50.95,10.19,61.14,7372.01,2.45,4.0,67.8,0.869,87.47,0,0,0,180.47,7.52,1146.66,1.5,3.542,0.442,0.32
BGW-01,Baghewala-01 (pad A),2024-06-03T00:00:00,6,soak,59.13,12.4,542.3,17.73,8.43,22.06,450.0,6.25,7.87,72.0,48.0,False,False,52.85,10.57,63.42,7424.87,2.22,4.0,68.86,0.881,84.57,0,0,0,174.7,7.28,1145.96,1.5,3.305,0.363,0.246
BGW-01,Baghewala-01 (pad A),2024-06-04T00:00:00,6,soak,59.08,12.19,542.65,17.77,8.47,21.41,450.0,6.25,7.55,72.0,48.0,False,False,55.17,11.03,66.21,7480.04,2.22,4.0,65.68,0.89,87.24,0,0,0,186.89,7.79,1147.43,1.5,3.387,0.377,0.278
BGW-01,Baghewala-01 (pad A),2024-06-05T00:00:00,6,production,59.08,12.67,525.5,17.96,8.4,22.55,420.7,5.843,6.69,72.0,48.0,True,False,63.56,12.71,76.27,7543.6,2.31,5.71,63.2,0.85,87.58,0,0,0,193.68,8.07,1075.0,1.5,3.047,0.357,0.25
BGW-01,Baghewala-01 (pad A),2024-06-06T00:00:00,6,production,58.94,12.55,542.67,17.77,8.14,21.78,447.82,6.22,7.63,72.0,48.0,True,False,59.45,11.89,71.34,7603.04,2.51,4.48,65.3,0.882,86.54,0,0,0,180.36,7.51,1141.2,1.5,3.034,0.374,0.282
BGW-01,Baghewala-01 (pad A),2024-06-07T00:00:00,6,production,58.85,12.33,466.31,18.37,8.69,20.95,469.41,6.52,7.31,72.0,48.0,True,False,67.73,13.55,81.27,7670.77,2.46,5.35,65.78,0.848,85.88,0,0,0,200.76,8.36,1197.61,1.5,2.964,0.275,0.181
BGW-01,Baghewala-01 (pad A),2024-06-08T00:00:00,6,production,58.76,12.5,488.97,18.2,8.42,22.96,456.64,6.342,7.11,72.0,48.0,True,False,71.27,14.25,85.52,7742.04,2.39,5.48,66.16,0.883,85.86,0,0,0,199.1,8.3,1165.5,1.5,2.794,0.303,0.24
BGW-01,Baghewala-01 (pad A),2024-06-09T00:00:00,6,production,58.75,12.11,513.82,17.91,8.6,23.62,462.23,6.42,7.33,72.0,48.0,True,False,72.96,14.59,87.55,7815.0,2.46,6.11,63.01,0.852,90.44,0,0,0,198.95,8.29,1179.44,1.5,2.727,0.357,0.279
BGW-01,Baghewala-01 (pad A),2024-06-10T00:00:00,6,production,58.7,13.24,558.48,17.77,8.98,22.16,463.0,6.431,7.8,72.0,48.0,True,False,58.17,11.63,69.8,7873.17,2.4,5.92,66.74,0.816,89.12,0,0,0,195.93,8.16,1181.02,1.5,3.368,0.406,0.281
BGW-01,Baghewala-01 (pad A),2024-06-11T00:00:00,6,production,58.62,12.39,468.42,18.39,8.49,21.77,420.2,5.836,7.8,72.0,48.0,True,False,64.63,12.93,77.55,7937.8,2.35,5.04,60.86,0.893,86.73,0,0,0,192.46,8.02,1073.61,1.5,2.978,0.282,0.211
BGW-01,Baghewala-01 (pad A),2024-06-12T00:00:00,6,production,58.51,12.53,535.02,17.79,8.7,24.67,443.08,6.154,7.84,72.0,48.0,True,False,66.33,13.27,79.59,8004.12,2.29,5.51,67.92,0.88,89.45,0,0,0,191.23,7.97,1130.64,1.5,2.883,0.379,0.273
BGW-01,Baghewala-01 (pad A),2024-06-13T00:00:00,6,production,58.4,13.03,534.51,18.0,8.67,24.22,455.66,6.329,7.56,72.0,48.0,True,False,68.47,13.69,82.17,8072.6,2.37,6.12,66.58,0.85,89.86,0,0,0,204.12,8.5,1163.64,1.5,2.981,0.38,0.295
BGW-01,Baghewala-01 (pad A),2024-06-14T00:00:00,6,production,58.37,12.35,544.37,17.94,8.97,22.42,465.66,6.467,7.62,72.0,48.0,True,False,60.24,12.05,72.28,8132.83,2.4,5.02,63.88,0.866,89.15,0,0,0,197.66,8.24,1187.86,1.5,3.281,0.389,0.29
BGW-01,Baghewala-01 (pad A),2024-06-15T00:00:00,6,production,58.27,12.74,488.18,18.29,8.57,22.4,455.42,6.325,7.22,72.0,48.0,True,False,75.72,15.14,90.87,8208.55,2.41,6.32,72.92,0.87,87.15,0,0,0,203.26,8.47,1162.95,1.5,2.684,0.308,0.24
BGW-01,Baghewala-01 (pad A),2024-06-16T00:00:00,6,production,58.21,12.53,586.24,17.57,8.37,23.58,439.66,6.106,7.55,72.0,48.0,True,False,62.26,12.45,74.72,8270.82,2.22,5.48,72.1,0.859,90.19,0,0,0,183.44,7.64,1121.16,1.5,2.946,0.446,0.313
BGW-01,Baghewala-01 (pad A),2024-06-17T00:00:00,6,production,58.2,13.0,506.33,18.09,8.54,23.88,483.31,6.713,7.72,72.0,48.0,True,False,66.43,13.29,79.72,8337.25,2.4,6.35,66.04,0.824,90.78,0,0,0,204.02,8.5,1232.75,1.5,3.071,0.349,0.252
BGW-01,Baghewala-01 (pad A),2024-06-18T00:00:00,6,production,58.08,12.21,524.88,18.07,8.42,25.63,466.07,6.473,7.78,72.0,48.0,True,False,59.56,11.91,71.47,8396.81,2.4,5.21,70.5,0.887,86.46,0,0,0,191.97,8.0,1188.21,1.5,3.223,0.351,0.273
BGW-01,Baghewala-01 (pad A),2024-06-19T00:00:00,6,production,57.97,12.68,547.12,17.9,8.2,23.34,428.07,5.945,7.1,72.0,48.0,True,False,66.42,13.28,79.71,8463.23,2.35,6.24,58.44,0.825,92.75,0,0,0,199.04,8.29,1094.06,1.5,2.997,0.41,0.348
BGW-01,Baghewala-01 (pad A),2024-06-20T00:00:00,6,production,57.92,12.56,471.08,18.46,8.82,22.19,434.03,6.028,7.15,72.0,48.0,True,False,64.49,12.9,77.39,8527.72,2.3,5.7,61.48,0.871,89.01,0,0,0,189.12,7.88,1107.77,1.5,2.933,0.296,0.268
BGW-01,Baghewala-01 (pad A),2024-06-21T00:00:00,6,production,57.9,12.74,477.89,18.38,8.4,25.88,449.73,6.246,7.5,72.0,48.0,True,False,74.6,14.92,89.52,8602.32,2.44,6.24,55.31,0.867,88.72,0,0,0,196.68,8.19,1147.92,1.5,2.636,0.303,0.227
BGW-01,Baghewala-01 (pad A),2024-06-22T00:00:00,6,production,57.81,12.27,565.36,17.89,8.34,23.49,464.32,6.449,6.93,72.0,48.0,True,False,72.71,14.54,87.25,8675.03,2.67,6.35,72.28,0.824,94.06,0,0,0,206.93,8.62,1185.63,1.5,2.846,0.44,0.368
BGW-01,Baghewala-01 (pad A),2024-06-23T00:00:00,6,production,57.73,12.62,537.12,18.19,8.52,22.92,451.82,6.275,7.5,72.0,48.0,True,False,63.5,12.7,76.2,8738.53,2.47,6.02,74.54,0.848,90.11,0,0,0,198.92,8.29,1153.42,1.5,3.133,0.384,0.315
BGW-01,Baghewala-01 (pad A),2024-06-24T00:00:00,6,production,57.64,11.91,531.68,18.12,8.33,22.26,409.33,5.685,7.33,72.0,48.0,True,True,63.39,12.68,76.07,8801.92,2.36,5.63,73.14,0.874,89.24,0,0,0,180.64,7.53,1045.0,1.5,2.85,0.373,0.271
BGW-01,Baghewala-01 (pad A),2024-06-25T00:00:00,6,production,57.58,12.79,548.65,18.06,8.62,23.93,417.76,5.802,7.52,72.0,48.0,True,True,61.04,12.21,73.24,8862.96,2.49,5.21,67.42,0.888,89.56,0,0,0,199.67,8.32,1068.36,1.5,3.271,0.396,0.311
BGW-01,Baghewala-01 (pad A),2024-06-26T00:00:00,6,production,57.47,12.08,570.62,17.9,8.7,25.55,463.67,6.44,7.02,72.0,48.0,True,True,59.1,11.82,70.92,8922.06,2.31,5.96,59.21,0.852,90.65,0,0,0,201.1,8.38,1183.31,1.5,3.403,0.429,0.31
BGW-01,Baghewala-01 (pad A),2024-06-27T00:00:00,6,production,57.37,11.8,472.4,18.46,8.32,23.02,438.39,6.089,7.81,72.0,48.0,True,True,64.68,12.94,77.61,8986.74,2.44,5.49,57.94,0.892,86.33,0,0,0,197.19,8.22,1119.64,1.5,3.049,0.285,0.201
BGW-01,Baghewala-01 (pad A),2024-06-28T00:00:00,7,production,55.84,12.67,607.41,17.84,8.68,23.56,437.02,6.07,7.95,72.0,48.0,True,True,47.16,9.43,56.59,9033.9,2.16,5.06,69.54,0.848,88.8,0,0,0,187.57,7.82,1115.05,1.5,3.977,0.466,0.324
BGW-04,Baghewala-04 (pad A),2024-01-01T00:00:00,1,injection,47.34,12.57,870.15,17.94,8.28,15.36,464.14,6.619,6.9,70.13,47.28,False,False,34.85,6.97,41.82,34.85,2.28,4.67,69.16,0.759,99.71,0,0,0,186.63,7.78,1182.74,1.5,5.355,0.849,0.607
BGW-04,Baghewala-04 (pad A),2024-01-02T00:00:00,1,injection,48.62,12.65,822.91,18.04,8.37,14.59,489.88,6.642,7.27,73.75,49.66,False,False,30.91,6.18,37.09,65.76,2.53,4.79,72.97,0.757,98.0,0,0,0,191.94,8.0,1247.74,1.5,6.21,0.781,0.496
BGW-04,Baghewala-04 (pad A),2024-01-03T00:00:00,1,injection,49.75,12.75,864.95,17.58,8.79,15.16,425.1,5.396,7.11,78.79,40.37,False,False,38.4,7.68,46.08,104.16,2.41,4.27,70.39,0.754,98.41,0,0,0,182.19,7.59,1084.61,1.5,4.744,0.836,0.551
BGW-04,Baghewala-04 (pad A),2024-01-04T00:00:00,1,soak,49.74,12.32,717.61,18.26,8.28,13.37,450.0,6.25,7.2,72.0,48.0,False,False,38.49,7.7,46.19,142.65,2.43,4.0,62.15,0.828,97.22,0,0,0,179.48,7.48,1146.54,1.5,4.663,0.646,0.483
BGW-04,Baghewala-04 (pad A),2024-01-05T00:00:00,1,soak,49.69,13.14,797.49,17.83,8.65,15.31,450.0,6.25,8.06,72.0,48.0,False,False,31.85,6.37,38.22,174.5,2.47,4.0,58.39,0.786,98.38,0,0,0,187.26,7.8,1147.47,1.5,5.88,0.751,0.545
BGW-04,Baghewala-04 (pad A),2024-01-06T00:00:00,1,soak,49.63,12.73,752.98,18.2,8.64,16.31,450.0,6.25,7.16,72.0,48.0,False,False,36.35,7.27,43.62,210.85,2.44,4.0,62.12,0.839,92.7,0,0,0,182.89,7.62,1146.95,1.5,5.031,0.667,0.467
BGW-04,Baghewala-04 (pad A),2024-01-07T00:00:00,1,production,49.57,12.36,652.57,18.73,8.93,13.37,425.74,5.913,8.29,72.0,48.0,True,False,36.05,7.21,43.26,246.9,2.25,6.02,68.75,0.748,92.46,0,0,0,191.75,7.99,1087.37,1.5,5.319,0.541,0.334
BGW-04,Baghewala-04 (pad A),2024-01-08T00:00:00,1,production,49.48,12.19,818.34,17.83,8.32,15.65,441.03,6.125,8.36,72.0,48.0,True,False,34.78,6.96,41.73,281.67,2.42,5.64,60.18,0.708,100.13,0,0,0,189.56,7.9,1125.33,1.5,5.451,0.786,0.564
BGW-04,Baghewala-04 (pad A),2024-01-09T00:00:00,1,production,49.37,12.76,769.45,18.15,8.63,15.24,433.58,6.022,7.63,72.0,48.0,True,False,38.73,7.75,46.47,320.4,2.21,6.14,63.08,0.723,101.34,0,0,0,204.55,8.52,1108.49,1.5,5.282,0.731,0.545
BGW-04,Baghewala-04 (pad A),2024-01-10T00:00:00,1,production,49.3,12.7,716.86,18.3,8.47,15.75,479.61,6.661,7.83,72.0,48.0,True,False,32.3,6.46,38.77,352.7,2.26,4.87,54.78,0.854,92.72,0,0,0,191.79,7.99,1222.05,1.5,5.937,0.622,0.435
BGW-04,Baghewala-04 (pad A),2024-01-11T00:00:00,1,production,49.21,12.23,707.01,18.44,8.2,15.2,456.89,6.346,7.93,72.0,48.0,True,False,40.99,8.2,49.19,393.7,2.35,5.62,61.12,0.723,98.57,0,0,0,206.6,8.61,1167.02,1.5,5.04,0.639,0.473
BGW-04,Baghewala-04 (pad A),2024-01-12T00:00:00,1,production,49.12,12.37,693.13,18.51,8.6,15.25,471.83,6.553,7.3,72.0,48.0,True,False,40.33,8.07,48.39,434.03,2.38,5.65,63.19,0.787,94.16,0,0,0,194.63,8.11,1202.94,1.5,4.826,0.6,0.441
BGW-04,Baghewala-04 (pad A),2024-01-13T00:00:00,1,production,49.13,12.86,817.69,17.85,8.05,15.65,484.22,6.725,7.04,72.0,48.0,True,False,32.54,6.51,39.05,466.57,2.37,6.69,62.1,0.678,103.7,0,0,0,195.33,8.14,1233.98,1.5,6.002,0.815,0.6
BGW-04,Baghewala-04 (pad A),2024-01-14T00:00:00,1,production,49.07,12.77,837.17,17.82,8.96,16.82,458.35,6.366,7.6,72.0,48.0,True,False,36.59,7.32,43.9,503.16,2.35,5.46,67.9,0.785,101.07,0,0,0,193.38,8.06,1169.09,1.5,5.285,0.814,0.613
BGW-04,Baghewala-04 (pad A),2024-01-15T00:00:00,1,production,48.97,12.79,856.3,17.79,8.32,14.54,404.8,5.622,7.4,72.0,48.0,True,False,32.72,6.54,39.27,535.88,2.38,5.8,58.88,0.711,105.52,0,0,0,193.22,8.05,1035.2,1.5,5.905,0.86,0.623
BGW-04,Baghewala-04 (pad A),2024-01-16T00:00:00,1,production,48.91,12.46,808.4,17.9,8.3,14.82,457.02,6.347,7.24,72.0,48.0,True,False,35.35,7.07,42.42,571.23,2.37,4.7,66.21,0.778,96.21,0,0,0,190.88,7.95,1165.45,1.5,5.399,0.754,0.481
BGW-04,Baghewala-04 (pad A),2024-01-17T00:00:00,1,production,48.84,12.88,846.82,17.86,8.14,17.18,454.56,6.313,7.37,72.0,48.0,True,False,34.22,6.84,41.07,605.45,2.51,5.46,63.15,0.742,107.27,0,0,0,196.47,8.19,1159.98,1.5,5.741,0.857,0.639
BGW-04,Baghewala-04 (pad A),2024-01-18T00:00:00,1,production,48.69,12.27,847.14,17.78,8.22,15.57,435.92,6.054,7.48,72.0,48.0,True,False,31.5,6.3,37.8,636.95,2.39,5.31,66.21,0.735,96.62,0,0,0,184.98,7.71,1112.0,1.5,5.872,0.805,0.561
BGW-04,Baghewala-04 (pad A),2024-01-19T00:00:00,1,production,48.58,12.67,756.35,18.16,8.53,17.4,453.2,6.294,7.64,72.0,48.0,True,False,33.28,6.66,39.94,670.24,2.51,5.59,69.42,0.744,98.55,0,0,0,197.35,8.22,1156.68,1.5,5.929,0.701,0.505
BGW-04,Baghewala-04 (pad A),2024-01-20T00:00:00,1,production,48.53,13.32,813.99,18.09,8.35,15.67,430.8,5.983,7.3,72.0,48.0,True,False,33.15,6.63,39.78,703.39,2.37,5.63,53.89,0.709,103.47,0,0,0,192.95,8.04,1100.15,1.5,5.82,0.797,0.59
BGW-04,Baghewala-04 (pad A),2024-01-21T00:00:00,1,production,48.5,12.54,758.48,18.27,8.79,17.53,465.71,6.468,7.11,72.0,48.0,True,False,33.63,6.73,40.36,737.02,2.29,5.23,65.23,0.809,97.95,0,0,0,198.26,8.26,1188.07,1.5,5.895,0.7,0.534
BGW-04,Baghewala-04 (pad A),2024-01-22T00:00:00,1,production,48.46,12.48,857.3,17.89,8.45,16.45,463.16,6.433,7.1,72.0,48.0,True,False,33.26,6.65,39.91,770.27,2.35,5.34,62.46,0.712,101.16,0,0,0,189.96,7.91,1180.7,1.5,5.712,0.84,0.567
BGW-04,Baghewala-04 (pad A),2024-01-23T00:00:00,1,production,48.36,12.16,893.9,17.6,8.43,16.44,446.72,6.205,8.25,72.0,48.0,True,False,33.87,6.77,40.64,804.14,2.53,5.12,63.67,0.718,102.24,0,1,0,193.67,8.07,1140.05,1.5,5.718,0.891,0.609
BGW-04,Baghewala-04 (pad A),2024-01-24T00:00:00,1,production,48.27,12.99,681.2,18.82,8.52,16.56,413.98,5.75,7.99,72.0,48.0,True,False,37.24,7.45,44.69,841.39,2.26,5.06,65.9,0.81,95.47,0,0,0,186.59,7.77,1057.35,1.5,5.01,0.591,0.413
BGW-04,Baghewala-04 (pad A),2024-01-25T00:00:00,1,production,48.12,11.85,780.99,18.36,8.67,17.79,430.86,5.984,7.02,72.0,48.0,True,False,34.77,6.95,41.73,876.16,2.44,5.92,66.29,0.732,100.4,0,0,0,189.72,7.91,1099.91,1.5,5.456,0.741,0.512
BGW-04,Baghewala-04 (pad A),2024-01-26T00:00:00,1,production,47.99,12.2,780.08,18.28,8.55,16.46,455.82,6.331,7.54,72.0,48.0,True,True,31.88,6.38,38.25,908.04,2.4,4.56,70.15,0.817,96.14,0,0,0,189.9,7.91,1162.34,1.5,5.957,0.718,0.527
BGW-04,Baghewala-04 (pad A),2024-01-27T00:00:00,1,production,47.95,12.51,920.34,17.55,8.68,15.37,453.25,6.295,6.76,72.0,48.0,True,True,38.92,7.78,46.7,946.95,2.44,4.58,61.34,0.733,99.55,0,0,0,195.15,8.13,1156.55,1.5,5.015,0.911,0.572
BGW-04,Baghewala-04 (pad A),2024-01-28T00:00:00,1,production,47.78,12.24,960.56,17.59,8.81,16.81,448.43,6.228,8.19,72.0,48.0,True,True,27.74,5.55,33.29,974.69,2.31,5.13,65.43,0.681,108.62,0,0,0,188.88,7.87,1143.75,1.5,6.809,0.95,0.717
BGW-04,Baghewala-04 (pad A),2024-01-29T00:00:00,1,production,47.68,12.41,725.65,18.5,8.5,16.13,458.57,6.369,7.87,72.0,48.0,True,True,32.86,6.57,39.43,1007.55,2.43,5.27,67.72,0.774,98.05,0,0,0,193.55,8.06,1169.66,1.5,5.891,0.66,0.442
BGW-04,Baghewala-04 (pad A),2024-01-30T00:00:00,2,production,46.09,12.33,975.52,17.68,8.65,14.87,411.6,5.717,7.75,72.0,48.0,True,True,29.23,5.85,35.07,1036.77,2.51,5.73,72.31,0.625,105.93,0,0,0,195.95,8.16,1052.5,1.5,6.704,0.95,0.69
BGW-04,Baghewala-04 (pad A),2024-01-31T00:00:00,2,injection,47.47,11.95,872.25,18.03,8.91,16.89,446.71,6.71,7.47,66.57,58.04,False,False,30.18,6.04,36.21,1066.95,2.46,4.8,65.25,0.73,104.29,0,0,0,184.84,7.7,1138.96,1.5,6.125,0.874,0.621
BGW-04,Baghewala-04 (pad A),2024-02-01T00:00:00,2,injection,48.59,12.78,894.9,17.65,8.6,17.06,389.16,5.638,7.84,69.02,38.89,False,False,33.15,6.63,39.78,1100.1,2.32,4.56,65.08,0.738,103.97,0,0,0,190.88,7.95,995.81,1.5,5.759,0.901,0.625
BGW-04,Baghewala-04 (pad A),2024-02-02T00:00:00,2,injection,49.74,12.51,795.32,17.96,8.53,15.16,346.17,4.82,7.18,71.82,54.38,False,False,31.22,6.24,37.46,1131.31,2.38,4.6,57.48,0.79,97.18,0,0,0,172.96,7.21,886.19,1.5,5.541,0.743,0.506
BGW-04,Baghewala-04 (pad A),2024-02-03T00:00:00,2,soak,49.68,12.65,790.81,17.92,8.73,16.67,450.0,6.25,7.47,72.0,48.0,False,False,31.93,6.39,38.32,1163.25,2.38,4.0,63.33,0.793,94.22,0,0,0,186.42,7.77,1147.37,1.5,5.838,0.722,0.476
BGW-04,Baghewala-04 (pad A),2024-02-04T00:00:00,2,soak,49.6,11.67,796.21,17.91,8.41,15.44,450.0,6.25,8.1,72.0,48.0,False,False,30.08,6.02,36.09,1193.32,2.35,4.0,58.66,0.823,92.06,0,0,0,180.33,7.51,1146.64,1.536,5.996,0.718,0.48
BGW-04,Baghewala-04 (pad A),2024-02-05T00:00:00,2,soak,49.48,12.5,716.51,18.33,8.46,16.89,450.0,6.25,7.35,72.0,48.0,False,False,35.87,7.17,43.04,1229.19,2.34,4.0,59.98,0.828,88.04,0,0,0,181.44,7.56,1146.77,1.5,5.058,0.598,0.38
BGW-04,Baghewala-04 (pad A),2024-02-06T00:00:00,2,production,49.37,12.77,887.87,17.64,8.75,16.23,451.16,6.266,7.77,72.0,48.0,True,False,33.3,6.66,39.96,1262.49,2.42,5.25,65.17,0.716,102.95,0,0,0,182.63,7.61,1149.81,1.5,5.484,0.887,0.612
BGW-04,Baghewala-04 (pad A),2024-02-07T00:00:00,2,production,49.29,11.78,811.09,17.96,8.65,17.36,437.62,6.078,7.23,72.0,48.0,True,False,30.86,6.17,37.03,1293.35,2.44,6.11,64.91,0.684,103.08,0,0,0,200.8,8.37,1118.15,1.5,6.507,0.792,0.601
BGW-04,Baghewala-04 (pad A),2024-02-08T00:00:00,2,production,49.25,12.02,828.28,17.83,8.42,15.19,428.74,5.955,7.46,72.0,48.0,True,False,33.92,6.78,40.7,1327.27,2.28,4.35,69.18,0.766,96.2,0,0,0,194.46,8.1,1095.17,1.5,5.733,0.779,0.499
BGW-04,Baghewala-04 (pad A),2024-02-09T00:00:00,2,production,49.15,12.78,784.12,18.05,8.35,17.1,443.55,6.16,7.71,72.0,48.0,True,False,30.5,6.1,36.6,1357.78,2.34,5.17,58.01,0.755,96.94,0,0,0,187.46,7.81,1131.37,1.5,6.145,0.727,0.489
BGW-04,Baghewala-04 (pad A),2024-02-10T00:00:00,2,production,49.04,12.51,850.38,17.66,8.31,16.8,450.16,6.252,6.83,72.0,48.0,True,False,36.9,7.38,44.28,1394.68,2.3,5.78,60.34,0.714,105.36,0,0,0,204.49,8.52,1149.95,1.5,5.541,0.852,0.638
BGW-04,Baghewala-04 (pad A),2024-02-11T00:00:00,2,production,49.02,12.93,897.99,17.59,8.36,17.58,393.0,5.458,7.09,72.0,48.0,True,False,31.84,6.37,38.21,1426.52,2.26,4.6,65.96,0.709,98.96,0,0,0,183.76,7.66,1004.55,1.5,5.772,0.88,0.603
BGW-04,Baghewala-04 (pad A),2024-02-12T00:00:00,2,production,48.91,12.42,803.33,17.94,8.29,15.98,467.14,6.488,7.65,72.0,48.0,True,False,33.51,6.7,40.22,1460.03,2.4,5.63,62.85,0.733,97.52,0,0,0,190.23,7.93,1190.68,1.5,5.676,0.754,0.545
BGW-04,Baghewala-04 (pad A),2024-02-13T00:00:00,2,production,48.87,13.02,698.47,18.5,8.81,16.31,441.92,6.138,7.34,72.0,48.0,True,False,36.66,7.33,43.99,1496.69,2.35,4.55,66.06,0.826,91.79,0,0,0,185.53,7.73,1127.06,1.5,5.061,0.595,0.402
BGW-04,Baghewala-04 (pad A),2024-02-14T00:00:00,2,production,48.72,12.76,770.84,18.19,8.71,16.16,452.73,6.288,8.17,72.0,48.0,True,False,31.98,6.4,38.38,1528.67,2.19,5.56,60.46,0.735,100.71,0,0,0,191.64,7.99,1154.82,1.5,5.992,0.73,0.533
BGW-04,Baghewala-04 (pad A),2024-02-15T00:00:00,2,production,48.66,12.58,803.55,17.96,8.36,18.21,429.83,5.97,7.39,72.0,48.0,True,False,37.13,7.43,44.56,1565.81,2.42,5.91,65.69,0.723,98.29,0,0,0,196.93,8.21,1098.2,1.5,5.303,0.758,0.543
BGW-04,Baghewala-04 (pad A),2024-02-16T00:00:00,2,production,48.55,12.31,859.12,17.84,8.26,18.29,432.38,6.005,7.44,72.0,48.0,True,False,33.33,6.67,39.99,1599.13,2.48,5.52,67.6,0.706,102.53,0,0,0,196.21,8.18,1104.49,1.5,5.888,0.849,0.593
BGW-04,Baghewala-04 (pad A),2024-02-17T00:00:00,2,production,48.5,13.34,815.88,17.86,8.83,15.99,436.07,6.057,7.4,72.0,48.0,True,False,31.16,6.23,37.39,1630.29,2.62,5.13,58.88,0.751,100.97,0,0,0,199.73,8.32,1114.15,1.5,6.41,0.787,0.532
BGW-04,Baghewala-04 (pad A),2024-02-18T00:00:00,2,production,48.44,12.15,767.37,18.25,8.7,18.37,481.17,6.683,7.77,72.0,48.0,True,False,34.95,6.99,41.94,1665.24,2.36,5.26,61.52,0.783,98.24,0,0,0,192.92,8.04,1226.07,1.5,5.52,0.713,0.498
BGW-04,Baghewala-04 (pad A),2024-02-19T00:00:00,2,production,48.38,12.7,837.06,17.95,8.7,15.65,434.11,6.029,8.01,72.0,48.0,True,False,33.31,6.66,39.97,1698.55,2.38,6.11,69.58,0.713,102.87,0,0,0,208.64,8.69,1110.32,1.5,6.263,0.823,0.619
BGW-04,Baghewala-04 (pad A),2024-02-20T00:00:00,2,production,48.31,12.84,859.02,17.87,8.59,16.92,489.93,6.805,7.21,72.0,48.0,True,False,33.96,6.79,40.75,1732.51,2.42,5.69,62.76,0.725,99.94,0,0,0,191.37,7.97,1247.79,1.5,5.635,0.836,0.603
BGW-04,Baghewala-04 (pad A),2024-02-21T00:00:00,2,production,48.23,12.37,826.93,17.93,8.71,16.81,468.59,6.508,7.42,72.0,48.0,True,False,26.85,5.37,32.22,1759.36,2.43,5.43,67.74,0.761,101.19,0,0,0,196.54,8.19,1195.05,1.5,7.32,0.802,0.585
BGW-04,Baghewala-04 (pad A),2024-02-22T00:00:00,2,production,48.1,12.58,852.95,17.99,8.25,17.44,459.76,6.386,7.43,72.0,48.0,True,False,32.04,6.41,38.45,1791.4,2.55,5.82,57.83,0.676,103.11,0,0,0,201.06,8.38,1173.53,1.5,6.276,0.844,0.6
BGW-04,Baghewala-04 (pad A),2024-02-23T00:00:00,2,production,48.09,11.86,912.76,17.78,8.42,17.36,471.04,6.542,7.71,72.0,48.0,True,False,36.16,7.23,43.39,1827.56,2.52,4.09,63.2,0.74,102.42,0,0,0,180.05,7.5,1199.21,1.5,4.979,0.916,0.6
BGW-04,Baghewala-04 (pad A),2024-02-24T00:00:00,2,production,48.02,12.08,741.76,18.26,8.39,17.71,418.94,5.819,7.57,72.0,48.0,True,False,30.65,6.13,36.78,1858.21,2.38,5.47,63.98,0.768,97.68,0,0,0,194.12,8.09,1070.64,1.5,6.334,0.678,0.493
BGW-04,Baghewala-04 (pad A),2024-02-25T00:00:00,2,production,47.95,12.71,884.12,17.79,8.72,17.03,451.53,6.271,7.64,72.0,48.0,True,True,30.25,6.05,36.3,1888.46,2.42,4.8,59.5,0.724,100.6,0,0,0,189.59,7.9,1151.58,1.5,6.267,0.871,0.596
BGW-04,Baghewala-04 (pad A),2024-02-26T00:00:00,2,production,47.99,12.46,796.39,18.16,8.26,17.58,440.42,6.117,7.7,72.0,48.0,True,True,33.15,6.63,39.79,1921.61,2.49,5.3,71.19,0.733,99.47,0,0,0,194.36,8.1,1124.37,1.5,5.862,0.755,0.565
BGW-04,Baghewala-04 (pad A),2024-02-27T00:00:00,2,production,47.94,12.46,916.2,17.69,8.56,19.38,440.13,6.113,7.26,72.0,48.0,True,True,32.61,6.52,39.13,1954.22,2.51,5.5,61.81,0.708,104.3,0,0,0,194.99,8.12,1123.73,1.5,5.98,0.929,0.637
BGW-04,Baghewala-04 (pad A),2024-02-28T00:00:00,2,production,47.89,12.37,868.55,17.79,8.74,18.28,445.83,6.192,7.65,72.0,48.0,True,True,27.98,5.6,33.57,1982.2,2.44,5.98,70.82,0.672,103.76,0,0,0,190.18,7.92,1137.38,1.5,6.798,0.867,0.659
BGW-04,Baghewala-04 (pad A),2024-02-29T00:00:00,3,production,46.31,11.69,826.67,18.26,8.38,17.07,426.06,5.917,7.72,72.0,48.0,True,True,30.39,6.08,36.47,2012.59,2.32,5.38,62.72,0.741,98.11,0,0,0,193.75,8.07,1088.4,1.5,6.375,0.786,0.589
BGW-04,Baghewala-04 (pad A),2024-03-01T00:00:00,3,injection,47.54,13.06,953.31,17.44,8.6,18.75,464.46,5.439,7.79,85.4,35.49,False,False,33.17,6.63,39.8,2045.76,2.55,4.02,69.58,0.776,102.02,0,0,0,182.15,7.59,1183.0,1.5,5.492,0.95,0.652
BGW-04,Baghewala-04 (pad A),2024-03-02T00:00:00,3,injection,48.61,12.37,903.08,17.55,8.56,18.65,459.95,5.858,7.59,78.52,44.22,False,False,24.36,4.87,29.23,2070.11,2.45,4.48,70.14,0.714,102.77,0,0,0,186.46,7.77,1172.25,1.5,7.655,0.905,0.611
BGW-04,Baghewala-04 (pad A),2024-03-03T00:00:00,3,injection,49.73,12.34,810.66,17.8,8.34,18.58,410.69,5.846,7.25,70.25,52.6,False,False,27.47,5.49,32.96,2097.58,2.53,3.93,61.68,0.786,98.32,0,0,0,183.19,7.63,1048.7,1.5,6.669,0.767,0.552
BGW-04,Baghewala-04 (pad A),2024-03-04T00:00:00,3,soak,49.65,12.26,744.24,18.11,8.52,16.29,450.0,6.25,7.11,72.0,48.0,False,False,36.47,7.29,43.76,2134.05,2.42,4.0,66.42,0.823,92.56,0,0,0,188.89,7.87,1147.67,1.5,5.18,0.656,0.444
BGW-04,Baghewala-04 (pad A),2024-03-05T00:00:00,3,soak,49.57,12.22,725.63,18.31,8.24,17.58,450.0,6.25,7.4,72.0,48.0,False,False,34.56,6.91,41.47,2168.61,2.36,4.0,57.06,0.891,97.11,0,0,0,185.3,7.72,1147.24,1.5,5.362,0.655,0.47
BGW-04,Baghewala-04 (pad A),2024-03-06T00:00:00,3,soak,49.53,12.37,834.91,17.77,8.57,19.11,450.0,6.25,7.19,72.0,48.0,False,False,31.26,6.25,37.51,2199.86,2.18,4.0,74.45,0.778,91.29,0,0,0,187.47,7.81,1147.5,1.5,5.997,0.763,0.483
BGW-04,Baghewala-04 (pad A),2024-03-07T00:00:00,3,production,49.45,12.58,852.8,17.7,8.72,17.75,456.09,6.335,7.21,72.0,48.0,True,False,35.41,7.08,42.49,2235.28,2.31,5.59,69.66,0.681,99.27,0,0,0,202.07,8.42,1164.48,1.5,5.706,0.825,0.598
BGW-04,Baghewala-04 (pad A),2024-03-08T00:00:00,3,production,49.41,12.75,850.47,17.82,8.84,18.74,435.62,6.05,6.8,72.0,48.0,True,False,31.6,6.32,37.92,2266.87,2.44,5.1,66.52,0.722,103.47,0,0,0,188.94,7.87,1111.72,1.5,5.98,0.843,0.626
BGW-04,Baghewala-04 (pad A),2024-03-09T00:00:00,3,production,49.32,12.82,855.81,17.75,8.44,18.38,457.62,6.356,7.19,72.0,48.0,True,False,34.21,6.84,41.05,2301.08,2.51,5.04,65.59,0.743,99.12,0,0,0,196.63,8.19,1167.64,1.5,5.748,0.828,0.543
BGW-04,Baghewala-04 (pad A),2024-03-10T00:00:00,3,production,49.26,12.35,680.57,18.53,8.43,19.15,453.6,6.3,7.31,72.0,48.0,True,False,39.59,7.92,47.51,2340.67,2.32,6.11,63.71,0.805,96.57,0,0,0,197.44,8.23,1157.7,1.5,4.987,0.596,0.428
BGW-04,Baghewala-04 (pad A),2024-03-11T00:00:00,3,production,49.17,12.77,827.76,17.78,8.46,16.04,451.1,6.265,7.96,72.0,48.0,True,False,34.69,6.94,41.63,2375.36,2.49,5.67,65.22,0.752,102.57,0,0,0,194.91,8.12,1151.15,1.5,5.619,0.81,0.568
BGW-04,Baghewala-04 (pad A),2024-03-12T00:00:00,3,production,49.03,12.26,782.68,18.18,8.55,18.72,419.07,5.82,8.19,72.0,48.0,True,False,37.36,7.47,44.83,2412.71,2.22,5.26,67.18,0.774,99.31,0,0,0,189.92,7.91,1070.46,1.5,5.084,0.737,0.568
BGW-04,Baghewala-04 (pad A),2024-03-13T00:00:00,3,production,48.9,12.48,769.65,18.23,8.3,17.09,426.65,5.926,7.72,72.0,48.0,True,False,28.32,5.66,33.99,2441.04,2.42,6.39,66.84,0.717,102.83,0,0,0,197.73,8.24,1090.34,1.5,6.981,0.739,0.571
BGW-04,Baghewala-04 (pad A),2024-03-14T00:00:00,3,production,48.83,12.5,726.4,18.4,8.18,19.25,431.63,5.995,7.89,72.0,48.0,True,False,40.07,8.01,48.08,2481.11,2.46,5.67,68.82,0.786,95.75,0,0,0,196.55,8.19,1102.67,1.5,4.905,0.649,0.474
BGW-04,Baghewala-04 (pad A),2024-03-15T00:00:00,3,production,48.81,12.28,760.14,18.31,8.5,18.14,498.82,6.928,7.09,72.0,48.0,True,False,34.78,6.96,41.74,2515.89,2.44,5.56,66.64,0.771,98.56,0,0,0,204.07,8.5,1271.53,1.5,5.867,0.705,0.496
BGW-04,Baghewala-04 (pad A),2024-03-16T00:00:00,3,production,48.69,13.03,719.3,18.44,8.34,20.78,454.5,6.313,7.62,72.0,48.0,True,False,34.52,6.9,41.43,2550.41,2.59,5.59,62.7,0.76,97.61,0,0,0,194.51,8.1,1159.6,1.5,5.634,0.65,0.497
BGW-04,Baghewala-04 (pad A),2024-03-17T00:00:00,3,production,48.58,12.54,889.1,17.69,8.61,18.82,438.38,6.089,7.49,72.0,48.0,True,False,30.96,6.19,37.16,2581.37,2.3,5.76,66.77,0.664,102.18,0,0,0,194.88,8.12,1119.32,1.5,6.294,0.885,0.651
BGW-04,Baghewala-04 (pad A),2024-03-18T00:00:00,3,production,48.54,12.61,807.41,18.14,8.65,19.21,447.45,6.215,7.72,72.0,48.0,True,False,38.44,7.69,46.13,2619.82,2.39,5.07,64.92,0.794,99.82,0,0,0,189.17,7.88,1141.34,1.5,4.921,0.771,0.581
BGW-04,Baghewala-04 (pad A),2024-03-19T00:00:00,3,production,48.49,12.34,911.31,17.64,8.97,18.72,428.4,5.95,7.55,72.0,48.0,True,False,30.63,6.13,36.76,2650.45,2.34,5.14,55.03,0.658,102.67,0,0,0,191.63,7.98,1093.99,1.5,6.256,0.915,0.706
BGW-04,Baghewala-04 (pad A),2024-03-20T00:00:00,3,production,48.36,12.66,843.72,17.97,8.12,18.89,473.47,6.576,7.01,72.0,48.0,True,False,33.95,6.79,40.75,2684.4,2.41,5.03,59.13,0.733,103.27,0,0,0,182.82,7.62,1205.61,1.5,5.384,0.834,0.598
BGW-04,Baghewala-04 (pad A),2024-03-21T00:00:00,3,production,48.26,12.28,829.36,18.08,8.5,20.2,422.43,5.867,7.02,72.0,48.0,True,False,30.83,6.17,37.0,2715.23,2.46,5.63,63.13,0.706,101.1,0,0,0,195.37,8.14,1079.51,1.5,6.336,0.805,0.596
BGW-04,Baghewala-04 (pad A),2024-03-22T00:00:00,3,production,48.17,12.46,847.29,17.96,8.46,18.03,455.47,6.326,7.89,72.0,48.0,True,False,34.01,6.8,40.81,2749.24,2.47,4.59,60.87,0.766,101.95,0,0,0,183.0,7.63,1160.64,1.5,5.381,0.831,0.591
BGW-04,Baghewala-04 (pad A),2024-03-23T00:00:00,3,production,48.17,12.58,795.85,18.24,8.4,18.11,438.78,6.094,7.47,72.0,48.0,True,False,32.72,6.54,39.26,2781.97,2.22,5.53,76.43,0.745,96.42,0,0,0,193.59,8.07,1120.17,1.5,5.916,0.739,0.478
BGW-04,Baghewala-04 (pad A),2024-03-24T00:00:00,3,production,48.11,12.69,892.86,17.74,8.46,17.9,440.0,6.111,7.67,72.0,48.0,True,False,29.34,5.87,35.21,2811.3,2.35,5.03,64.64,0.69,101.35,0,0,0,190.82,7.95,1122.9,1.5,6.504,0.885,0.634
BGW-04,Baghewala-04 (pad A),2024-03-25T00:00:00,3,production,48.09,12.39,779.69,18.21,8.1,17.9,462.5,6.424,7.48,72.0,48.0,True,False,28.91,5.78,34.69,2840.22,2.43,5.25,63.08,0.742,98.8,0,0,0,183.76,7.66,1178.3,1.5,6.356,0.731,0.539
BGW-04,Baghewala-04 (pad A),2024-03-26T00:00:00,3,production,48.0,12.58,899.87,17.77,8.19,19.21,417.44,5.798,7.81,72.0,48.0,True,True,26.53,5.31,31.84,2866.75,2.42,5.15,52.09,0.717,103.57,0,0,0,194.19,8.09,1066.91,1.5,7.319,0.905,0.665
BGW-04,Baghewala-04 (pad A),2024-03-27T00:00:00,3,production,47.92,12.68,1039.9,17.04,8.34,19.77,466.79,6.483,7.79,72.0,48.0,True,True,29.23,5.85,35.07,2895.98,2.35,4.88,61.51,0.642,107.49,0,0,0,183.49,7.65,1189.0,1.5,6.278,0.95,0.709
BGW-04,Baghewala-04 (pad A),2024-03-28T00:00:00,3,production,47.8,13.04,752.22,18.4,8.53,18.51,454.61,6.314,7.84,72.0,48.0,True,True,37.73,7.55,45.27,2933.7,2.36,5.43,59.94,0.774,97.5,0,0,0,196.42,8.18,1160.1,1.5,5.206,0.69,0.486
BGW-04,Baghewala-04 (pad A),2024-03-29T00:00:00,3,production,47.71,12.52,1040.39,17.22,8.27,18.58,425.06,5.904,7.84,72.0,48.0,True,True,34.96,6.99,41.95,2968.67,2.41,5.14,74.06,0.675,110.91,0,0,0,196.61,8.19,1086.25,1.5,5.624,0.95,0.703
BGW-04,Baghewala-04 (pad A),2024-03-30T00:00:00,4,production,46.06,12.59,821.81,18.41,8.35,20.33,469.81,6.525,7.35,72.0,48.0,True,True,21.59,4.32,25.91,2990.25,2.42,5.95,63.63,0.695,100.5,0,0,0,202.38,8.43,1198.82,1.804,9.375,0.792,0.566
BGW-04,Baghewala-04 (pad A),2024-03-31T00:00:00,4,injection,46.94,12.68,933.75,17.74,8.76,20.5,365.76,5.246,6.83,69.72,32.43,False,False,29.96,5.99,35.96,3020.22,2.51,4.69,64.19,0.728,104.63,0,0,0,182.22,7.59,936.26,1.5,6.081,0.95,0.676
BGW-04,Baghewala-04 (pad A),2024-04-01T00:00:00,4,injection,48.23,12.76,797.46,18.23,8.54,18.71,483.99,8.411,7.42,57.54,41.54,False,False,35.06,7.01,42.07,3055.28,2.4,4.62,66.24,0.777,96.44,0,0,0,187.37,7.81,1232.47,1.5,5.345,0.742,0.55
BGW-04,Baghewala-04 (pad A),2024-04-02T00:00:00,4,injection,49.12,12.72,829.02,17.79,8.27,18.87,407.82,5.908,7.36,69.03,49.06,False,False,32.71,6.54,39.25,3087.98,2.34,4.11,60.73,0.759,94.88,0,0,0,174.31,7.26,1040.46,1.5,5.329,0.773,0.541
BGW-04,Baghewala-04 (pad A),2024-04-03T00:00:00,4,soak,49.05,12.55,795.46,17.91,8.29,19.82,450.0,6.25,6.69,72.0,48.0,False,False,32.68,6.54,39.21,3120.66,2.34,4.0,78.26,0.774,96.03,0,0,0,176.83,7.37,1146.22,1.5,5.412,0.737,0.515
BGW-04,Baghewala-04 (pad A),2024-04-04T00:00:00,4,soak,49.0,12.23,688.37,18.52,8.84,20.65,450.0,6.25,6.6,72.0,48.0,False,False,29.91,5.98,35.9,3150.57,2.25,4.0,59.83,0.848,89.7,0,0,0,185.2,7.72,1147.22,1.5,6.191,0.571,0.397
BGW-04,Baghewala-04 (pad A),2024-04-05T00:00:00,4,soak,48.97,12.88,678.11,18.52,8.02,19.95,450.0,6.25,7.47,72.0,48.0,False,False,35.01,7.0,42.01,3185.58,2.51,4.0,66.27,0.902,94.28,0,0,0,194.86,8.12,1148.38,1.5,5.567,0.582,0.404
BGW-04,Baghewala-04 (pad A),2024-04-06T00:00:00,4,production,48.9,12.27,738.92,18.43,8.79,21.39,442.61,6.147,7.93,72.0,48.0,True,False,35.53,7.11,42.63,3221.11,2.22,5.96,72.1,0.735,98.04,0,1,0,202.07,8.42,1130.78,1.5,5.688,0.676,0.513
BGW-04,Baghewala-04 (pad A),2024-04-07T00:00:00,4,production,48.75,12.37,811.9,17.99,8.35,18.3,431.41,5.992,7.45,72.0,48.0,True,False,37.04,7.41,44.45,3258.15,2.43,5.51,58.01,0.748,98.76,0,0,0,195.87,8.16,1102.04,1.5,5.287,0.771,0.542
BGW-04,Baghewala-04 (pad A),2024-04-08T00:00:00,4,production,48.66,12.39,802.15,18.1,8.62,20.76,463.22,6.434,7.9,72.0,48.0,True,False,38.49,7.7,46.18,3296.64,2.35,6.12,74.29,0.729,98.92,0,0,0,203.43,8.48,1182.46,1.5,5.286,0.76,0.525
BGW-04,Baghewala-04 (pad A),2024-04-09T00:00:00,4,production,48.59,12.67,862.37,17.85,8.02,21.61,470.11,6.529,7.57,72.0,48.0,True,False,33.34,6.67,40.0,3329.97,2.58,4.77,56.26,0.717,100.34,0,0,0,190.93,7.96,1198.18,1.5,5.727,0.842,0.612
BGW-04,Baghewala-04 (pad A),2024-04-10T00:00:00,4,production,48.51,12.32,829.75,17.82,8.79,20.28,460.92,6.402,7.86,72.0,48.0,True,False,30.7,6.14,36.84,3360.67,2.28,6.04,68.01,0.711,98.57,0,0,0,196.78,8.2,1175.91,1.5,6.41,0.793,0.569
BGW-04,Baghewala-04 (pad A),2024-04-11T00:00:00,4,production,48.41,12.77,922.23,17.54,8.54,20.81,452.37,6.283,7.34,72.0,48.0,True,False,33.81,6.76,40.57,3394.48,2.45,5.87,61.94,0.691,107.48,0,0,0,194.86,8.12,1154.3,1.5,5.764,0.95,0.695
BGW-04,Baghewala-04 (pad A),2024-04-12T00:00:00,4,production,48.33,12.77,835.76,17.87,8.3,21.11,455.54,6.327,7.44,72.0,48.0,True,False,35.69,7.14,42.83,3430.17,2.52,5.33,63.69,0.706,106.03,0,0,0,194.95,8.12,1162.25,1.5,5.462,0.837,0.634
BGW-04,Baghewala-04 (pad A),2024-04-13T00:00:00,4,production,48.21,12.4,834.81,17.98,8.77,18.58,483.19,6.711,7.39,72.0,48.0,True,False,34.88,6.98,41.86,3465.06,2.28,5.24,58.45,0.725,100.96,0,0,0,200.09,8.34,1231.98,1.5,5.736,0.811,0.57
BGW-04,Baghewala-04 (pad A),2024-04-14T00:00:00,4,production,48.13,12.57,802.33,18.11,8.56,20.4,462.18,6.419,7.36,72.0,48.0,True,False,30.97,6.19,37.17,3496.03,2.4,5.32,68.43,0.747,97.39,0,0,0,187.43,7.81,1177.93,1.5,6.051,0.752,0.506
BGW-04,Baghewala-04 (pad A),2024-04-15T00:00:00,4,production,48.03,12.7,861.26,17.83,8.28,21.11,458.71,6.371,7.41,72.0,48.0,True,False,33.38,6.68,40.05,3529.41,2.45,4.65,67.15,0.703,99.52,0,0,0,192.55,8.02,1169.89,1.5,5.769,0.837,0.566
BGW-04,Baghewala-04 (pad A),2024-04-16T00:00:00,4,production,47.97,12.66,874.82,17.84,8.43,20.33,470.4,6.533,8.07,72.0,48.0,True,False,30.76,6.15,36.91,3560.17,2.33,5.64,69.09,0.691,105.08,0,1,0,187.9,7.83,1198.54,1.5,6.109,0.881,0.64
BGW-04,Baghewala-04 (pad A),2024-04-17T00:00:00,4,production,47.83,12.42,785.06,18.26,8.42,21.09,496.53,6.896,7.62,72.0,48.0,True,False,32.85,6.57,39.42,3593.01,2.35,6.36,68.99,0.728,102.59,0,0,0,209.99,8.75,1266.53,1.5,6.393,0.757,0.559
BGW-04,Baghewala-04 (pad A),2024-04-18T00:00:00,4,production,47.74,11.85,771.88,18.18,8.43,19.59,394.62,5.481,7.66,72.0,48.0,True,False,32.26,6.45,38.71,3625.27,2.24,4.91,64.89,0.754,93.12,0,0,0,194.18,8.09,1009.85,1.5,6.019,0.693,0.456
BGW-04,Baghewala-04 (pad A),2024-04-19T00:00:00,4,production,47.62,12.59,758.39,18.34,8.55,20.64,424.81,5.9,6.7,72.0,48.0,True,False,41.62,8.32,49.94,3666.89,2.52,5.79,56.63,0.788,100.15,0,0,0,185.38,7.72,1084.26,1.5,4.454,0.711,0.528
BGW-04,Baghewala-04 (pad A),2024-04-20T00:00:00,4,production,47.53,13.15,790.39,18.36,8.59,22.28,469.05,6.515,8.16,72.0,48.0,True,False,30.17,6.03,36.21,3697.06,2.32,5.77,64.52,0.739,97.3,0,0,0,192.97,8.04,1195.78,1.5,6.395,0.737,0.534
BGW-04,Baghewala-04 (pad A),2024-04-21T00:00:00,4,production,47.44,12.71,940.29,17.6,8.72,20.37,435.39,6.047,7.2,72.0,48.0,True,False,28.65,5.73,34.38,3725.71,2.31,5.5,58.5,0.683,107.08,0,0,0,191.63,7.98,1111.47,1.5,6.689,0.95,0.699
BGW-04,Baghewala-04 (pad A),2024-04-22T00:00:00,4,production,47.34,12.52,843.3,18.07,8.44,22.0,468.6,6.508,7.72,72.0,48.0,True,False,31.09,6.22,37.31,3756.8,2.42,5.09,68.9,0.739,99.88,0,0,0,190.16,7.92,1194.31,1.5,6.116,0.816,0.563
BGW-04,Baghewala-04 (pad A),2024-04-23T00:00:00,4,production,47.3,12.63,857.49,18.0,8.66,20.26,416.65,5.787,7.93,72.0,48.0,True,False,24.36,4.87,29.24,3781.16,2.31,4.85,63.07,0.739,96.88,0,0,0,188.0,7.83,1064.18,1.5,7.716,0.819,0.604
BGW-04,Baghewala-04 (pad A),2024-04-24T00:00:00,4,production,47.25,12.63,824.16,18.15,8.46,19.89,432.33,6.005,8.41,72.0,48.0,True,False,32.61,6.52,39.14,3813.78,2.47,5.72,62.04,0.705,101.6,0,0,0,197.69,8.24,1104.54,1.5,6.062,0.801,0.56
BGW-04,Baghewala-04 (pad A),2024-04-25T00:00:00,4,production,47.2,12.94,882.27,17.99,8.72,20.88,466.09,6.473,7.42,72.0,48.0,True,True,27.62,5.52,33.15,3841.4,2.42,5.69,74.4,0.693,106.51,0,0,0,201.7,8.4,1189.42,1.5,7.302,0.898,0.656
BGW-04,Baghewala-04 (pad A),2024-04-26T00:00:00,4,production,47.12,12.34,897.64,17.86,8.42,19.58,457.42,6.353,8.0,72.0,48.0,True,True,33.43,6.69,40.12,3874.83,2.2,5.27,60.24,0.713,100.62,0,0,0,193.8,8.07,1166.8,1.5,5.797,0.888,0.592
BGW-04,Baghewala-04 (pad A),2024-04-27T00:00:00,4,production,47.01,12.06,929.73,17.72,8.51,20.28,468.74,6.51,7.83,72.0,48.0,True,True,30.12,6.02,36.14,3904.95,2.49,5.37,54.85,0.67,105.62,0,0,0,191.11,7.96,1194.77,1.5,6.346,0.95,0.711
BGW-04,Baghewala-04 (pad A),2024-04-28T00:00:00,4,production,46.91,12.63,806.37,18.34,8.45,20.56,434.06,6.029,7.55,72.0,48.0,True,True,28.79,5.76,34.55,3933.74,2.49,5.66,68.26,0.691,98.84,0,0,0,194.35,8.1,1108.46,1.5,6.751,0.765,0.571
BGW-04,Baghewala-04 (pad A),2024-04-29T00:00:00,5,production,45.3,12.14,825.35,18.53,8.71,19.38,435.54,6.049,7.41,72.0,48.0,True,True,24.05,4.81,28.86,3957.79,2.28,4.97,58.87,0.776,97.65,0,0,0,197.62,8.23,1112.56,1.786,8.217,0.782,0.551
BGW-04,Baghewala-04 (pad A),2024-04-30T00:00:00,5,injection,46.41,12.11,960.62,17.85,8.5,22.14,402.12,5.845,7.41,68.8,63.11,False,False,23.55,4.71,28.26,3981.34,2.62,4.69,59.34,0.71,105.79,0,0,0,186.27,7.76,1027.65,1.628,7.909,0.95,0.673
BGW-04,Baghewala-04 (pad A),2024-05-01T00:00:00,5,injection,47.72,12.64,808.88,18.11,8.58,20.93,507.67,6.976,6.93,72.78,49.39,False,False,32.61,6.52,39.13,4013.95,2.41,4.71,56.8,0.774,100.48,0,0,0,194.7,8.11,1292.55,1.5,5.971,0.776,0.548
BGW-04,Baghewala-04 (pad A),2024-05-02T00:00:00,5,injection,48.92,12.34,919.54,17.63,8.64,21.02,475.47,7.93,7.0,59.96,47.41,False,False,29.93,5.99,35.91,4043.87,2.39,4.49,69.31,0.738,102.77,0,0,0,187.64,7.82,1211.19,1.5,6.27,0.926,0.644
BGW-04,Baghewala-04 (pad A),2024-05-03T00:00:00,5,soak,48.85,12.69,713.77,18.45,8.54,24.16,450.0,6.25,7.19,72.0,48.0,False,False,30.87,6.17,37.05,4074.75,2.4,4.0,59.58,0.851,94.13,0,0,0,191.2,7.97,1147.94,1.5,6.193,0.625,0.433
BGW-04,Baghewala-04 (pad A),2024-05-04T00:00:00,5,soak,48.77,12.36,819.55,17.91,8.24,20.14,450.0,6.25,6.85,72.0,48.0,False,False,30.09,6.02,36.1,4104.83,2.5,4.0,64.97,0.771,102.9,0,0,0,181.65,7.57,1146.8,1.5,6.038,0.801,0.607
BGW-04,Baghewala-04 (pad A),2024-05-05T00:00:00,5,soak,48.7,12.28,764.86,18.21,8.49,21.63,450.0,6.25,6.86,72.0,48.0,False,False,31.57,6.31,37.89,4136.41,2.25,4.0,69.83,0.786,97.09,0,1,0,182.5,7.6,1146.9,1.5,5.78,0.704,0.518
BGW-04,Baghewala-04 (pad A),2024-05-06T00:00:00,5,production,48.58,12.41,807.28,18.06,8.67,22.59,435.17,6.044,7.14,72.0,48.0,True,False,42.01,8.4,50.42,4178.42,2.48,5.69,61.77,0.705,103.19,0,0,0,198.03,8.25,1111.68,1.5,4.713,0.788,0.525
BGW-04,Baghewala-04 (pad A),2024-05-07T00:00:00,5,production,48.48,12.21,780.1,18.19,8.37,22.28,479.4,6.658,7.58,72.0,48.0,True,False,31.48,6.3,37.78,4209.9,2.51,5.15,68.15,0.757,101.14,0,0,0,185.84,7.74,1220.79,1.5,5.903,0.743,0.571
BGW-04,Baghewala-04 (pad A),2024-05-08T00:00:00,5,production,48.5,12.94,788.2,18.18,8.17,21.4,456.91,6.346,6.97,72.0,48.0,True,False,39.39,7.88,47.27,4249.29,2.68,5.73,60.19,0.747,101.63,0,0,0,190.22,7.93,1165.1,1.5,4.829,0.756,0.544
BGW-04,Baghewala-04 (pad A),2024-05-09T00:00:00,5,production,48.4,12.59,698.54,18.58,8.29,21.3,448.75,6.233,6.44,72.0,48.0,True,False,37.07,7.41,44.49,4286.36,2.27,5.97,59.9,0.768,94.21,0,0,0,204.33,8.51,1146.4,1.5,5.512,0.607,0.419
BGW-04,Baghewala-04 (pad A),2024-05-10T00:00:00,5,production,48.31,12.42,856.84,17.89,8.62,22.71,468.32,6.504,6.69,72.0,48.0,True,False,31.52,6.3,37.83,4317.89,2.36,5.15,72.17,0.722,101.33,0,0,0,197.44,8.23,1194.49,1.5,6.263,0.84,0.582
BGW-04,Baghewala-04 (pad A),2024-05-11T00:00:00,5,production,48.21,12.46,925.29,17.56,8.77,21.04,422.03,5.862,7.03,72.0,48.0,True,False,35.01,7.0,42.02,4352.9,2.38,5.68,69.3,0.673,107.59,0,0,0,192.94,8.04,1078.24,1.5,5.51,0.95,0.686
BGW-04,Baghewala-04 (pad A),2024-05-12T00:00:00,5,production,48.06,12.86,878.69,17.77,8.51,22.33,453.07,6.293,7.33,72.0,48.0,True,False,32.06,6.41,38.47,4384.96,2.32,6.3,63.21,0.658,106.01,1,0,0,206.83,8.62,1157.5,1.5,6.451,0.891,0.656
BGW-04,Baghewala-04 (pad A),2024-05-13T00:00:00,5,production,48.01,12.14,923.31,17.6,8.39,21.44,456.46,6.34,6.94,72.0,48.0,True,False,30.05,6.01,36.06,4415.01,2.41,5.54,72.83,0.715,106.76,0,0,0,198.95,8.29,1165.02,1.5,6.621,0.95,0.693
BGW-04,Baghewala-04 (pad A),2024-05-14T00:00:00,5,production,47.89,13.13,942.21,17.51,8.21,20.45,462.69,6.426,7.62,72.0,48.0,True,False,30.95,6.19,37.14,4445.96,2.35,5.31,69.03,0.671,107.0,0,0,0,204.43,8.52,1181.25,1.5,6.606,0.95,0.646
BGW-04,Baghewala-04 (pad A),2024-05-15T00:00:00,5,production,47.73,12.59,937.61,17.59,8.59,23.14,469.74,6.524,7.54,72.0,48.0,True,False,32.92,6.58,39.5,4478.88,2.51,6.4,64.16,0.623,108.64,0,0,0,207.27,8.64,1199.23,1.5,6.296,0.95,0.749
BGW-04,Baghewala-04 (pad A),2024-05-16T00:00:00,5,production,47.66,12.4,753.76,18.33,8.39,21.17,439.36,6.102,7.48,72.0,48.0,True,False,36.1,7.22,43.32,4514.98,2.29,5.33,62.85,0.772,95.26,0,0,0,192.15,8.01,1121.46,1.5,5.323,0.681,0.484
BGW-04,Baghewala-04 (pad A),2024-05-17T00:00:00,5,production,47.62,12.58,993.44,17.34,8.4,22.48,466.65,6.481,7.0,72.0,48.0,True,False,28.27,5.65,33.92,4543.25,2.45,6.1,65.67,0.613,110.2,0,0,0,202.59,8.44,1190.94,1.5,7.167,0.95,0.724
BGW-04,Baghewala-04 (pad A),2024-05-18T00:00:00,5,production,47.48,12.55,777.1,18.33,8.87,18.67,488.66,6.787,7.01,72.0,48.0,True,False,29.79,5.96,35.75,4573.04,2.38,5.72,55.89,0.739,98.34,0,0,0,191.17,7.97,1244.58,1.5,6.417,0.726,0.507
BGW-04,Baghewala-04 (pad A),2024-05-19T00:00:00,5,production,47.38,12.59,894.36,17.93,8.57,21.08,475.67,6.607,7.2,72.0,48.0,True,False,29.59,5.92,35.51,4602.63,2.45,5.23,61.37,0.707,103.77,0,0,0,190.34,7.93,1212.02,1.538,6.432,0.899,0.669
BGW-04,Baghewala-04 (pad A),2024-05-20T00:00:00,5,production,47.28,11.61,871.89,18.01,8.29,20.22,487.3,6.768,7.2,72.0,48.0,True,False,28.47,5.69,34.16,4631.1,2.37,4.8,71.13,0.733,98.7,0,0,0,190.05,7.92,1241.05,1.5,6.675,0.846,0.587
BGW-04,Baghewala-04 (pad A),2024-05-21T00:00:00,5,production,47.23,12.69,875.18,17.81,8.58,20.77,430.5,5.979,7.63,72.0,48.0,True,False,33.56,6.71,40.27,4664.66,2.56,5.25,65.93,0.753,98.67,0,0,0,187.28,7.8,1098.72,1.5,5.581,0.85,0.576
BGW-04,Baghewala-04 (pad A),2024-05-22T00:00:00,5,production,47.18,12.68,951.18,17.82,8.53,22.39,401.83,5.581,7.17,72.0,48.0,True,False,24.69,4.94,29.62,4689.35,2.43,5.36,64.5,0.692,108.24,0,0,0,195.72,8.16,1028.06,1.5,7.928,0.95,0.692
BGW-04,Baghewala-04 (pad A),2024-05-23T00:00:00,5,production,47.09,12.16,847.31,18.31,8.5,19.81,494.71,6.871,7.78,72.0,48.0,True,False,32.11,6.42,38.53,4721.46,2.18,5.66,62.99,0.735,101.95,0,0,0,195.08,8.13,1260.19,1.5,6.075,0.831,0.595
BGW-04,Baghewala-04 (pad A),2024-05-24T00:00:00,5,production,46.92,12.89,905.37,17.97,8.49,20.98,456.72,6.343,7.62,72.0,48.0,True,False,36.71,7.34,44.05,4758.17,2.5,5.46,60.62,0.71,104.99,0,0,0,193.11,8.05,1164.98,1.5,5.26,0.919,0.655
BGW-04,Baghewala-04 (pad A),2024-05-25T00:00:00,5,production,46.77,12.99,905.31,17.98,8.14,23.38,468.4,6.506,7.53,72.0,48.0,True,True,36.47,7.29,43.76,4794.64,2.42,4.49,70.68,0.742,101.36,0,0,0,183.27,7.64,1192.99,1.5,5.025,0.901,0.638
BGW-04,Baghewala-04 (pad A),2024-05-26T00:00:00,5,production,46.7,12.54,937.55,17.78,8.55,23.9,415.9,5.776,7.22,72.0,48.0,True,True,28.43,5.69,34.12,4823.07,2.28,6.01,60.55,0.656,100.7,0,0,0,201.43,8.39,1063.92,1.5,7.085,0.938,0.652
BGW-04,Baghewala-04 (pad A),2024-05-27T00:00:00,5,production,46.67,12.75,939.49,17.74,8.57,22.18,418.3,5.81,6.86,72.0,48.0,True,True,30.91,6.18,37.09,4853.98,2.49,5.18,61.69,0.69,108.29,0,0,0,184.95,7.71,1067.95,1.5,5.983,0.95,0.709
BGW-04,Baghewala-04 (pad A),2024-05-28T00:00:00,5,production,46.61,12.81,913.54,17.83,8.76,22.12,482.0,6.694,7.5,72.0,48.0,True,True,32.4,6.48,38.88,4886.38,2.35,4.39,61.11,0.704,101.9,0,0,0,185.97,7.75,1227.31,1.5,5.74,0.914,0.651
BGW-04,Baghewala-04 (pad A),2024-05-29T00:00:00,6,production,45.0,12.77,1007.68,17.77,8.6,21.69,455.21,6.322,7.29,72.0,48.0,True,True,30.12,6.02,36.14,4916.5,2.39,6.19,72.17,0.642,109.07,0,0,0,200.5,8.35,1162.08,1.5,6.657,0.95,0.76
BGW-04,Baghewala-04 (pad A),2024-05-30T00:00:00,6,injection,45.89,12.26,852.18,18.23,8.13,23.07,384.71,4.753,7.5,80.95,48.6,False,False,29.07,5.81,34.89,4945.57,2.43,4.41,50.06,0.726,99.05,0,0,0,183.67,7.65,983.82,1.5,6.318,0.823,0.565
BGW-04,Baghewala-04 (pad A),2024-05-31T00:00:00,6,injection,46.73,12.75,850.3,18.08,8.21,22.61,340.06,4.206,8.54,80.85,42.49,False,False,29.21,5.84,35.05,4974.78,2.42,4.67,65.58,0.761,99.8,0,0,0,175.21,7.3,871.17,1.5,5.999,0.824,0.594
BGW-04,Baghewala-04 (pad A),2024-06-01T00:00:00,6,injection,48.01,12.91,827.68,18.13,8.45,23.33,423.41,4.858,7.75,87.16,52.73,False,False,31.94,6.39,38.33,5006.72,2.3,5.13,63.59,0.744,99.32,0,0,0,174.49,7.27,1079.46,1.5,5.463,0.794,0.535
BGW-04,Baghewala-04 (pad A),2024-06-02T00:00:00,6,soak,47.92,12.61,725.06,18.57,8.25,22.61,450.0,6.25,7.89,72.0,48.0,False,False,34.7,6.94,41.64,5041.42,2.43,4.0,71.07,0.775,93.6,0,0,0,189.07,7.88,1147.69,1.5,5.449,0.637,0.457
BGW-04,Baghewala-04 (pad A),2024-06-03T00:00:00,6,soak,47.81,12.46,896.36,17.78,8.69,22.13,450.0,6.25,7.78,72.0,48.0,False,False,34.02,6.8,40.83,5075.44,2.2,4.0,68.36,0.728,101.8,0,0,0,178.4,7.43,1146.41,1.5,5.243,0.892,0.638
BGW-04,Baghewala-04 (pad A),2024-06-04T00:00:00,6,soak,47.74,12.26,754.52,18.4,8.53,21.89,450.0,6.25,7.13,72.0,48.0,False,False,33.59,6.72,40.31,5109.03,2.47,4.0,64.33,0.839,95.01,0,0,0,178.58,7.44,1146.43,1.5,5.316,0.681,0.485
BGW-04,Baghewala-04 (pad A),2024-06-05T00:00:00,6,production,47.68,12.92,887.82,17.88,8.08,23.2,413.79,5.747,8.06,72.0,48.0,True,False,33.34,6.67,40.01,5142.38,2.37,4.86,66.45,0.715,100.94,0,0,0,185.54,7.73,1056.73,1.5,5.565,0.877,0.588
BGW-04,Baghewala-04 (pad A),2024-06-06T00:00:00,6,production,47.65,12.22,711.54,18.7,8.61,21.5,433.33,6.018,7.76,72.0,48.0,True,False,35.78,7.16,42.93,5178.15,2.31,5.31,63.55,0.806,97.71,0,0,0,192.91,8.04,1106.48,1.5,5.392,0.64,0.513
BGW-04,Baghewala-04 (pad A),2024-06-07T00:00:00,6,production,47.57,13.07,883.13,17.94,8.66,21.78,447.75,6.219,7.48,72.0,48.0,True,False,33.22,6.64,39.87,5211.38,2.43,5.64,60.77,0.681,104.7,0,0,0,204.07,8.5,1143.86,1.5,6.142,0.89,0.652
BGW-04,Baghewala-04 (pad A),2024-06-08T00:00:00,6,production,47.46,12.48,937.37,17.73,8.34,23.7,469.73,6.524,7.42,72.0,48.0,True,False,36.77,7.35,44.13,5248.15,2.52,6.01,68.9,0.648,108.11,0,0,0,202.22,8.43,1198.6,1.5,5.499,0.95,0.704
BGW-04,Baghewala-04 (pad A),2024-06-09T00:00:00,6,production,47.38,12.13,911.14,17.86,8.42,22.02,419.67,5.829,7.75,72.0,48.0,True,False,30.12,6.02,36.14,5278.27,2.35,5.54,66.89,0.688,103.67,0,0,0,187.19,7.8,1071.63,1.5,6.215,0.92,0.676
BGW-04,Baghewala-04 (pad A),2024-06-10T00:00:00,6,production,47.28,12.44,913.82,17.88,8.27,23.81,432.55,6.008,7.51,72.0,48.0,True,False,29.26,5.85,35.11,5307.52,2.54,6.02,65.45,0.683,101.77,0,0,0,186.17,7.76,1103.71,1.5,6.364,0.914,0.628
BGW-04,Baghewala-04 (pad A),2024-06-11T00:00:00,6,production,47.17,12.62,942.83,17.59,8.44,25.3,439.61,6.106,7.56,72.0,48.0,True,False,30.79,6.16,36.94,5338.31,2.24,6.21,67.04,0.63,102.5,0,0,0,202.37,8.43,1123.32,1.5,6.573,0.95,0.696
BGW-04,Baghewala-04 (pad A),2024-06-12T00:00:00,6,production,47.12,12.05,828.94,18.09,8.5,21.82,455.41,6.325,8.51,72.0,48.0,True,False,32.93,6.59,39.52,5371.24,2.35,5.7,68.27,0.741,99.82,0,0,0,204.75,8.53,1163.1,1.5,6.217,0.798,0.527
BGW-04,Baghewala-04 (pad A),2024-06-13T00:00:00,6,production,47.03,12.28,780.46,18.29,8.8,23.16,429.92,5.971,7.44,72.0,48.0,True,False,28.08,5.62,33.69,5399.32,2.45,4.82,65.04,0.763,99.41,0,0,0,194.56,8.11,1098.15,1.5,6.93,0.735,0.562
BGW-04,Baghewala-04 (pad A),2024-06-14T00:00:00,6,production,47.03,13.08,688.84,18.78,8.61,22.18,472.49,6.562,8.11,72.0,48.0,True,False,38.22,7.64,45.86,5437.53,2.39,5.56,60.52,0.79,96.22,0,0,0,197.92,8.25,1204.97,1.5,5.179,0.605,0.474
BGW-04,Baghewala-04 (pad A),2024-06-15T00:00:00,6,production,46.96,12.71,949.7,17.65,8.39,23.62,428.78,5.955,6.84,72.0,48.0,True,False,30.65,6.13,36.78,5468.18,2.32,5.99,65.16,0.649,111.19,0,0,0,195.35,8.14,1095.4,1.5,6.373,0.95,0.699
BGW-04,Baghewala-04 (pad A),2024-06-16T00:00:00,6,production,46.93,12.17,878.27,17.81,8.76,23.12,463.37,6.436,7.65,72.0,48.0,True,False,25.59,5.12,30.71,5493.78,2.38,5.19,65.96,0.694,100.75,0,0,0,191.67,7.99,1181.42,1.626,7.489,0.864,0.64
BGW-04,Baghewala-04 (pad A),2024-06-17T00:00:00,6,production,46.86,12.42,953.18,17.7,8.19,23.12,452.18,6.28,7.01,72.0,48.0,True,False,31.0,6.2,37.21,5524.78,2.47,6.78,58.27,0.604,110.96,0,0,0,203.44,8.48,1154.85,1.5,6.562,0.95,0.735
BGW-04,Baghewala-04 (pad A),2024-06-18T00:00:00,6,production,46.74,11.96,857.86,18.14,8.45,24.82,464.49,6.451,7.25,72.0,48.0,True,False,33.12,6.62,39.74,5557.9,2.47,5.48,60.05,0.69,106.19,0,0,0,187.32,7.81,1183.7,1.5,5.656,0.866,0.617
BGW-04,Baghewala-04 (pad A),2024-06-19T00:00:00,6,production,46.69,12.2,983.68,17.7,7.86,22.88,435.52,6.049,6.94,72.0,48.0,True,False,25.3,5.06,30.36,5583.19,2.4,5.2,72.53,0.666,105.05,0,0,0,198.12,8.25,1112.56,1.5,7.832,0.95,0.699
BGW-04,Baghewala-04 (pad A),2024-06-20T00:00:00,6,production,46.58,12.43,808.92,18.35,8.56,23.16,478.9,6.651,7.29,72.0,48.0,True,False,37.23,7.45,44.68,5620.42,2.55,5.98,68.51,0.719,101.49,0,0,0,205.57,8.57,1221.92,1.5,5.522,0.781,0.586
BGW-04,Baghewala-04 (pad A),2024-06-21T00:00:00,6,production,46.41,12.19,900.28,17.99,8.71,23.45,430.99,5.986,7.94,72.0,48.0,True,False,29.86,5.97,35.83,5650.28,2.53,6.26,59.85,0.661,105.37,0,0,0,194.66,8.11,1100.84,1.5,6.519,0.915,0.686
BGW-04,Baghewala-04 (pad A),2024-06-22T00:00:00,6,production,46.36,12.65,900.77,17.96,8.54,24.37,409.13,5.682,8.4,72.0,48.0,True,False,33.26,6.65,39.91,5683.54,2.36,4.71,61.5,0.681,100.74,0,0,0,187.76,7.82,1045.35,1.5,5.646,0.892,0.633
BGW-04,Baghewala-04 (pad A),2024-06-23T00:00:00,6,production,46.25,12.23,932.39,17.99,8.41,23.13,428.83,5.956,7.57,72.0,48.0,True,False,28.11,5.62,33.73,5711.64,2.29,4.97,69.7,0.693,102.49,0,0,0,197.18,8.22,1095.74,1.5,7.016,0.94,0.659
BGW-04,Baghewala-04 (pad A),2024-06-24T00:00:00,6,production,46.14,12.65,954.05,17.84,8.18,22.41,453.8,6.303,7.28,72.0,48.0,True,True,35.21,7.04,42.25,5746.86,2.24,5.36,62.48,0.635,109.53,0,0,0,193.13,8.05,1157.69,1.5,5.485,0.95,0.702
BGW-04,Baghewala-04 (pad A),2024-06-25T00:00:00,6,production,46.05,12.52,873.38,18.33,8.77,23.51,483.82,6.72,7.51,72.0,48.0,True,True,32.19,6.44,38.63,5779.05,2.53,5.36,72.08,0.718,99.99,0,0,0,194.13,8.09,1232.84,1.5,6.03,0.854,0.604
BGW-04,Baghewala-04 (pad A),2024-06-26T00:00:00,6,production,45.92,12.76,852.42,18.34,8.77,21.69,441.72,6.135,7.08,72.0,48.0,True,True,26.37,5.27,31.64,5805.42,2.4,5.08,64.32,0.729,102.17,0,0,0,192.8,8.03,1127.44,1.697,7.312,0.839,0.597
BGW-04,Baghewala-04 (pad A),2024-06-27T00:00:00,6,production,45.85,13.1,849.55,18.25,8.47,23.94,473.34,6.574,7.81,72.0,48.0,True,True,29.65,5.93,35.58,5835.06,2.47,5.48,65.42,0.727,103.95,0,0,0,199.66,8.32,1207.3,1.5,6.734,0.844,0.62
BGW-04,Baghewala-04 (pad A),2024-06-28T00:00:00,7,production,44.27,12.64,935.38,18.21,8.48,23.7,452.74,6.288,8.13,72.0,48.0,True,True,24.6,4.92,29.52,5859.67,2.32,4.83,61.0,0.659,102.41,0,0,0,191.75,7.99,1154.85,1.5,7.794,0.944,0.657
BGW-07,Baghewala-07 (pad B),2024-01-01T00:00:00,1,injection,49.7,12.42,768.31,17.93,8.82,14.58,475.18,6.276,8.3,75.72,48.07,False,False,38.57,7.71,46.28,38.57,2.4,4.86,66.58,0.792,95.84,0,0,0,193.26,8.05,1211.14,1.5,5.011,0.702,0.502
BGW-07,Baghewala-07 (pad B),2024-01-02T00:00:00,1,injection,50.79,12.66,772.73,17.82,8.01,15.78,412.82,5.629,7.05,73.34,52.23,False,False,34.69,6.94,41.63,73.26,2.38,4.79,69.07,0.79,97.95,0,0,0,181.1,7.55,1053.79,1.5,5.221,0.718,0.537
BGW-07,Baghewala-07 (pad B),2024-01-03T00:00:00,1,injection,51.96,13.0,723.8,17.82,8.59,15.17,448.93,6.117,7.51,73.39,51.59,False,False,41.19,8.24,49.43,114.45,2.34,4.45,63.11,0.845,93.8,0,0,0,184.26,7.68,1144.44,1.5,4.473,0.636,0.444
BGW-07,Baghewala-07 (pad B),2024-01-04T00:00:00,1,soak,51.82,12.72,716.57,18.08,8.32,14.18,450.0,6.25,7.15,72.0,48.0,False,False,30.95,6.19,37.13,145.4,2.45,4.0,64.96,0.845,94.51,0,0,0,196.32,8.18,1148.56,1.5,6.344,0.631,0.441
BGW-07,Baghewala-07 (pad B),2024-01-05T00:00:00,1,soak,51.73,13.35,755.5,17.62,8.59,12.7,450.0,6.25,7.34,72.0,48.0,False,False,39.31,7.86,47.17,184.71,2.49,4.0,67.19,0.837,93.99,0,0,0,183.86,7.66,1147.06,1.5,4.677,0.677,0.466
BGW-07,Baghewala-07 (pad B),2024-01-06T00:00:00,1,soak,51.67,12.74,774.91,17.67,9.02,14.68,450.0,6.25,7.68,72.0,48.0,False,False,34.35,6.87,41.22,219.06,2.48,4.0,62.31,0.84,96.66,0,0,0,179.78,7.49,1146.57,1.5,5.234,0.714,0.515
BGW-07,Baghewala-07 (pad B),2024-01-07T00:00:00,1,production,51.59,12.6,829.12,17.31,8.88,13.79,439.26,6.101,7.82,72.0,48.0,True,False,40.1,8.02,48.12,259.15,2.32,5.95,61.63,0.736,102.55,0,0,0,192.31,8.01,1121.22,1.5,4.796,0.812,0.564
BGW-07,Baghewala-07 (pad B),2024-01-08T00:00:00,1,production,51.5,12.79,756.09,17.73,8.63,14.34,461.8,6.414,7.28,72.0,48.0,True,False,40.86,8.17,49.03,300.01,2.43,6.13,62.3,0.71,100.84,0,0,0,199.78,8.32,1178.49,1.5,4.89,0.712,0.551
BGW-07,Baghewala-07 (pad B),2024-01-09T00:00:00,1,production,51.44,12.55,673.15,18.24,8.34,16.39,457.74,6.358,7.25,72.0,48.0,True,False,40.95,8.19,49.14,340.96,2.33,5.87,61.37,0.766,96.71,0,0,0,197.65,8.24,1168.07,1.5,4.826,0.587,0.471
BGW-07,Baghewala-07 (pad B),2024-01-10T00:00:00,1,production,51.29,12.54,657.65,18.45,8.19,14.4,448.1,6.224,7.39,72.0,48.0,True,False,42.79,8.56,51.35,383.75,2.33,5.33,56.89,0.809,90.93,0,0,0,184.79,7.7,1142.42,1.5,4.318,0.539,0.428
BGW-07,Baghewala-07 (pad B),2024-01-11T00:00:00,1,production,51.2,12.29,763.91,17.92,8.44,14.63,469.63,6.523,7.11,72.0,48.0,True,False,39.86,7.97,47.83,423.61,2.47,5.45,62.77,0.733,100.85,0,0,0,195.67,8.15,1197.56,1.5,4.909,0.722,0.545
BGW-07,Baghewala-07 (pad B),2024-01-12T00:00:00,1,production,51.19,12.43,654.05,18.36,8.59,15.13,443.22,6.156,8.0,72.0,48.0,True,False,46.03,9.21,55.23,469.64,2.56,6.81,67.52,0.747,101.99,0,0,0,208.39,8.68,1133.06,1.5,4.528,0.608,0.504
BGW-07,Baghewala-07 (pad B),2024-01-13T00:00:00,1,production,51.1,12.76,677.26,18.28,8.72,16.67,472.3,6.56,7.74,72.0,48.0,True,False,36.97,7.39,44.36,506.61,2.43,5.9,62.42,0.795,93.99,0,0,0,198.59,8.27,1204.57,1.5,5.372,0.579,0.403
BGW-07,Baghewala-07 (pad B),2024-01-14T00:00:00,1,production,51.01,12.56,701.96,18.1,8.19,14.85,441.73,6.135,7.18,72.0,48.0,True,False,36.58,7.32,43.89,543.18,2.34,5.46,64.68,0.779,95.99,0,0,0,200.21,8.34,1128.35,1.5,5.474,0.62,0.426
BGW-07,Baghewala-07 (pad B),2024-01-15T00:00:00,1,production,51.0,12.8,783.71,17.77,8.28,14.91,424.49,5.896,7.86,72.0,48.0,True,False,37.02,7.4,44.43,580.21,2.43,5.44,70.21,0.741,98.35,0,0,0,193.85,8.08,1084.49,1.5,5.236,0.734,0.528
BGW-07,Baghewala-07 (pad B),2024-01-16T00:00:00,1,production,50.9,12.51,769.84,17.9,8.79,15.67,488.68,6.787,7.62,72.0,48.0,True,False,43.41,8.68,52.09,623.61,2.54,5.16,60.87,0.801,97.3,0,0,0,189.89,7.91,1244.5,1.5,4.375,0.711,0.515
BGW-07,Baghewala-07 (pad B),2024-01-17T00:00:00,1,production,50.84,13.06,684.82,18.4,8.7,15.36,437.86,6.081,7.23,72.0,48.0,True,False,37.21,7.44,44.65,660.82,2.47,5.44,63.88,0.781,97.7,0,0,0,198.69,8.28,1118.48,1.5,5.34,0.607,0.451
BGW-07,Baghewala-07 (pad B),2024-01-18T00:00:00,1,production,50.77,11.98,755.98,17.84,8.51,17.12,450.94,6.263,7.38,72.0,48.0,True,False,39.85,7.97,47.82,700.67,2.47,5.17,62.04,0.77,98.08,0,0,0,194.1,8.09,1150.64,1.5,4.87,0.698,0.515
BGW-07,Baghewala-07 (pad B),2024-01-19T00:00:00,1,production,50.68,12.27,635.54,18.41,8.4,15.83,457.33,6.352,7.78,72.0,48.0,True,False,39.75,7.95,47.7,740.43,2.28,5.15,69.81,0.854,92.36,0,0,0,196.78,8.2,1166.94,1.5,4.95,0.519,0.349
BGW-07,Baghewala-07 (pad B),2024-01-20T00:00:00,1,production,50.66,12.67,765.98,17.87,8.64,16.15,463.22,6.434,7.16,72.0,48.0,True,False,42.21,8.44,50.65,782.64,2.29,5.61,66.78,0.748,96.7,0,0,0,191.66,7.99,1181.04,1.5,4.541,0.703,0.513
BGW-07,Baghewala-07 (pad B),2024-01-21T00:00:00,1,production,50.59,12.31,824.75,17.53,8.38,16.79,427.85,5.942,7.11,72.0,48.0,True,False,38.13,7.63,45.76,820.77,2.44,5.95,61.26,0.725,99.36,0,0,0,190.33,7.93,1092.47,1.5,4.992,0.79,0.549
BGW-07,Baghewala-07 (pad B),2024-01-22T00:00:00,1,production,50.47,12.74,685.74,18.29,8.56,17.05,470.54,6.535,8.19,72.0,48.0,True,False,43.2,8.64,51.84,863.97,2.43,6.08,72.55,0.793,96.65,0,0,0,195.27,8.14,1199.79,1.5,4.52,0.603,0.435
BGW-07,Baghewala-07 (pad B),2024-01-23T00:00:00,1,production,50.41,12.46,787.94,17.75,8.52,16.83,433.32,6.018,7.65,72.0,48.0,True,False,42.72,8.54,51.26,906.69,2.45,5.3,64.21,0.777,98.26,0,1,0,186.98,7.79,1105.74,1.5,4.377,0.739,0.512
BGW-07,Baghewala-07 (pad B),2024-01-24T00:00:00,1,production,50.31,12.82,702.76,18.16,8.59,15.56,407.74,5.663,6.98,72.0,48.0,True,False,38.13,7.63,45.75,944.81,2.49,5.54,59.96,0.798,98.02,0,0,0,184.16,7.67,1041.46,1.5,4.83,0.631,0.465
BGW-07,Baghewala-07 (pad B),2024-01-25T00:00:00,1,production,50.2,12.37,781.61,17.82,8.37,18.06,440.7,6.121,7.58,72.0,48.0,True,False,34.46,6.89,41.35,979.28,2.32,5.23,61.01,0.764,101.83,0,0,0,182.54,7.61,1123.66,1.5,5.297,0.749,0.58
BGW-07,Baghewala-07 (pad B),2024-01-26T00:00:00,1,production,50.15,12.62,832.0,17.78,8.46,16.42,480.15,6.669,7.34,72.0,48.0,True,True,36.97,7.39,44.37,1016.25,2.48,5.2,60.35,0.762,101.79,1,0,0,189.9,7.91,1223.16,1.5,5.136,0.811,0.603
BGW-07,Baghewala-07 (pad B),2024-01-27T00:00:00,1,production,50.07,12.24,835.22,17.7,8.32,16.03,485.94,6.749,7.07,72.0,48.0,True,True,34.84,6.97,41.81,1051.09,2.39,5.21,56.74,0.754,97.75,0,0,0,195.52,8.15,1238.31,1.5,5.612,0.795,0.525
BGW-07,Baghewala-07 (pad B),2024-01-28T00:00:00,1,production,50.02,12.61,796.27,17.78,8.76,19.19,431.56,5.994,7.48,72.0,48.0,True,True,39.0,7.8,46.8,1090.09,2.33,6.45,65.99,0.672,102.49,0,0,0,201.55,8.4,1103.08,1.5,5.168,0.77,0.544
BGW-07,Baghewala-07 (pad B),2024-01-29T00:00:00,1,production,49.97,12.29,647.5,18.56,8.73,15.84,454.72,6.315,7.83,72.0,48.0,True,True,44.78,8.96,53.73,1134.87,2.3,5.41,62.24,0.835,94.32,0,0,0,186.51,7.77,1159.17,1.5,4.165,0.543,0.385
BGW-07,Baghewala-07 (pad B),2024-01-30T00:00:00,2,production,48.41,12.3,887.4,17.84,8.36,14.07,448.07,6.223,7.66,72.0,48.0,True,True,31.59,6.32,37.9,1166.45,2.41,4.91,62.85,0.72,102.58,0,0,0,181.25,7.55,1141.92,1.5,5.738,0.885,0.6
BGW-07,Baghewala-07 (pad B),2024-01-31T00:00:00,2,injection,49.98,12.44,690.48,18.38,8.39,16.81,528.02,8.347,7.38,63.26,52.46,False,False,38.51,7.7,46.21,1204.96,2.45,4.38,64.73,0.85,91.74,0,0,0,183.48,7.64,1342.06,1.5,4.765,0.584,0.379
BGW-07,Baghewala-07 (pad B),2024-02-01T00:00:00,2,injection,51.41,12.57,712.3,17.98,8.68,16.07,466.18,5.897,7.47,79.05,37.72,False,False,38.0,7.6,45.6,1242.96,2.47,4.03,65.59,0.875,92.05,0,0,0,182.48,7.6,1187.34,1.5,4.802,0.613,0.435
BGW-07,Baghewala-07 (pad B),2024-02-02T00:00:00,2,injection,52.85,12.77,653.94,18.09,8.93,17.46,470.62,6.546,7.75,71.89,48.07,False,False,41.45,8.29,49.74,1284.41,2.29,5.12,64.1,0.832,93.93,0,0,0,193.3,8.05,1199.75,1.5,4.663,0.55,0.419
BGW-07,Baghewala-07 (pad B),2024-02-03T00:00:00,2,soak,52.8,12.33,625.59,18.49,8.37,18.48,450.0,6.25,7.03,72.0,48.0,False,False,47.37,9.47,56.84,1331.78,2.44,4.0,73.22,0.874,86.49,0,0,0,177.65,7.4,1146.32,1.5,3.751,0.477,0.321
BGW-07,Baghewala-07 (pad B),2024-02-04T00:00:00,2,soak,52.73,12.95,709.02,17.86,8.61,17.83,450.0,6.25,7.35,72.0,48.0,False,False,41.5,8.3,49.8,1373.28,2.43,4.0,66.61,0.862,91.1,0,0,0,181.3,7.55,1146.76,1.5,4.369,0.604,0.423
BGW-07,Baghewala-07 (pad B),2024-02-05T00:00:00,2,soak,52.67,12.61,712.88,17.82,8.45,18.42,450.0,6.25,7.42,72.0,48.0,False,False,38.33,7.67,46.0,1411.61,2.29,4.0,65.15,0.837,90.36,0,0,0,172.41,7.18,1145.69,1.5,4.497,0.605,0.392
BGW-07,Baghewala-07 (pad B),2024-02-06T00:00:00,2,production,52.59,12.8,557.48,18.64,8.16,17.76,430.38,5.978,6.97,72.0,48.0,True,False,52.24,10.45,62.68,1463.85,2.58,6.22,63.28,0.846,94.95,0,0,0,201.2,8.38,1100.1,1.5,3.852,0.434,0.333
BGW-07,Baghewala-07 (pad B),2024-02-07T00:00:00,2,production,52.53,12.5,694.19,17.99,8.65,15.78,456.71,6.343,7.23,72.0,48.0,True,False,42.2,8.44,50.64,1506.05,2.58,5.34,69.66,0.824,98.36,0,0,0,191.47,7.98,1164.76,1.5,4.537,0.622,0.454
BGW-07,Baghewala-07 (pad B),2024-02-08T00:00:00,2,production,52.42,12.43,702.01,17.93,8.83,17.86,449.46,6.242,7.45,72.0,48.0,True,False,43.85,8.77,52.62,1549.9,2.66,5.21,59.42,0.811,98.95,0,0,0,196.57,8.19,1147.24,1.5,4.483,0.635,0.474
BGW-07,Baghewala-07 (pad B),2024-02-09T00:00:00,2,production,52.3,12.73,614.72,18.31,8.32,14.87,468.15,6.502,7.13,72.0,48.0,True,False,51.52,10.3,61.83,1601.42,2.41,6.02,68.32,0.83,94.47,0,0,0,195.8,8.16,1193.87,1.5,3.8,0.503,0.403
BGW-07,Baghewala-07 (pad B),2024-02-10T00:00:00,2,production,52.19,12.5,704.26,17.93,8.57,18.14,435.76,6.052,7.39,72.0,48.0,True,False,43.75,8.75,52.49,1645.17,2.4,5.15,59.8,0.83,97.46,0,0,0,185.99,7.75,1111.72,1.5,4.252,0.63,0.463
BGW-07,Baghewala-07 (pad B),2024-02-11T00:00:00,2,production,52.15,12.65,639.66,18.35,8.6,16.51,440.67,6.12,7.52,72.0,48.0,True,False,42.34,8.47,50.81,1687.51,2.48,5.11,63.39,0.832,96.98,0,0,0,186.14,7.76,1124.01,1.5,4.396,0.547,0.439
BGW-07,Baghewala-07 (pad B),2024-02-12T00:00:00,2,production,52.1,12.24,652.85,18.23,8.45,17.73,414.56,5.758,6.95,72.0,48.0,True,False,42.42,8.48,50.9,1729.93,2.29,5.86,64.18,0.771,95.29,0,0,0,196.75,8.2,1060.01,1.5,4.639,0.555,0.385
BGW-07,Baghewala-07 (pad B),2024-02-13T00:00:00,2,production,52.05,12.56,642.53,18.3,8.54,18.05,432.37,6.005,7.44,72.0,48.0,True,False,37.55,7.51,45.06,1767.47,2.42,4.6,71.26,0.834,90.42,0,0,0,183.31,7.64,1102.92,1.5,4.882,0.518,0.359
BGW-07,Baghewala-07 (pad B),2024-02-14T00:00:00,2,production,51.97,12.85,720.21,17.88,8.69,17.6,436.33,6.06,7.43,72.0,48.0,True,False,42.65,8.53,51.18,1810.13,2.25,5.54,62.42,0.779,96.24,0,0,0,192.11,8.0,1113.87,1.5,4.504,0.644,0.478
BGW-07,Baghewala-07 (pad B),2024-02-15T00:00:00,2,production,51.86,12.95,751.48,17.81,8.32,19.48,443.72,6.163,8.14,72.0,48.0,True,False,35.61,7.12,42.73,1845.74,2.56,6.1,64.13,0.806,99.58,0,0,0,203.18,8.47,1133.68,1.5,5.706,0.7,0.509
BGW-07,Baghewala-07 (pad B),2024-02-16T00:00:00,2,production,51.76,12.68,709.4,17.92,8.59,17.88,474.7,6.593,7.29,72.0,48.0,True,False,40.3,8.06,48.36,1886.03,2.42,5.35,72.3,0.783,95.01,0,0,0,194.62,8.11,1210.1,1.5,4.83,0.624,0.474
BGW-07,Baghewala-07 (pad B),2024-02-17T00:00:00,2,production,51.63,13.04,795.22,17.57,8.2,16.54,460.54,6.396,7.3,72.0,48.0,True,False,35.82,7.16,42.99,1921.85,2.34,4.53,60.92,0.766,94.02,0,0,0,185.36,7.72,1173.6,1.5,5.174,0.727,0.497
BGW-07,Baghewala-07 (pad B),2024-02-18T00:00:00,2,production,51.6,12.16,684.64,18.15,8.51,18.66,484.81,6.733,7.64,72.0,48.0,True,False,42.97,8.59,51.56,1964.82,2.76,5.22,66.75,0.833,94.17,0,1,0,192.81,8.03,1235.16,1.5,4.487,0.589,0.428
BGW-07,Baghewala-07 (pad B),2024-02-19T00:00:00,2,production,51.47,12.71,725.18,18.1,8.75,16.46,449.95,6.249,7.29,72.0,48.0,True,False,43.49,8.7,52.19,2008.32,2.5,5.61,60.01,0.752,98.23,0,0,0,198.95,8.29,1148.75,1.5,4.574,0.66,0.467
BGW-07,Baghewala-07 (pad B),2024-02-20T00:00:00,2,production,51.45,12.21,712.07,18.08,8.93,17.0,474.23,6.586,7.78,72.0,48.0,True,False,33.37,6.67,40.04,2041.68,2.37,4.84,62.6,0.804,93.76,0,0,0,190.26,7.93,1208.4,1.5,5.702,0.621,0.432
BGW-07,Baghewala-07 (pad B),2024-02-21T00:00:00,2,production,51.36,12.91,737.83,17.89,8.49,17.54,477.16,6.627,6.94,72.0,48.0,True,False,44.55,8.91,53.46,2086.23,2.47,5.89,75.95,0.794,99.76,0,0,0,198.85,8.29,1216.77,1.5,4.464,0.684,0.51
BGW-07,Baghewala-07 (pad B),2024-02-22T00:00:00,2,production,51.23,12.14,752.36,17.96,8.76,16.21,439.93,6.11,7.78,72.0,48.0,True,False,35.63,7.13,42.76,2121.86,2.35,4.62,68.02,0.804,91.49,0,0,0,188.01,7.83,1122.38,1.5,5.277,0.66,0.44
BGW-07,Baghewala-07 (pad B),2024-02-23T00:00:00,2,production,51.25,12.89,747.46,17.87,8.61,17.79,433.23,6.017,7.67,72.0,48.0,True,False,31.0,6.2,37.2,2152.86,2.31,5.88,67.81,0.754,98.52,0,0,0,198.26,8.26,1106.86,1.5,6.396,0.689,0.505
BGW-07,Baghewala-07 (pad B),2024-02-24T00:00:00,2,production,51.15,11.99,731.86,17.93,8.1,18.68,431.6,5.994,7.59,72.0,48.0,True,False,42.15,8.43,50.58,2195.01,2.4,5.45,62.83,0.746,96.28,0,0,0,197.73,8.24,1102.74,1.5,4.691,0.659,0.491
BGW-07,Baghewala-07 (pad B),2024-02-25T00:00:00,2,production,51.11,12.6,813.61,17.59,8.19,18.83,457.59,6.355,6.89,72.0,48.0,True,True,32.49,6.5,38.99,2227.5,2.4,5.49,71.96,0.729,99.94,0,0,0,194.22,8.09,1167.29,1.5,5.977,0.779,0.573
BGW-07,Baghewala-07 (pad B),2024-02-26T00:00:00,2,production,51.05,12.48,653.84,18.4,8.73,15.54,472.53,6.563,7.35,72.0,48.0,True,True,44.21,8.84,53.05,2271.71,2.41,5.4,69.39,0.787,94.93,0,0,0,192.77,8.03,1204.47,1.5,4.361,0.554,0.41
BGW-07,Baghewala-07 (pad B),2024-02-27T00:00:00,2,production,50.91,12.46,726.98,18.18,8.22,16.24,467.02,6.486,7.35,72.0,48.0,True,True,37.83,7.57,45.39,2309.54,2.42,5.58,71.98,0.759,92.81,0,0,0,189.08,7.88,1190.25,1.5,4.999,0.635,0.433
BGW-07,Baghewala-07 (pad B),2024-02-28T00:00:00,2,production,50.81,12.31,746.28,17.97,8.56,17.74,446.22,6.198,7.87,72.0,48.0,True,True,37.24,7.45,44.68,2346.77,2.42,5.11,68.19,0.772,98.62,0,0,0,180.86,7.54,1137.25,1.5,4.857,0.688,0.478
BGW-07,Baghewala-07 (pad B),2024-02-29T00:00:00,3,production,49.21,12.75,763.27,18.07,8.28,17.12,470.81,6.539,7.53,72.0,48.0,True,True,26.04,5.21,31.25,2372.81,2.26,5.63,68.6,0.743,97.93,0,0,0,194.12,8.09,1200.31,1.5,7.454,0.706,0.499
BGW-07,Baghewala-07 (pad B),2024-03-01T00:00:00,3,injection,50.49,12.73,777.14,17.74,8.44,16.04,429.65,5.886,7.75,72.99,47.9,False,False,34.62,6.92,41.55,2407.44,2.39,4.23,63.51,0.796,95.55,0,0,0,178.82,7.45,1095.58,1.5,5.165,0.712,0.482
BGW-07,Baghewala-07 (pad B),2024-03-02T00:00:00,3,injection,52.01,12.47,737.58,17.56,8.8,17.56,482.6,7.617,7.55,63.36,38.67,False,False,42.46,8.49,50.95,2449.9,2.39,4.5,63.52,0.835,95.18,0,0,0,192.64,8.03,1229.62,1.5,4.537,0.66,0.454
BGW-07,Baghewala-07 (pad B),2024-03-03T00:00:00,3,injection,53.26,13.04,598.64,18.33,8.43,17.55,410.72,6.274,7.37,65.47,48.86,False,False,48.03,9.61,57.64,2497.93,2.46,4.52,62.72,0.885,89.94,0,0,0,178.74,7.45,1048.26,1.5,3.721,0.461,0.333
BGW-07,Baghewala-07 (pad B),2024-03-04T00:00:00,3,soak,53.13,12.48,619.81,18.18,8.27,18.5,450.0,6.25,7.65,72.0,48.0,False,False,45.04,9.01,54.04,2542.97,2.46,4.0,64.99,0.853,90.57,0,0,0,175.92,7.33,1146.11,1.5,3.906,0.49,0.336
BGW-07,Baghewala-07 (pad B),2024-03-05T00:00:00,3,soak,53.1,11.96,683.7,17.78,8.82,18.22,450.0,6.25,7.95,72.0,48.0,False,False,41.29,8.26,49.55,2584.26,2.47,4.0,64.34,0.87,92.61,0,0,0,190.01,7.92,1147.8,1.5,4.602,0.58,0.412
BGW-07,Baghewala-07 (pad B),2024-03-06T00:00:00,3,soak,52.98,12.62,711.85,17.83,8.34,18.92,450.0,6.25,7.74,72.0,48.0,False,False,39.88,7.98,47.86,2624.14,2.36,4.0,50.55,0.829,93.02,0,0,0,179.71,7.49,1146.57,1.5,4.506,0.617,0.434
BGW-07,Baghewala-07 (pad B),2024-03-07T00:00:00,3,production,52.85,12.55,706.31,17.95,8.33,17.98,443.46,6.159,6.97,72.0,48.0,True,False,38.52,7.7,46.23,2662.66,2.29,5.11,68.67,0.831,92.9,0,0,0,182.89,7.62,1130.6,1.5,4.748,0.61,0.413
BGW-07,Baghewala-07 (pad B),2024-03-08T00:00:00,3,production,52.76,12.27,656.65,18.17,8.63,18.4,451.47,6.27,7.5,72.0,48.0,True,False,41.53,8.31,49.84,2704.19,2.41,5.09,59.06,0.79,91.31,0,0,0,201.22,8.38,1152.81,1.5,4.845,0.54,0.362
BGW-07,Baghewala-07 (pad B),2024-03-09T00:00:00,3,production,52.7,12.56,650.07,18.1,8.34,17.38,455.49,6.326,7.77,72.0,48.0,True,False,47.6,9.52,57.12,2751.8,2.51,6.22,69.98,0.764,99.26,0,0,0,198.33,8.26,1162.53,1.5,4.166,0.571,0.452
BGW-07,Baghewala-07 (pad B),2024-03-10T00:00:00,3,production,52.7,12.39,690.83,17.82,8.33,17.26,447.37,6.213,7.67,72.0,48.0,True,False,42.67,8.53,51.2,2794.47,2.42,6.09,62.32,0.76,94.3,0,0,0,197.69,8.24,1142.15,1.5,4.633,0.598,0.397
BGW-07,Baghewala-07 (pad B),2024-03-11T00:00:00,3,production,52.65,12.78,741.97,17.78,8.69,17.2,466.64,6.481,7.85,72.0,48.0,True,False,39.14,7.83,46.97,2833.61,2.52,5.82,62.4,0.734,100.12,0,0,0,195.6,8.15,1190.08,1.5,4.997,0.691,0.526
BGW-07,Baghewala-07 (pad B),2024-03-12T00:00:00,3,production,52.55,12.24,754.03,17.58,8.44,19.66,453.64,6.301,7.47,72.0,48.0,True,False,41.0,8.2,49.2,2874.61,2.48,4.79,68.24,0.783,96.62,0,0,0,183.24,7.64,1156.09,1.5,4.47,0.688,0.486
BGW-07,Baghewala-07 (pad B),2024-03-13T00:00:00,3,production,52.47,12.49,697.88,17.86,8.58,18.66,449.94,6.249,7.44,72.0,48.0,True,False,47.2,9.44,56.64,2921.81,2.27,6.13,71.89,0.785,101.56,0,0,0,199.66,8.32,1148.8,1.5,4.23,0.643,0.472
BGW-07,Baghewala-07 (pad B),2024-03-14T00:00:00,3,production,52.47,12.58,679.04,18.13,8.35,17.34,467.0,6.486,7.35,72.0,48.0,True,False,42.71,8.54,51.25,2964.52,2.28,6.58,55.36,0.785,96.98,0,0,0,209.77,8.74,1192.68,1.5,4.912,0.601,0.446
BGW-07,Baghewala-07 (pad B),2024-03-15T00:00:00,3,production,52.37,12.63,700.93,18.0,8.37,18.13,427.66,5.94,7.61,72.0,48.0,True,False,37.12,7.42,44.54,3001.64,2.52,5.05,60.43,0.847,97.93,0,0,0,182.31,7.6,1091.03,1.5,4.912,0.628,0.433
BGW-07,Baghewala-07 (pad B),2024-03-16T00:00:00,3,production,52.31,11.95,681.93,17.99,8.37,18.21,426.8,5.928,7.5,72.0,48.0,True,False,46.42,9.28,55.71,3048.06,2.36,5.46,62.77,0.811,92.54,0,0,0,181.33,7.56,1088.77,1.5,3.906,0.578,0.435
BGW-07,Baghewala-07 (pad B),2024-03-17T00:00:00,3,production,52.23,12.6,670.72,18.06,8.91,18.1,470.61,6.536,7.47,72.0,48.0,True,False,44.6,8.92,53.52,3092.66,2.22,6.63,57.76,0.758,97.52,0,0,0,197.16,8.22,1200.19,1.5,4.421,0.596,0.417
BGW-07,Baghewala-07 (pad B),2024-03-18T00:00:00,3,production,52.2,12.16,704.52,17.84,8.86,17.99,442.01,6.139,7.44,72.0,48.0,True,False,43.69,8.74,52.43,3136.36,2.53,5.86,64.75,0.754,96.89,0,0,0,198.51,8.27,1128.84,1.5,4.543,0.628,0.466
BGW-07,Baghewala-07 (pad B),2024-03-19T00:00:00,3,production,52.03,12.17,652.32,18.36,8.2,20.26,441.81,6.136,7.01,72.0,48.0,True,False,49.33,9.87,59.2,3185.69,2.68,6.57,66.53,0.792,99.89,0,0,0,204.74,8.53,1129.1,1.5,4.15,0.582,0.48
BGW-07,Baghewala-07 (pad B),2024-03-20T00:00:00,3,production,51.93,12.41,652.27,18.29,8.41,17.15,520.4,7.228,7.26,72.0,48.0,True,False,46.79,9.36,56.15,3232.48,2.54,5.16,54.59,0.843,95.13,0,0,0,194.07,8.09,1324.28,1.5,4.148,0.553,0.41
BGW-07,Baghewala-07 (pad B),2024-03-21T00:00:00,3,production,51.87,12.9,618.18,18.39,8.19,16.71,430.29,5.976,7.26,72.0,48.0,True,False,43.74,8.75,52.49,3276.22,2.42,5.0,65.76,0.811,88.53,0,0,0,191.15,7.96,1098.66,1.5,4.37,0.478,0.333
BGW-07,Baghewala-07 (pad B),2024-03-22T00:00:00,3,production,51.75,12.62,663.01,18.24,8.44,20.3,444.13,6.168,7.41,72.0,48.0,True,False,42.48,8.5,50.97,3318.69,2.26,5.63,56.42,0.792,97.65,0,0,0,194.33,8.1,1133.64,1.5,4.575,0.58,0.427
BGW-07,Baghewala-07 (pad B),2024-03-23T00:00:00,3,production,51.69,12.51,710.64,18.01,8.42,18.52,444.99,6.18,7.71,72.0,48.0,True,False,44.79,8.96,53.75,3363.49,2.5,6.61,66.6,0.754,102.03,0,0,0,211.08,8.8,1137.8,1.5,4.712,0.667,0.488
BGW-07,Baghewala-07 (pad B),2024-03-24T00:00:00,3,production,51.59,12.92,683.55,18.11,8.18,19.15,443.89,6.165,7.41,72.0,48.0,True,False,38.71,7.74,46.45,3402.2,2.3,5.51,60.7,0.806,94.36,0,0,0,193.61,8.07,1132.96,1.5,5.002,0.589,0.42
BGW-07,Baghewala-07 (pad B),2024-03-25T00:00:00,3,production,51.56,12.56,760.33,17.76,8.37,19.0,466.61,6.481,7.23,72.0,48.0,True,False,41.94,8.39,50.33,3444.14,2.43,5.36,61.74,0.749,97.67,0,0,0,197.35,8.22,1190.2,1.5,4.705,0.701,0.482
BGW-07,Baghewala-07 (pad B),2024-03-26T00:00:00,3,production,51.46,12.37,677.33,18.23,8.79,19.23,458.42,6.367,7.44,72.0,48.0,True,True,35.1,7.02,42.12,3479.24,2.27,4.61,65.28,0.811,94.37,0,0,0,190.71,7.95,1168.94,1.5,5.434,0.581,0.419
BGW-07,Baghewala-07 (pad B),2024-03-27T00:00:00,3,production,51.36,12.23,664.5,18.34,8.86,19.16,461.21,6.406,8.32,72.0,48.0,True,True,36.96,7.39,44.35,3516.2,2.39,5.05,70.18,0.794,91.63,0,0,0,189.07,7.88,1175.72,1.5,5.116,0.551,0.393
BGW-07,Baghewala-07 (pad B),2024-03-28T00:00:00,3,production,51.3,12.29,672.45,18.29,8.46,20.28,487.69,6.774,7.86,72.0,48.0,True,True,43.28,8.66,51.93,3559.47,2.37,5.51,68.9,0.824,91.35,0,0,0,190.65,7.94,1242.11,1.5,4.405,0.56,0.387
BGW-07,Baghewala-07 (pad B),2024-03-29T00:00:00,3,production,51.17,12.62,700.49,18.19,8.62,20.63,453.64,6.3,7.83,72.0,48.0,True,True,36.42,7.28,43.71,3595.9,2.35,5.76,66.97,0.772,93.09,0,0,0,190.23,7.93,1156.92,1.5,5.223,0.604,0.414
BGW-07,Baghewala-07 (pad B),2024-03-30T00:00:00,4,production,49.64,11.92,800.91,17.89,8.43,19.88,447.22,6.211,7.7,72.0,48.0,True,True,35.83,7.17,43.0,3631.73,2.35,5.84,66.12,0.741,99.77,0,0,0,199.2,8.3,1141.95,1.5,5.56,0.762,0.581
BGW-07,Baghewala-07 (pad B),2024-03-31T00:00:00,4,injection,50.87,12.71,732.73,17.99,8.43,18.44,365.1,5.522,7.86,66.11,51.56,False,False,37.33,7.47,44.8,3669.06,2.51,4.52,57.81,0.816,96.73,0,0,0,181.97,7.58,934.59,1.5,4.874,0.662,0.473
BGW-07,Baghewala-07 (pad B),2024-04-01T00:00:00,4,injection,52.21,13.26,774.02,17.43,8.48,20.49,451.88,5.682,7.53,79.53,47.46,False,False,36.4,7.28,43.68,3705.45,2.49,4.32,63.41,0.798,98.95,0,0,0,182.22,7.59,1151.56,1.5,5.006,0.725,0.547
BGW-07,Baghewala-07 (pad B),2024-04-02T00:00:00,4,injection,53.45,12.81,666.24,18.02,8.43,18.72,479.6,7.041,7.35,68.12,37.03,False,False,49.44,9.89,59.32,3754.89,2.44,4.73,71.95,0.849,92.64,0,0,0,190.26,7.93,1221.82,1.5,3.849,0.559,0.41
BGW-07,Baghewala-07 (pad B),2024-04-03T00:00:00,4,soak,53.35,13.01,675.08,17.89,8.39,19.1,450.0,6.25,7.25,72.0,48.0,False,False,36.1,7.22,43.32,3790.99,2.39,4.0,69.21,0.86,89.45,0,0,0,178.7,7.45,1146.44,1.5,4.95,0.554,0.38
BGW-07,Baghewala-07 (pad B),2024-04-04T00:00:00,4,soak,53.29,12.89,660.87,17.87,8.13,18.85,450.0,6.25,7.88,72.0,48.0,False,False,38.57,7.71,46.29,3829.57,2.41,4.0,59.3,0.843,88.42,0,0,0,179.1,7.46,1146.49,1.5,4.643,0.531,0.343
BGW-07,Baghewala-07 (pad B),2024-04-05T00:00:00,4,soak,53.28,12.76,632.55,18.36,8.69,19.52,450.0,6.25,7.39,72.0,48.0,False,False,38.11,7.62,45.73,3867.68,2.41,4.0,70.58,0.883,89.76,0,0,0,186.65,7.78,1147.4,1.5,4.898,0.502,0.378
BGW-07,Baghewala-07 (pad B),2024-04-06T00:00:00,4,production,53.18,12.41,595.67,18.34,8.28,19.74,502.82,6.984,7.3,72.0,48.0,True,False,46.2,9.24,55.44,3913.87,2.42,5.16,66.91,0.866,90.52,0,0,0,198.13,8.26,1280.84,1.5,4.289,0.46,0.336
BGW-07,Baghewala-07 (pad B),2024-04-07T00:00:00,4,production,53.12,12.44,622.5,18.24,8.06,19.71,445.85,6.192,7.25,72.0,48.0,True,False,48.87,9.77,58.64,3962.74,2.63,5.33,70.17,0.854,95.11,0,0,0,182.05,7.59,1136.46,1.5,3.725,0.516,0.376
BGW-07,Baghewala-07 (pad B),2024-04-08T00:00:00,4,production,53.0,12.53,640.27,18.25,8.51,20.97,456.33,6.338,7.63,72.0,48.0,True,False,51.68,10.34,62.02,4014.42,2.4,5.52,67.17,0.835,88.91,0,0,0,195.03,8.13,1164.22,1.5,3.774,0.507,0.36
BGW-07,Baghewala-07 (pad B),2024-04-09T00:00:00,4,production,53.01,12.83,710.3,17.83,8.63,19.54,444.39,6.172,7.24,72.0,48.0,True,False,40.51,8.1,48.62,4054.94,2.25,5.11,69.6,0.792,96.03,0,0,0,182.52,7.61,1132.87,1.5,4.505,0.631,0.402
BGW-07,Baghewala-07 (pad B),2024-04-10T00:00:00,4,production,52.94,12.02,583.5,18.58,8.29,18.93,427.24,5.934,6.94,72.0,48.0,True,False,48.51,9.7,58.21,4103.45,2.37,5.91,67.31,0.826,92.95,0,0,0,192.85,8.04,1091.24,1.5,3.976,0.457,0.316
BGW-07,Baghewala-07 (pad B),2024-04-11T00:00:00,4,production,52.89,12.97,672.8,17.97,8.47,19.85,448.62,6.231,7.89,72.0,48.0,True,False,48.61,9.72,58.34,4152.06,2.58,5.66,70.93,0.819,95.04,0,0,0,198.2,8.26,1145.34,1.5,4.077,0.579,0.432
BGW-07,Baghewala-07 (pad B),2024-04-12T00:00:00,4,production,52.82,12.69,657.91,18.06,8.76,18.95,417.33,5.796,7.23,72.0,48.0,True,False,46.08,9.22,55.29,4198.14,2.27,4.9,62.56,0.846,92.31,0,0,0,184.87,7.7,1065.51,1.5,4.012,0.546,0.405
BGW-07,Baghewala-07 (pad B),2024-04-13T00:00:00,4,production,52.71,13.0,662.98,18.03,8.48,19.79,439.56,6.105,7.3,72.0,48.0,True,False,47.72,9.54,57.27,4245.86,2.35,6.1,69.96,0.79,93.9,0,0,0,194.64,8.11,1122.26,1.5,4.079,0.561,0.435
BGW-07,Baghewala-07 (pad B),2024-04-14T00:00:00,4,production,52.64,12.81,640.26,18.11,8.57,20.03,475.7,6.607,7.84,72.0,48.0,True,False,40.63,8.13,48.76,4286.49,2.38,5.38,61.87,0.818,95.17,0,0,0,191.95,8.0,1212.29,1.5,4.724,0.539,0.368
BGW-07,Baghewala-07 (pad B),2024-04-15T00:00:00,4,production,52.47,12.72,692.06,17.91,8.73,20.83,445.37,6.186,8.25,72.0,48.0,True,False,38.23,7.65,45.88,4324.72,2.39,4.84,63.26,0.811,96.67,0,0,0,188.53,7.86,1136.04,1.5,4.931,0.611,0.461
BGW-07,Baghewala-07 (pad B),2024-04-16T00:00:00,4,production,52.41,12.87,773.76,17.55,8.37,20.48,400.53,5.563,7.42,72.0,48.0,True,False,42.99,8.6,51.58,4367.71,2.37,5.4,60.51,0.797,96.83,0,0,0,191.19,7.97,1024.28,1.5,4.448,0.714,0.47
BGW-07,Baghewala-07 (pad B),2024-04-17T00:00:00,4,production,52.3,12.56,633.28,18.25,8.82,20.59,455.52,6.327,8.07,72.0,48.0,True,False,44.1,8.82,52.92,4411.81,2.39,6.43,64.73,0.779,101.79,0,0,0,192.65,8.03,1161.93,1.5,4.368,0.563,0.443
BGW-07,Baghewala-07 (pad B),2024-04-18T00:00:00,4,production,52.28,12.27,800.06,17.55,8.77,21.19,434.51,6.035,7.99,72.0,48.0,True,False,39.88,7.98,47.85,4451.69,2.47,5.94,57.19,0.744,102.33,0,0,0,202.78,8.45,1110.61,1.5,5.085,0.774,0.571
BGW-07,Baghewala-07 (pad B),2024-04-19T00:00:00,4,production,52.25,12.79,788.64,17.42,8.53,19.36,476.14,6.613,7.58,72.0,48.0,True,False,40.51,8.1,48.61,4492.2,2.26,4.87,68.35,0.783,94.61,0,0,0,194.2,8.09,1213.66,1.5,4.793,0.721,0.493
BGW-07,Baghewala-07 (pad B),2024-04-20T00:00:00,4,production,52.09,12.25,656.91,18.17,8.65,20.44,434.43,6.034,7.63,72.0,48.0,True,False,39.11,7.82,46.93,4531.31,2.29,5.56,66.86,0.778,90.27,0,0,0,181.89,7.58,1107.89,1.5,4.651,0.535,0.374
BGW-07,Baghewala-07 (pad B),2024-04-21T00:00:00,4,production,52.02,12.76,602.41,18.4,8.62,20.82,400.75,5.566,7.52,72.0,48.0,True,False,43.35,8.67,52.02,4574.65,2.53,5.63,63.5,0.861,90.91,0,0,0,190.31,7.93,1024.7,1.5,4.39,0.47,0.361
BGW-07,Baghewala-07 (pad B),2024-04-22T00:00:00,4,production,51.94,12.41,673.58,18.07,8.63,21.18,428.43,5.95,7.9,72.0,48.0,True,False,45.65,9.13,54.78,4620.31,2.64,4.94,68.56,0.826,94.51,0,0,0,193.96,8.08,1094.35,1.5,4.249,0.577,0.444
BGW-07,Baghewala-07 (pad B),2024-04-23T00:00:00,4,production,51.85,12.0,735.02,17.84,8.59,19.76,426.0,5.917,7.83,72.0,48.0,True,False,44.08,8.82,52.9,4664.39,2.44,5.42,65.0,0.792,100.26,0,0,0,194.33,8.1,1088.33,1.5,4.408,0.683,0.491
BGW-07,Baghewala-07 (pad B),2024-04-24T00:00:00,4,production,51.79,13.32,738.91,17.68,8.53,19.13,436.15,6.058,7.44,72.0,48.0,True,False,40.72,8.14,48.86,4705.1,2.57,5.36,63.42,0.789,97.04,0,0,0,197.51,8.23,1114.09,1.5,4.851,0.671,0.457
BGW-07,Baghewala-07 (pad B),2024-04-25T00:00:00,4,production,51.68,12.36,650.97,18.27,8.52,20.71,497.22,6.906,7.65,72.0,48.0,True,True,43.77,8.75,52.53,4748.88,2.5,5.74,67.53,0.797,96.15,0,0,0,196.94,8.21,1266.68,1.5,4.499,0.557,0.412
BGW-07,Baghewala-07 (pad B),2024-04-26T00:00:00,4,production,51.65,12.07,625.77,18.49,8.24,20.35,451.13,6.266,7.09,72.0,48.0,True,True,42.31,8.46,50.78,4791.19,2.4,5.65,71.25,0.838,93.04,0,0,0,194.37,8.1,1151.15,1.5,4.594,0.51,0.356
BGW-07,Baghewala-07 (pad B),2024-04-27T00:00:00,4,production,51.58,12.33,747.82,17.87,8.68,18.25,430.47,5.979,7.41,72.0,48.0,True,True,39.38,7.88,47.25,4830.57,2.42,5.75,70.43,0.775,99.3,0,0,0,186.59,7.77,1098.56,1.5,4.739,0.694,0.504
BGW-07,Baghewala-07 (pad B),2024-04-28T00:00:00,4,production,51.48,12.22,673.66,18.16,8.49,20.99,453.62,6.3,8.07,72.0,48.0,True,True,40.39,8.08,48.47,4870.96,2.37,4.8,63.45,0.83,96.58,0,0,0,189.42,7.89,1156.79,1.5,4.69,0.587,0.451
BGW-07,Baghewala-07 (pad B),2024-04-29T00:00:00,5,production,49.83,12.76,802.28,17.94,8.35,20.78,454.48,6.312,7.11,72.0,48.0,True,True,36.89,7.38,44.27,4907.85,2.34,5.11,62.0,0.755,97.71,0,0,0,188.33,7.85,1158.79,1.5,5.105,0.754,0.527
BGW-07,Baghewala-07 (pad B),2024-04-30T00:00:00,5,injection,51.05,12.09,768.75,17.94,8.45,21.99,482.45,5.968,8.13,80.83,56.48,False,False,33.67,6.73,40.41,4941.52,2.26,4.55,72.84,0.781,99.7,0,0,0,189.58,7.9,1228.86,1.534,5.63,0.722,0.524
BGW-07,Baghewala-07 (pad B),2024-05-01T00:00:00,5,injection,52.22,12.52,714.24,17.9,8.42,22.79,433.77,8.218,7.16,52.78,44.26,False,False,36.09,7.22,43.3,4977.61,2.52,4.67,65.82,0.802,94.27,0,0,0,194.87,8.12,1107.8,1.5,5.4,0.627,0.434
BGW-07,Baghewala-07 (pad B),2024-05-02T00:00:00,5,injection,53.25,12.52,652.03,18.06,8.99,21.02,413.88,5.929,7.11,69.81,43.49,False,False,40.27,8.05,48.32,5017.88,2.43,4.61,67.72,0.875,85.42,0,0,0,182.68,7.61,1056.61,1.5,4.536,0.505,0.306
BGW-07,Baghewala-07 (pad B),2024-05-03T00:00:00,5,soak,53.25,12.41,698.37,17.79,8.61,21.44,450.0,6.25,7.58,72.0,48.0,False,False,45.27,9.05,54.32,5063.14,2.44,4.0,63.73,0.854,91.94,0,0,0,189.74,7.91,1147.77,1.5,4.192,0.595,0.44
BGW-07,Baghewala-07 (pad B),2024-05-04T00:00:00,5,soak,53.21,12.22,758.97,17.48,8.37,22.56,450.0,6.25,6.57,72.0,48.0,False,False,37.34,7.47,44.81,5100.48,2.49,4.0,59.12,0.787,94.88,0,0,0,180.34,7.51,1146.64,1.5,4.83,0.686,0.477
BGW-07,Baghewala-07 (pad B),2024-05-05T00:00:00,5,soak,53.1,12.22,630.34,18.18,8.59,22.46,450.0,6.25,7.34,72.0,48.0,False,False,43.02,8.6,51.63,5143.51,2.4,4.0,60.65,0.897,87.49,0,0,0,178.45,7.44,1146.41,1.5,4.148,0.488,0.294
BGW-07,Baghewala-07 (pad B),2024-05-06T00:00:00,5,production,52.99,12.37,635.87,18.21,8.82,20.71,437.96,6.083,7.33,72.0,48.0,True,False,48.0,9.6,57.6,5191.51,2.56,5.35,63.11,0.837,95.41,0,1,0,191.44,7.98,1117.86,1.5,3.988,0.534,0.405
BGW-07,Baghewala-07 (pad B),2024-05-07T00:00:00,5,production,52.97,12.51,607.33,18.31,8.38,21.61,452.55,6.285,7.83,72.0,48.0,True,False,51.69,10.34,62.03,5243.2,2.43,6.32,70.48,0.815,96.58,0,0,0,192.58,8.02,1154.47,1.5,3.725,0.505,0.361
BGW-07,Baghewala-07 (pad B),2024-05-08T00:00:00,5,production,52.98,12.59,696.52,17.86,8.51,22.28,465.78,6.469,7.39,72.0,48.0,True,False,49.3,9.86,59.16,5292.5,2.56,5.91,65.03,0.768,100.22,0,0,0,208.92,8.7,1189.52,1.5,4.238,0.634,0.459
BGW-07,Baghewala-07 (pad B),2024-05-09T00:00:00,5,production,52.88,12.16,756.08,17.52,8.5,22.23,418.03,5.806,7.52,72.0,48.0,True,False,44.87,8.97,53.84,5337.37,2.52,5.23,64.2,0.792,99.43,0,0,0,185.79,7.74,1067.37,1.5,4.141,0.705,0.51
BGW-07,Baghewala-07 (pad B),2024-05-10T00:00:00,5,production,52.85,13.08,608.1,18.18,8.41,21.49,475.77,6.608,8.27,72.0,48.0,True,False,47.81,9.56,57.37,5385.17,2.29,5.66,59.61,0.811,89.83,0,0,0,205.17,8.55,1214.04,1.5,4.292,0.472,0.325
BGW-07,Baghewala-07 (pad B),2024-05-11T00:00:00,5,production,52.72,12.68,728.59,17.7,8.58,19.28,447.4,6.214,6.78,72.0,48.0,True,False,48.56,9.71,58.27,5433.74,2.49,6.23,65.83,0.766,101.78,0,0,0,199.63,8.32,1142.45,1.5,4.111,0.682,0.498
BGW-07,Baghewala-07 (pad B),2024-05-12T00:00:00,5,production,52.67,12.91,708.62,18.01,8.08,23.16,443.43,6.159,7.38,72.0,48.0,True,False,40.8,8.16,48.96,5474.54,2.39,5.53,65.18,0.778,97.38,0,0,0,195.34,8.14,1132.01,1.5,4.788,0.635,0.453
BGW-07,Baghewala-07 (pad B),2024-05-13T00:00:00,5,production,52.57,13.01,688.49,17.97,8.59,21.47,451.31,6.268,7.37,72.0,48.0,True,False,47.04,9.41,56.45,5521.58,2.3,5.54,69.76,0.784,96.63,0,0,0,190.86,7.95,1151.17,1.5,4.057,0.606,0.479
BGW-07,Baghewala-07 (pad B),2024-05-14T00:00:00,5,production,52.43,12.71,769.31,17.48,8.38,23.28,441.19,6.128,7.01,72.0,48.0,True,False,34.46,6.89,41.35,5556.03,2.26,5.26,60.63,0.771,99.14,0,0,0,196.92,8.2,1126.61,1.5,5.715,0.72,0.53
BGW-07,Baghewala-07 (pad B),2024-05-15T00:00:00,5,production,52.38,12.96,706.59,17.92,8.47,21.62,479.34,6.657,7.54,72.0,48.0,True,False,41.02,8.2,49.23,5597.06,2.5,5.49,61.76,0.809,98.2,0,0,0,195.58,8.15,1221.82,1.5,4.767,0.637,0.506
BGW-07,Baghewala-07 (pad B),2024-05-16T00:00:00,5,production,52.29,12.55,752.3,17.66,8.25,22.16,440.19,6.114,8.08,72.0,48.0,True,False,42.46,8.49,50.96,5639.52,2.45,5.25,77.5,0.765,101.09,0,0,0,189.83,7.91,1123.27,1.5,4.47,0.708,0.558
BGW-07,Baghewala-07 (pad B),2024-05-17T00:00:00,5,production,52.19,12.26,686.46,17.94,8.6,23.26,486.15,6.752,7.71,72.0,48.0,True,False,34.21,6.84,41.05,5673.73,2.23,4.72,69.22,0.855,94.53,0,0,0,188.03,7.83,1237.95,1.5,5.497,0.593,0.431
BGW-07,Baghewala-07 (pad B),2024-05-18T00:00:00,5,production,52.15,12.58,692.64,18.17,8.34,20.9,454.92,6.318,7.89,72.0,48.0,True,False,43.33,8.67,52.0,5717.06,2.38,5.26,62.84,0.821,92.83,0,0,0,191.18,7.97,1160.25,1.5,4.412,0.592,0.446
BGW-07,Baghewala-07 (pad B),2024-05-19T00:00:00,5,production,52.03,12.8,723.46,17.98,8.46,22.93,454.79,6.316,7.31,72.0,48.0,True,False,42.07,8.41,50.48,5759.13,2.53,5.47,61.3,0.771,100.39,0,0,0,193.59,8.07,1160.2,1.5,4.602,0.669,0.478
BGW-07,Baghewala-07 (pad B),2024-05-20T00:00:00,5,production,51.94,12.36,637.34,18.27,8.64,21.43,452.15,6.28,7.34,72.0,48.0,True,False,41.53,8.31,49.84,5800.66,2.45,5.59,68.43,0.826,94.2,0,0,0,195.38,8.14,1153.82,1.5,4.704,0.53,0.388
BGW-07,Baghewala-07 (pad B),2024-05-21T00:00:00,5,production,51.89,12.78,816.74,17.38,8.31,22.91,447.77,6.219,7.59,72.0,48.0,True,False,37.13,7.43,44.56,5837.79,2.3,5.25,68.01,0.69,95.09,0,0,0,187.83,7.83,1141.97,1.5,5.058,0.759,0.506
BGW-07,Baghewala-07 (pad B),2024-05-22T00:00:00,5,production,51.83,12.62,747.42,17.7,8.58,21.29,448.47,6.229,7.7,72.0,48.0,True,False,37.64,7.53,45.17,5875.43,2.27,5.05,65.16,0.776,94.96,0,0,0,190.54,7.94,1144.05,1.5,5.062,0.672,0.471
BGW-07,Baghewala-07 (pad B),2024-05-23T00:00:00,5,production,51.75,12.6,799.8,17.64,8.79,21.29,446.89,6.207,7.28,72.0,48.0,True,False,37.09,7.42,44.51,5912.52,2.35,5.75,68.09,0.765,98.46,0,0,0,203.39,8.47,1141.62,1.5,5.483,0.755,0.533
BGW-07,Baghewala-07 (pad B),2024-05-24T00:00:00,5,production,51.6,12.31,694.54,18.25,8.3,23.35,439.1,6.099,6.42,72.0,48.0,True,False,40.05,8.01,48.05,5952.57,2.36,5.63,66.08,0.803,97.73,0,0,0,179.94,7.5,1119.34,1.5,4.494,0.619,0.472
BGW-07,Baghewala-07 (pad B),2024-05-25T00:00:00,5,production,51.53,12.66,697.67,18.04,8.48,22.52,446.32,6.199,7.7,72.0,48.0,True,True,39.5,7.9,47.4,5992.07,2.44,4.83,63.96,0.823,91.99,0,0,0,184.82,7.7,1137.99,1.5,4.679,0.595,0.435
BGW-07,Baghewala-07 (pad B),2024-05-26T00:00:00,5,production,51.54,12.2,708.29,18.08,8.48,21.55,411.87,5.72,7.52,72.0,48.0,True,True,44.25,8.85,53.1,6036.32,2.53,5.46,67.81,0.801,97.91,0,0,0,198.24,8.26,1053.46,1.5,4.48,0.637,0.45
BGW-07,Baghewala-07 (pad B),2024-05-27T00:00:00,5,production,51.43,12.25,703.63,18.05,8.29,22.36,421.71,5.857,7.82,72.0,48.0,True,True,35.65,7.13,42.79,6071.98,2.37,6.19,60.22,0.718,96.32,0,0,0,193.52,8.06,1077.5,1.5,5.428,0.624,0.467
BGW-07,Baghewala-07 (pad B),2024-05-28T00:00:00,5,production,51.32,12.44,780.84,17.79,8.46,22.7,482.43,6.7,7.07,72.0,48.0,True,True,38.87,7.77,46.64,6110.84,2.59,5.12,64.86,0.744,97.46,0,0,0,196.75,8.2,1229.69,1.5,5.062,0.726,0.527
BGW-07,Baghewala-07 (pad B),2024-05-29T00:00:00,6,production,49.74,12.33,710.5,18.23,8.38,21.33,466.48,6.479,7.52,72.0,48.0,True,True,41.41,8.28,49.69,6152.25,2.33,5.53,62.36,0.8,94.6,0,0,0,205.63,8.57,1190.87,1.5,4.966,0.624,0.438
BGW-07,Baghewala-07 (pad B),2024-05-30T00:00:00,6,injection,50.96,12.82,693.2,18.19,8.21,21.91,432.66,5.925,7.97,73.02,51.81,False,False,43.72,8.74,52.46,6195.97,2.5,4.42,59.57,0.835,91.64,0,0,0,179.76,7.49,1103.23,1.5,4.112,0.587,0.404
BGW-07,Baghewala-07 (pad B),2024-05-31T00:00:00,6,injection,52.64,11.93,600.84,18.39,8.5,22.88,507.47,7.449,7.9,68.12,52.59,False,False,44.47,8.89,53.36,6240.44,2.39,4.26,72.24,0.886,88.81,0,0,0,186.41,7.77,1291.06,1.5,4.192,0.458,0.338
BGW-07,Baghewala-07 (pad B),2024-06-01T00:00:00,6,injection,53.99,12.82,649.31,17.91,8.17,22.4,397.43,4.682,7.98,84.89,49.83,False,False,42.83,8.57,51.4,6283.27,2.58,4.45,64.65,0.834,92.13,0,0,0,173.66,7.24,1014.41,1.5,4.054,0.535,0.378
BGW-07,Baghewala-07 (pad B),2024-06-02T00:00:00,6,soak,53.89,12.63,533.71,18.62,8.22,21.97,450.0,6.25,7.82,72.0,48.0,False,False,44.62,8.92,53.54,6327.89,2.5,4.0,67.74,0.89,85.06,0,0,0,180.41,7.52,1146.65,1.5,4.043,0.355,0.249
BGW-07,Baghewala-07 (pad B),2024-06-03T00:00:00,6,soak,53.82,12.29,657.06,17.98,8.37,22.32,450.0,6.25,7.46,72.0,48.0,False,False,45.53,9.11,54.64,6373.42,2.28,4.0,68.57,0.857,90.41,0,0,0,174.88,7.29,1145.99,1.5,3.841,0.536,0.356
BGW-07,Baghewala-07 (pad B),2024-06-04T00:00:00,6,soak,53.65,11.81,638.95,18.1,8.4,22.51,450.0,6.25,7.59,72.0,48.0,False,False,40.21,8.04,48.25,6413.64,2.39,4.0,58.27,0.879,90.45,0,0,0,175.88,7.33,1146.11,1.5,4.374,0.513,0.357
BGW-07,Baghewala-07 (pad B),2024-06-05T00:00:00,6,production,53.51,12.74,673.15,17.88,8.36,21.82,427.31,5.935,8.08,72.0,48.0,True,False,41.2,8.24,49.44,6454.84,2.42,5.44,79.18,0.829,96.16,0,0,0,187.63,7.82,1090.8,1.5,4.554,0.585,0.441
BGW-07,Baghewala-07 (pad B),2024-06-06T00:00:00,6,production,53.46,12.27,665.52,17.99,8.62,22.68,432.88,6.012,7.67,72.0,48.0,True,False,49.2,9.84,59.05,6504.04,2.48,5.75,60.46,0.807,89.39,0,0,0,193.55,8.06,1105.43,1.5,3.934,0.541,0.315
BGW-07,Baghewala-07 (pad B),2024-06-07T00:00:00,6,production,53.39,11.75,594.47,18.36,8.65,22.62,426.73,5.927,6.62,72.0,48.0,True,False,51.07,10.21,61.28,6555.11,2.46,5.86,66.75,0.852,91.42,0,0,0,187.12,7.8,1089.29,1.5,3.664,0.463,0.324
BGW-07,Baghewala-07 (pad B),2024-06-08T00:00:00,6,production,53.38,12.71,635.58,17.98,8.27,22.03,441.47,6.132,8.05,72.0,48.0,True,False,48.86,9.77,58.63,6603.97,2.5,4.84,66.0,0.85,90.22,0,0,0,191.5,7.98,1126.66,1.5,3.92,0.508,0.395
BGW-07,Baghewala-07 (pad B),2024-06-09T00:00:00,6,production,53.25,11.97,627.29,18.28,8.49,22.88,468.36,6.505,7.42,72.0,48.0,True,False,41.91,8.38,50.29,6645.88,2.47,4.38,71.85,0.873,91.31,0,0,0,184.44,7.69,1193.04,1.5,4.401,0.503,0.336
BGW-07,Baghewala-07 (pad B),2024-06-10T00:00:00,6,production,53.22,12.26,706.49,17.73,8.56,23.38,476.85,6.623,7.57,72.0,48.0,True,False,45.96,9.19,55.15,6691.84,2.37,5.37,64.82,0.795,96.17,0,0,0,192.92,8.04,1215.27,1.5,4.198,0.626,0.46
BGW-07,Baghewala-07 (pad B),2024-06-11T00:00:00,6,production,53.2,12.65,680.97,18.02,8.79,23.96,441.14,6.127,8.2,72.0,48.0,True,False,45.41,9.08,54.49,6737.24,2.48,5.77,69.19,0.808,95.01,0,0,0,198.15,8.26,1126.64,1.5,4.364,0.589,0.412
BGW-07,Baghewala-07 (pad B),2024-06-12T00:00:00,6,production,53.06,12.56,721.5,17.64,8.29,21.73,423.38,5.88,7.81,72.0,48.0,True,False,44.04,8.81,52.85,6781.28,2.36,5.05,66.85,0.786,94.14,0,0,0,186.29,7.76,1080.8,1.5,4.23,0.635,0.464
BGW-07,Baghewala-07 (pad B),2024-06-13T00:00:00,6,production,52.98,13.18,675.16,18.0,8.75,23.08,426.31,5.921,7.79,72.0,48.0,True,False,44.22,8.84,53.07,6825.51,2.41,4.91,64.33,0.829,94.36,0,0,0,185.6,7.73,1088.06,1.5,4.197,0.578,0.409
BGW-07,Baghewala-07 (pad B),2024-06-14T00:00:00,6,production,52.93,12.66,668.23,18.08,8.97,21.53,449.52,6.243,7.82,72.0,48.0,True,False,47.24,9.45,56.69,6872.75,2.5,5.72,64.25,0.824,98.02,0,0,0,195.31,8.14,1147.23,1.5,4.134,0.588,0.424
BGW-07,Baghewala-07 (pad B),2024-06-15T00:00:00,6,production,52.87,12.26,730.76,17.7,8.23,23.77,421.42,5.853,7.05,72.0,48.0,True,False,41.8,8.36,50.16,6914.55,2.47,5.64,64.65,0.784,98.77,0,0,0,194.8,8.12,1076.92,1.5,4.66,0.67,0.524
BGW-07,Baghewala-07 (pad B),2024-06-16T00:00:00,6,production,52.81,12.54,726.36,17.79,8.73,24.32,456.98,6.347,7.22,72.0,48.0,True,False,39.25,7.85,47.1,6953.79,2.29,4.63,69.82,0.815,93.73,0,0,0,183.96,7.67,1164.54,1.5,4.687,0.639,0.438
BGW-07,Baghewala-07 (pad B),2024-06-17T00:00:00,6,production,52.74,12.33,749.69,17.41,8.66,25.08,423.72,5.885,6.9,72.0,48.0,True,False,44.88,8.98,53.85,6998.67,2.46,6.13,63.92,0.713,100.96,0,0,0,189.01,7.88,1081.97,1.5,4.212,0.704,0.534
BGW-07,Baghewala-07 (pad B),2024-06-18T00:00:00,6,production,52.74,12.76,605.54,18.35,8.22,24.43,456.92,6.346,6.98,72.0,48.0,True,False,44.16,8.83,53.0,7042.83,2.58,5.72,64.0,0.842,93.15,0,0,0,199.66,8.32,1166.26,1.5,4.521,0.485,0.368
BGW-07,Baghewala-07 (pad B),2024-06-19T00:00:00,6,production,52.69,12.76,615.09,18.29,8.87,21.54,462.61,6.425,7.41,72.0,48.0,True,False,39.27,7.85,47.12,7082.1,2.34,4.07,67.06,0.844,86.86,0,0,0,179.62,7.48,1178.08,1.5,4.574,0.466,0.306
BGW-07,Baghewala-07 (pad B),2024-06-20T00:00:00,6,production,52.64,12.5,673.48,18.05,8.53,23.45,473.05,6.57,7.56,72.0,48.0,True,False,44.88,8.98,53.86,7126.98,2.31,5.65,69.3,0.813,94.24,0,0,0,191.67,7.99,1205.63,1.5,4.27,0.576,0.404
BGW-07,Baghewala-07 (pad B),2024-06-21T00:00:00,6,production,52.58,12.62,701.29,17.92,8.1,22.52,460.1,6.39,7.48,72.0,48.0,True,False,44.11,8.82,52.93,7171.09,2.39,5.2,61.05,0.812,97.57,0,0,0,190.84,7.95,1173.16,1.5,4.327,0.627,0.459
BGW-07,Baghewala-07 (pad B),2024-06-22T00:00:00,6,production,52.5,12.7,697.26,17.9,8.57,23.8,499.42,6.936,7.65,72.0,48.0,True,False,44.87,8.97,53.84,7215.95,2.51,5.56,54.4,0.784,97.51,0,0,0,190.15,7.92,1271.37,1.5,4.238,0.622,0.47
BGW-07,Baghewala-07 (pad B),2024-06-23T00:00:00,6,production,52.42,12.37,783.09,17.46,8.51,26.24,472.97,6.569,7.76,72.0,48.0,True,False,40.09,8.02,48.11,7256.05,2.39,5.21,62.31,0.748,101.13,0,0,0,195.06,8.13,1205.84,1.5,4.865,0.747,0.555
BGW-07,Baghewala-07 (pad B),2024-06-24T00:00:00,6,production,52.37,12.69,689.44,17.93,8.44,23.3,470.93,6.541,7.9,72.0,48.0,True,True,38.04,7.61,45.65,7294.09,2.25,5.63,74.39,0.805,91.68,0,0,0,196.7,8.2,1200.92,1.5,5.171,0.583,0.414
BGW-07,Baghewala-07 (pad B),2024-06-25T00:00:00,6,production,52.3,12.28,719.42,17.84,8.22,25.19,451.63,6.273,7.2,72.0,48.0,True,True,45.22,9.04,54.27,7339.31,2.48,5.89,64.73,0.776,97.77,0,0,0,195.38,8.14,1152.53,1.5,4.32,0.651,0.471
BGW-07,Baghewala-07 (pad B),2024-06-26T00:00:00,6,production,52.27,12.05,701.92,17.99,8.63,24.67,444.16,6.169,7.9,72.0,48.0,True,True,49.72,9.94,59.66,7389.03,2.61,5.74,64.99,0.783,99.56,0,0,0,192.89,8.04,1133.55,1.5,3.88,0.638,0.484
BGW-07,Baghewala-07 (pad B),2024-06-27T00:00:00,6,production,52.2,12.49,646.85,18.19,8.35,24.41,416.04,5.778,8.13,72.0,48.0,True,True,42.91,8.58,51.49,7431.94,2.41,5.67,64.76,0.822,89.12,0,0,0,193.1,8.05,1063.27,1.5,4.501,0.517,0.346
BGW-07,Baghewala-07 (pad B),2024-06-28T00:00:00,7,production,50.65,12.72,768.38,17.93,8.41,24.23,423.92,5.888,7.46,72.0,48.0,True,True,37.16,7.43,44.6,7469.1,2.25,5.38,65.43,0.756,98.82,0,0,0,188.55,7.86,1082.41,1.5,5.073,0.717,0.499
BGW-09,Baghewala-09 (pad B),2024-01-01T00:00:00,1,injection,50.71,12.98,756.4,17.8,8.52,15.33,448.21,5.846,6.86,76.67,50.4,False,False,36.14,7.23,43.37,36.14,2.52,4.49,67.34,0.794,97.69,0,0,0,193.02,8.04,1143.68,1.5,5.341,0.696,0.496
BGW-09,Baghewala-09 (pad B),2024-01-02T00:00:00,1,injection,52.12,12.36,770.75,17.67,8.58,14.45,414.73,6.002,6.97,69.09,46.84,False,False,39.97,7.99,47.97,76.12,2.32,4.74,66.09,0.776,96.37,0,0,0,180.03,7.5,1058.43,1.5,4.504,0.708,0.488
BGW-09,Baghewala-09 (pad B),2024-01-03T00:00:00,1,injection,53.8,12.43,652.94,17.93,8.36,15.33,475.88,6.781,7.73,70.18,35.6,False,False,48.59,9.72,58.3,124.7,2.36,5.16,66.62,0.813,90.08,0,0,0,200.52,8.36,1213.77,1.5,4.127,0.529,0.348
BGW-09,Baghewala-09 (pad B),2024-01-04T00:00:00,1,soak,53.67,12.45,631.77,17.98,8.31,15.16,450.0,6.25,8.02,72.0,48.0,False,False,43.25,8.65,51.9,167.95,2.58,4.0,71.71,0.925,91.8,0,0,0,189.32,7.89,1147.72,1.5,4.377,0.511,0.34
BGW-09,Baghewala-09 (pad B),2024-01-05T00:00:00,1,soak,53.67,12.85,671.3,17.84,8.7,16.64,450.0,6.25,7.24,72.0,48.0,False,False,42.73,8.55,51.28,210.69,2.33,4.0,63.12,0.903,89.12,0,0,0,190.21,7.93,1147.83,1.5,4.451,0.547,0.374
BGW-09,Baghewala-09 (pad B),2024-01-06T00:00:00,1,soak,53.6,12.22,652.12,18.04,8.6,14.86,450.0,6.25,7.69,72.0,48.0,False,False,39.52,7.9,47.42,250.21,2.44,4.0,67.07,0.868,90.2,0,0,0,183.43,7.64,1147.01,1.5,4.642,0.529,0.362
BGW-09,Baghewala-09 (pad B),2024-01-07T00:00:00,1,production,53.49,12.54,720.27,17.55,8.76,16.76,461.33,6.407,7.69,72.0,48.0,True,False,39.88,7.98,47.85,290.08,2.39,4.87,74.15,0.798,91.93,0,0,0,187.11,7.8,1175.79,1.5,4.692,0.622,0.438
BGW-09,Baghewala-09 (pad B),2024-01-08T00:00:00,1,production,53.35,12.72,657.03,18.02,8.32,15.92,465.76,6.469,7.2,72.0,48.0,True,False,48.15,9.63,57.79,338.24,2.49,5.58,66.82,0.802,96.77,0,0,0,196.55,8.19,1187.99,1.5,4.082,0.568,0.436
BGW-09,Baghewala-09 (pad B),2024-01-09T00:00:00,1,production,53.23,12.05,703.52,17.95,8.15,17.15,457.16,6.349,7.67,72.0,48.0,True,False,44.66,8.93,53.6,382.9,2.42,5.18,69.71,0.813,95.39,0,0,0,194.73,8.11,1166.27,1.5,4.36,0.619,0.453
BGW-09,Baghewala-09 (pad B),2024-01-10T00:00:00,1,production,53.2,12.72,586.96,18.49,8.97,16.05,429.31,5.963,7.62,72.0,48.0,True,False,46.3,9.26,55.56,429.2,2.27,6.11,66.79,0.823,93.72,0,0,0,196.91,8.2,1096.91,1.5,4.253,0.465,0.336
BGW-09,Baghewala-09 (pad B),2024-01-11T00:00:00,1,production,53.1,12.5,620.62,18.1,8.86,15.16,457.2,6.35,7.19,72.0,48.0,True,False,52.89,10.58,63.47,482.09,2.55,5.68,75.37,0.818,95.48,0,1,0,189.61,7.9,1165.75,1.5,3.585,0.516,0.423
BGW-09,Baghewala-09 (pad B),2024-01-12T00:00:00,1,production,53.05,12.33,702.97,17.86,8.46,15.32,473.66,6.579,7.24,72.0,48.0,True,False,40.82,8.16,48.99,522.91,2.23,5.63,61.69,0.781,92.46,0,0,0,205.57,8.57,1208.81,1.5,5.036,0.604,0.432
BGW-09,Baghewala-09 (pad B),2024-01-13T00:00:00,1,production,52.92,12.4,718.5,17.82,8.61,14.04,469.99,6.528,7.15,72.0,48.0,True,False,41.82,8.36,50.18,564.73,2.34,5.92,61.14,0.775,98.05,0,0,0,199.82,8.33,1198.96,1.5,4.778,0.651,0.491
BGW-09,Baghewala-09 (pad B),2024-01-14T00:00:00,1,production,52.76,12.81,626.12,18.22,8.6,15.22,435.31,6.046,6.83,72.0,48.0,True,False,44.98,9.0,53.97,609.71,2.43,5.26,64.54,0.856,89.07,0,0,0,192.02,8.0,1111.32,1.5,4.269,0.491,0.351
BGW-09,Baghewala-09 (pad B),2024-01-15T00:00:00,1,production,52.6,12.97,619.35,18.3,8.45,14.75,401.44,5.576,7.5,72.0,48.0,True,False,48.23,9.65,57.88,657.94,2.45,5.38,54.66,0.825,94.12,0,0,0,192.33,8.01,1026.67,1.5,3.988,0.507,0.359
BGW-09,Baghewala-09 (pad B),2024-01-16T00:00:00,1,production,52.5,12.17,779.63,17.51,8.44,15.76,444.14,6.169,7.44,72.0,48.0,True,False,36.46,7.29,43.75,694.4,2.2,4.58,67.57,0.731,93.56,0,1,0,186.75,7.78,1132.75,1.5,5.122,0.705,0.471
BGW-09,Baghewala-09 (pad B),2024-01-17T00:00:00,1,production,52.41,12.46,687.84,17.95,8.75,16.03,464.37,6.45,7.26,72.0,48.0,True,False,43.37,8.67,52.05,737.77,2.42,5.23,69.54,0.788,92.46,0,0,0,186.59,7.77,1183.31,1.5,4.302,0.585,0.434
BGW-09,Baghewala-09 (pad B),2024-01-18T00:00:00,1,production,52.26,12.28,645.54,18.18,8.08,16.41,434.72,6.038,7.2,72.0,48.0,True,False,44.33,8.87,53.19,782.1,2.5,5.5,62.45,0.82,95.28,0,0,0,196.51,8.19,1110.38,1.5,4.433,0.546,0.391
BGW-09,Baghewala-09 (pad B),2024-01-19T00:00:00,1,production,52.15,12.42,732.86,17.81,8.51,15.37,450.79,6.261,7.78,72.0,48.0,True,False,43.63,8.73,52.35,825.73,2.64,5.76,60.86,0.751,99.08,0,1,0,204.32,8.51,1151.51,1.5,4.683,0.674,0.493
BGW-09,Baghewala-09 (pad B),2024-01-20T00:00:00,1,production,52.09,12.64,694.25,18.0,8.47,15.59,444.58,6.175,7.7,72.0,48.0,True,False,43.93,8.79,52.71,869.65,2.24,6.05,57.42,0.765,96.83,0,0,0,204.36,8.52,1135.98,1.5,4.652,0.614,0.446
BGW-09,Baghewala-09 (pad B),2024-01-21T00:00:00,1,production,52.04,12.18,684.64,17.99,8.25,15.14,449.19,6.239,8.19,72.0,48.0,True,False,41.81,8.36,50.17,911.46,2.35,5.36,60.89,0.79,94.42,0,0,0,193.34,8.06,1146.17,1.5,4.624,0.59,0.379
BGW-09,Baghewala-09 (pad B),2024-01-22T00:00:00,1,production,51.92,12.6,741.28,17.79,8.42,15.06,428.18,5.947,8.01,72.0,48.0,True,False,37.78,7.56,45.33,949.24,2.56,5.15,73.12,0.791,95.64,0,0,0,195.44,8.14,1093.89,1.5,5.174,0.667,0.472
BGW-09,Baghewala-09 (pad B),2024-01-23T00:00:00,1,production,51.85,12.7,753.29,17.71,8.24,16.7,426.93,5.93,7.65,72.0,48.0,True,False,40.43,8.09,48.52,989.67,2.34,5.07,57.6,0.759,98.83,0,0,0,186.21,7.76,1089.66,1.5,4.606,0.698,0.507
BGW-09,Baghewala-09 (pad B),2024-01-24T00:00:00,1,production,51.7,12.83,676.7,18.17,8.27,17.18,455.69,6.329,7.72,72.0,48.0,True,False,44.9,8.98,53.88,1034.57,2.42,6.17,65.93,0.812,96.02,0,0,0,194.55,8.11,1162.57,1.5,4.333,0.588,0.445
BGW-09,Baghewala-09 (pad B),2024-01-25T00:00:00,1,production,51.55,12.49,719.48,17.88,8.26,16.64,473.85,6.581,7.66,72.0,48.0,True,False,39.01,7.8,46.81,1073.57,2.33,5.64,63.96,0.791,91.31,0,0,0,203.28,8.47,1209.02,1.5,5.211,0.618,0.427
BGW-09,Baghewala-09 (pad B),2024-01-26T00:00:00,1,production,51.48,13.0,725.37,17.9,8.64,15.4,417.82,5.803,7.83,72.0,48.0,True,True,37.98,7.6,45.58,1111.56,2.46,6.75,69.29,0.702,96.43,0,1,0,200.18,8.34,1068.58,1.5,5.27,0.666,0.503
BGW-09,Baghewala-09 (pad B),2024-01-27T00:00:00,1,production,51.37,12.75,743.42,17.97,8.61,15.6,465.38,6.464,7.74,72.0,48.0,True,True,39.7,7.94,47.64,1151.25,2.55,4.97,64.18,0.79,97.69,0,0,0,181.33,7.56,1185.22,1.5,4.568,0.68,0.496
BGW-09,Baghewala-09 (pad B),2024-01-28T00:00:00,1,production,51.26,12.38,660.83,18.3,8.53,17.64,452.06,6.279,7.75,72.0,48.0,True,True,48.61,9.72,58.33,1199.86,2.44,6.2,65.97,0.784,96.32,0,0,0,200.16,8.34,1154.17,1.5,4.118,0.57,0.42
BGW-09,Baghewala-09 (pad B),2024-01-29T00:00:00,1,production,51.14,12.98,804.05,17.66,8.4,16.49,499.94,6.944,7.5,72.0,48.0,True,True,30.12,6.02,36.15,1229.99,2.28,5.48,66.07,0.742,98.92,0,1,0,195.82,8.16,1273.35,1.5,6.501,0.762,0.567
BGW-09,Baghewala-09 (pad B),2024-01-30T00:00:00,2,production,49.61,12.45,816.32,17.88,8.38,15.84,443.65,6.162,6.99,72.0,48.0,True,True,34.61,6.92,41.54,1264.6,2.31,4.58,69.64,0.781,93.56,0,0,0,183.64,7.65,1131.16,1.5,5.305,0.751,0.523
BGW-09,Baghewala-09 (pad B),2024-01-31T00:00:00,2,injection,51.1,12.27,659.66,18.29,8.45,17.18,422.35,6.247,7.43,67.61,48.53,False,False,38.42,7.68,46.1,1303.02,2.29,4.31,61.75,0.852,90.65,0,0,0,188.51,7.85,1078.5,1.5,4.907,0.54,0.393
BGW-09,Baghewala-09 (pad B),2024-02-01T00:00:00,2,injection,52.81,12.19,673.77,17.91,8.35,16.82,448.84,5.51,7.15,81.46,46.69,False,False,43.33,8.67,51.99,1346.34,2.22,4.65,63.71,0.847,94.17,0,0,0,183.11,7.63,1144.08,1.5,4.226,0.576,0.442
BGW-09,Baghewala-09 (pad B),2024-02-02T00:00:00,2,injection,54.32,12.4,723.58,17.41,8.8,16.87,481.26,7.121,7.74,67.58,40.21,False,False,42.32,8.46,50.78,1388.66,2.45,4.84,69.53,0.795,94.26,0,0,0,193.66,8.07,1226.38,1.5,4.576,0.638,0.4
BGW-09,Baghewala-09 (pad B),2024-02-03T00:00:00,2,soak,54.19,13.24,720.24,17.46,8.35,16.74,450.0,6.25,7.42,72.0,48.0,False,False,42.67,8.53,51.2,1431.33,2.57,4.0,74.45,0.843,96.88,0,0,0,179.42,7.48,1146.53,1.5,4.205,0.647,0.478
BGW-09,Baghewala-09 (pad B),2024-02-04T00:00:00,2,soak,54.08,12.49,593.55,18.23,8.43,17.11,450.0,6.25,7.51,72.0,48.0,False,False,43.79,8.76,52.55,1475.12,2.41,4.0,66.21,0.84,87.75,0,0,0,189.86,7.91,1147.78,1.5,4.335,0.443,0.309
BGW-09,Baghewala-09 (pad B),2024-02-05T00:00:00,2,soak,53.99,12.68,634.56,18.03,8.38,16.98,450.0,6.25,6.72,72.0,48.0,False,False,43.88,8.78,52.66,1519.0,2.5,4.0,58.01,0.882,92.97,0,0,0,188.37,7.85,1147.6,1.5,4.293,0.521,0.362
BGW-09,Baghewala-09 (pad B),2024-02-06T00:00:00,2,production,53.93,12.43,616.03,18.06,8.48,16.77,470.16,6.53,7.8,72.0,48.0,True,False,46.66,9.33,56.0,1565.67,2.48,5.71,64.93,0.792,93.54,0,0,0,203.55,8.48,1199.83,1.5,4.362,0.5,0.35
BGW-09,Baghewala-09 (pad B),2024-02-07T00:00:00,2,production,53.84,12.21,602.05,18.3,8.44,17.03,456.89,6.346,7.97,72.0,48.0,True,False,58.82,11.76,70.59,1624.49,2.43,5.92,69.22,0.869,90.91,0,0,0,201.47,8.39,1166.41,1.5,3.425,0.47,0.341
BGW-09,Baghewala-09 (pad B),2024-02-08T00:00:00,2,production,53.82,12.86,686.27,17.67,8.76,18.37,400.94,5.569,7.76,72.0,48.0,True,False,44.59,8.92,53.51,1669.08,2.47,5.67,58.52,0.758,97.8,0,0,0,197.36,8.22,1026.03,1.5,4.426,0.609,0.447
BGW-09,Baghewala-09 (pad B),2024-02-09T00:00:00,2,production,53.73,12.47,689.31,17.76,8.4,16.36,433.37,6.019,7.52,72.0,48.0,True,False,40.46,8.09,48.55,1709.54,2.3,4.9,61.13,0.834,90.59,0,0,0,191.19,7.97,1106.37,1.5,4.726,0.577,0.416
BGW-09,Baghewala-09 (pad B),2024-02-10T00:00:00,2,production,53.62,12.13,594.69,18.22,8.12,17.36,417.46,5.798,7.62,72.0,48.0,True,False,48.01,9.6,57.61,1757.54,2.28,6.19,57.54,0.807,94.72,0,0,0,202.37,8.43,1067.93,1.5,4.215,0.479,0.374
BGW-09,Baghewala-09 (pad B),2024-02-11T00:00:00,2,production,53.52,12.36,669.57,17.91,8.3,17.02,477.96,6.638,7.66,72.0,48.0,True,False,46.23,9.25,55.47,1803.77,2.35,5.79,56.44,0.784,92.11,0,0,0,199.97,8.33,1218.89,1.5,4.326,0.56,0.416
BGW-09,Baghewala-09 (pad B),2024-02-12T00:00:00,2,production,53.52,12.77,632.63,18.19,8.38,17.25,478.18,6.641,7.57,72.0,48.0,True,False,48.03,9.61,57.63,1851.8,2.36,5.01,69.21,0.851,89.76,0,0,0,187.36,7.81,1217.93,1.5,3.901,0.502,0.365
BGW-09,Baghewala-09 (pad B),2024-02-13T00:00:00,2,production,53.33,12.52,615.85,18.18,8.69,16.87,461.96,6.416,7.34,72.0,48.0,True,False,47.83,9.57,57.4,1899.63,2.41,6.33,68.92,0.78,97.34,0,0,0,199.25,8.3,1178.81,1.5,4.166,0.519,0.429
BGW-09,Baghewala-09 (pad B),2024-02-14T00:00:00,2,production,53.24,12.54,737.48,17.54,8.39,18.21,414.5,5.757,7.48,72.0,48.0,True,False,41.08,8.22,49.3,1940.71,2.23,5.79,65.12,0.775,95.93,0,1,0,194.13,8.09,1059.54,1.5,4.726,0.664,0.477
BGW-09,Baghewala-09 (pad B),2024-02-15T00:00:00,2,production,53.2,12.85,698.04,17.74,8.65,17.23,448.98,6.236,7.5,72.0,48.0,True,False,44.4,8.88,53.28,1985.11,2.24,4.66,74.98,0.817,92.68,0,0,0,190.88,7.95,1145.37,1.5,4.299,0.598,0.403
BGW-09,Baghewala-09 (pad B),2024-02-16T00:00:00,2,production,53.11,12.3,597.37,18.28,8.71,18.99,463.69,6.44,7.39,72.0,48.0,True,False,49.42,9.88,59.31,2034.54,2.45,4.85,73.04,0.905,91.89,0,0,0,185.33,7.72,1181.47,1.5,3.75,0.469,0.33
BGW-09,Baghewala-09 (pad B),2024-02-17T00:00:00,2,production,53.05,12.18,571.84,18.5,8.55,18.03,445.68,6.19,7.67,72.0,48.0,True,False,41.09,8.22,49.31,2075.63,2.36,5.3,65.45,0.846,91.88,0,0,0,195.99,8.17,1137.73,1.5,4.77,0.437,0.348
BGW-09,Baghewala-09 (pad B),2024-02-18T00:00:00,2,production,52.99,13.14,601.74,18.43,8.57,16.49,451.47,6.27,7.25,72.0,48.0,True,False,46.39,9.28,55.66,2122.01,2.45,5.16,68.73,0.857,92.78,0,0,0,193.89,8.08,1151.93,1.5,4.18,0.479,0.337
BGW-09,Baghewala-09 (pad B),2024-02-19T00:00:00,2,production,52.9,12.76,759.51,17.51,8.44,17.23,450.4,6.256,7.07,72.0,48.0,True,False,34.88,6.98,41.86,2156.9,2.32,4.63,60.1,0.797,96.83,0,0,0,193.74,8.07,1149.26,1.5,5.554,0.696,0.511
BGW-09,Baghewala-09 (pad B),2024-02-20T00:00:00,2,production,52.78,12.53,624.16,18.24,8.45,16.39,472.52,6.563,7.57,72.0,48.0,True,False,47.42,9.48,56.9,2204.31,2.45,6.41,67.29,0.793,93.2,0,0,0,199.62,8.32,1205.25,1.5,4.21,0.509,0.396
BGW-09,Baghewala-09 (pad B),2024-02-21T00:00:00,2,production,52.6,13.01,642.9,18.26,8.36,18.36,429.51,5.965,7.43,72.0,48.0,True,False,46.45,9.29,55.74,2250.76,2.45,5.29,58.96,0.816,92.5,0,0,0,184.69,7.7,1095.93,1.5,3.976,0.529,0.4
BGW-09,Baghewala-09 (pad B),2024-02-22T00:00:00,2,production,52.55,12.38,727.46,17.81,8.56,19.54,430.8,5.983,7.62,72.0,48.0,True,False,41.36,8.27,49.63,2292.12,2.63,5.05,69.82,0.806,95.6,0,0,0,185.38,7.72,1099.26,1.5,4.482,0.65,0.45
BGW-09,Baghewala-09 (pad B),2024-02-23T00:00:00,2,production,52.42,12.22,687.24,17.9,8.41,17.99,460.13,6.391,7.31,72.0,48.0,True,False,42.59,8.52,51.11,2334.71,2.32,5.14,60.95,0.828,95.05,0,0,0,193.21,8.05,1173.52,1.5,4.537,0.597,0.434
BGW-09,Baghewala-09 (pad B),2024-02-24T00:00:00,2,production,52.37,12.34,770.29,17.65,8.61,18.7,429.23,5.961,7.75,72.0,48.0,True,False,43.58,8.72,52.29,2378.28,2.51,5.76,59.04,0.734,100.77,0,0,0,197.26,8.22,1096.73,1.5,4.527,0.729,0.537
BGW-09,Baghewala-09 (pad B),2024-02-25T00:00:00,2,production,52.22,12.4,746.3,17.68,8.35,18.33,431.84,5.998,7.8,72.0,48.0,True,True,47.31,9.46,56.77,2425.59,2.31,5.9,74.22,0.767,97.27,0,0,0,197.31,8.22,1103.28,1.5,4.171,0.682,0.469
BGW-09,Baghewala-09 (pad B),2024-02-26T00:00:00,2,production,52.1,12.46,746.23,17.77,8.7,18.02,489.67,6.801,7.05,72.0,48.0,True,True,40.13,8.03,48.16,2465.73,2.56,6.6,65.51,0.731,104.65,0,0,0,198.43,8.27,1247.98,1.5,4.944,0.725,0.582
BGW-09,Baghewala-09 (pad B),2024-02-27T00:00:00,2,production,52.03,12.5,606.17,18.57,8.33,17.61,435.07,6.043,6.96,72.0,48.0,True,True,45.45,9.09,54.54,2511.18,2.56,5.54,67.41,0.798,90.57,0,0,0,200.81,8.37,1111.78,1.5,4.418,0.473,0.343
BGW-09,Baghewala-09 (pad B),2024-02-28T00:00:00,2,production,52.02,12.83,647.41,18.22,8.84,16.83,472.38,6.561,6.66,72.0,48.0,True,True,45.38,9.08,54.46,2556.56,2.41,6.1,58.69,0.803,95.91,0,0,0,199.33,8.31,1204.88,1.5,4.392,0.551,0.425
BGW-09,Baghewala-09 (pad B),2024-02-29T00:00:00,3,production,50.42,12.95,735.98,18.14,8.03,18.65,496.23,6.892,7.38,72.0,48.0,True,True,41.67,8.33,50.0,2598.23,2.5,5.71,60.21,0.782,97.69,0,0,0,198.41,8.27,1264.38,1.5,4.762,0.671,0.474
BGW-09,Baghewala-09 (pad B),2024-03-01T00:00:00,3,injection,51.9,12.69,820.84,17.35,8.63,18.77,450.38,7.461,7.19,60.36,58.02,False,False,37.84,7.57,45.41,2636.07,2.34,4.89,69.15,0.783,94.65,0,0,0,188.47,7.85,1148.58,1.5,4.981,0.762,0.515
BGW-09,Baghewala-09 (pad B),2024-03-02T00:00:00,3,injection,53.74,11.76,658.44,17.99,8.39,16.87,479.77,6.77,7.25,70.87,51.48,False,False,44.48,8.9,53.38,2680.55,2.26,4.95,66.32,0.818,90.73,0,0,0,198.48,8.27,1223.24,1.5,4.462,0.539,0.371
BGW-09,Baghewala-09 (pad B),2024-03-03T00:00:00,3,injection,55.38,12.81,596.37,18.06,8.47,17.47,433.79,6.343,7.83,68.39,53.09,False,False,49.45,9.89,59.34,2729.99,2.46,4.62,61.93,0.859,90.09,0,0,0,181.84,7.58,1106.29,1.5,3.677,0.458,0.314
BGW-09,Baghewala-09 (pad B),2024-03-04T00:00:00,3,soak,55.31,12.54,628.61,17.95,8.42,19.21,450.0,6.25,6.69,72.0,48.0,False,False,47.63,9.53,57.15,2777.62,2.49,4.0,71.42,0.878,88.2,0,0,0,174.74,7.28,1145.97,1.5,3.669,0.489,0.349
BGW-09,Baghewala-09 (pad B),2024-03-05T00:00:00,3,soak,55.21,12.74,688.0,17.53,8.3,19.04,450.0,6.25,7.56,72.0,48.0,False,False,42.22,8.44,50.66,2819.84,2.52,4.0,63.7,0.836,93.89,0,0,0,177.98,7.42,1146.36,1.5,4.216,0.592,0.417
BGW-09,Baghewala-09 (pad B),2024-03-06T00:00:00,3,soak,55.12,12.08,583.41,18.17,8.52,17.55,450.0,6.25,7.47,72.0,48.0,False,False,54.16,10.83,64.99,2874.0,2.58,4.0,77.85,0.9,90.99,0,0,0,186.73,7.78,1147.41,1.5,3.448,0.447,0.316
BGW-09,Baghewala-09 (pad B),2024-03-07T00:00:00,3,production,55.03,12.16,578.95,18.23,8.6,19.49,442.06,6.14,7.34,72.0,48.0,True,False,62.44,12.49,74.93,2936.44,2.53,5.9,64.67,0.856,93.87,0,0,0,195.19,8.13,1128.56,1.5,3.126,0.456,0.341
BGW-09,Baghewala-09 (pad B),2024-03-08T00:00:00,3,production,54.93,12.67,522.19,18.47,8.51,18.59,452.76,6.288,7.81,72.0,48.0,True,False,58.01,11.6,69.62,2994.45,2.42,6.2,65.9,0.863,91.72,0,0,0,197.78,8.24,1155.62,1.5,3.409,0.374,0.311
BGW-09,Baghewala-09 (pad B),2024-03-09T00:00:00,3,production,54.82,12.39,580.17,18.29,8.46,16.28,445.75,6.191,7.82,72.0,48.0,True,False,56.62,11.32,67.95,3051.07,2.46,5.74,59.15,0.844,90.95,0,0,0,203.66,8.49,1138.82,1.5,3.597,0.442,0.326
BGW-09,Baghewala-09 (pad B),2024-03-10T00:00:00,3,production,54.73,12.4,661.65,17.81,8.43,17.95,454.81,6.317,7.35,72.0,48.0,True,False,49.95,9.99,59.94,3101.03,2.38,5.94,71.04,0.777,90.39,0,0,0,198.47,8.27,1160.84,1.5,3.973,0.542,0.371
BGW-09,Baghewala-09 (pad B),2024-03-11T00:00:00,3,production,54.65,12.96,544.61,18.59,8.51,20.97,442.54,6.146,7.43,72.0,48.0,True,False,60.73,12.15,72.88,3161.76,2.51,5.99,69.22,0.833,92.64,0,0,0,201.62,8.4,1130.55,1.5,3.32,0.406,0.328
BGW-09,Baghewala-09 (pad B),2024-03-12T00:00:00,3,production,54.49,12.9,659.96,17.93,8.64,18.11,414.9,5.763,7.24,72.0,48.0,True,False,50.67,10.13,60.81,3212.43,2.41,5.2,59.71,0.815,94.54,0,0,0,191.28,7.97,1060.21,1.5,3.775,0.56,0.426
BGW-09,Baghewala-09 (pad B),2024-03-13T00:00:00,3,production,54.43,12.85,662.03,17.82,8.53,17.92,450.54,6.258,7.65,72.0,48.0,True,False,50.1,10.02,60.12,3262.53,2.28,5.47,65.58,0.813,90.89,0,0,0,193.4,8.06,1149.56,1.5,3.861,0.544,0.389
BGW-09,Baghewala-09 (pad B),2024-03-14T00:00:00,3,production,54.36,12.47,603.12,18.2,8.41,18.37,478.99,6.653,7.98,72.0,48.0,True,False,48.16,9.63,57.79,3310.69,2.41,4.7,64.64,0.864,90.64,0,0,0,186.19,7.76,1219.81,1.5,3.866,0.47,0.356
BGW-09,Baghewala-09 (pad B),2024-03-15T00:00:00,3,production,54.23,12.97,682.25,17.82,8.25,16.51,464.98,6.458,7.14,72.0,48.0,True,False,43.7,8.74,52.45,3354.39,2.49,4.87,66.71,0.829,94.25,0,0,0,185.89,7.75,1184.76,1.5,4.253,0.587,0.414
BGW-09,Baghewala-09 (pad B),2024-03-16T00:00:00,3,production,54.08,11.93,623.86,18.31,8.66,19.39,449.02,6.236,7.72,72.0,48.0,True,False,49.12,9.82,58.94,3403.51,2.52,5.34,61.72,0.854,93.1,0,0,0,187.3,7.8,1145.03,1.5,3.813,0.508,0.384
BGW-09,Baghewala-09 (pad B),2024-03-17T00:00:00,3,production,54.0,12.9,614.84,17.95,8.78,19.08,462.18,6.419,7.73,72.0,48.0,True,False,52.15,10.43,62.59,3455.67,2.29,5.75,71.2,0.844,88.07,0,0,0,203.49,8.48,1179.88,1.5,3.902,0.471,0.331
BGW-09,Baghewala-09 (pad B),2024-03-18T00:00:00,3,production,53.88,12.48,667.48,17.76,8.44,19.25,422.16,5.863,7.22,72.0,48.0,True,False,47.93,9.59,57.51,3503.6,2.28,6.53,69.27,0.787,97.91,0,0,0,198.37,8.27,1079.19,1.5,4.139,0.588,0.427
BGW-09,Baghewala-09 (pad B),2024-03-19T00:00:00,3,production,53.85,12.88,654.4,18.06,8.42,19.22,456.46,6.34,7.43,72.0,48.0,True,False,48.78,9.76,58.54,3552.38,2.48,5.21,72.73,0.861,93.26,0,0,0,190.82,7.95,1164.06,1.5,3.912,0.547,0.382
BGW-09,Baghewala-09 (pad B),2024-03-20T00:00:00,3,production,53.7,12.69,649.89,17.97,9.02,17.17,425.72,5.913,8.03,72.0,48.0,True,False,42.37,8.47,50.85,3594.75,2.39,5.09,59.26,0.821,93.7,0,0,0,184.08,7.67,1086.4,1.5,4.344,0.543,0.418
BGW-09,Baghewala-09 (pad B),2024-03-21T00:00:00,3,production,53.56,12.23,783.66,17.23,8.45,19.58,462.98,6.43,7.27,72.0,48.0,True,False,37.34,7.47,44.81,3632.09,2.22,5.34,64.93,0.745,98.34,0,0,0,192.37,8.02,1180.54,1.5,5.151,0.734,0.552
BGW-09,Baghewala-09 (pad B),2024-03-22T00:00:00,3,production,53.57,12.49,649.48,18.06,8.8,18.77,428.76,5.955,7.65,72.0,48.0,True,False,50.87,10.17,61.04,3682.96,2.45,4.69,66.29,0.878,94.51,0,0,0,186.64,7.78,1094.3,1.5,3.669,0.547,0.397
BGW-09,Baghewala-09 (pad B),2024-03-23T00:00:00,3,production,53.49,12.45,716.14,17.6,8.38,17.65,432.69,6.01,7.88,72.0,48.0,True,False,38.16,7.63,45.79,3721.12,2.13,5.85,68.12,0.757,95.51,0,0,0,196.15,8.17,1105.28,1.5,5.141,0.635,0.46
BGW-09,Baghewala-09 (pad B),2024-03-24T00:00:00,3,production,53.45,12.91,640.36,18.04,8.59,18.97,440.77,6.122,8.12,72.0,48.0,True,False,45.75,9.15,54.9,3766.87,2.41,5.33,73.69,0.828,95.17,0,0,0,192.25,8.01,1124.98,1.5,4.202,0.539,0.405
BGW-09,Baghewala-09 (pad B),2024-03-25T00:00:00,3,production,53.41,12.2,714.36,17.48,8.54,19.02,494.72,6.871,6.85,72.0,48.0,True,False,46.75,9.35,56.1,3813.62,2.41,4.99,60.86,0.843,93.55,0,0,0,195.4,8.14,1260.25,1.5,4.179,0.623,0.429
BGW-09,Baghewala-09 (pad B),2024-03-26T00:00:00,3,production,53.3,12.49,768.81,17.27,8.39,19.13,471.72,6.552,7.87,72.0,48.0,True,True,44.59,8.92,53.51,3858.21,2.29,6.08,69.82,0.738,96.1,0,0,0,194.79,8.12,1202.66,1.5,4.368,0.704,0.514
BGW-09,Baghewala-09 (pad B),2024-03-27T00:00:00,3,production,53.25,12.21,673.55,18.01,8.38,19.63,504.12,7.002,7.65,72.0,48.0,True,True,48.77,9.75,58.52,3906.98,2.35,5.72,58.82,0.827,92.87,0,0,0,195.47,8.14,1283.75,1.5,4.008,0.569,0.409
BGW-09,Baghewala-09 (pad B),2024-03-28T00:00:00,3,production,53.19,12.2,760.86,17.56,8.19,20.11,457.65,6.356,7.5,72.0,48.0,True,True,42.56,8.51,51.07,3949.54,2.31,4.94,70.57,0.779,93.46,0,0,0,185.42,7.73,1166.37,1.5,4.357,0.681,0.419
BGW-09,Baghewala-09 (pad B),2024-03-29T00:00:00,3,production,53.15,12.74,630.6,18.17,8.52,19.1,434.2,6.031,7.53,72.0,48.0,True,True,46.28,9.26,55.53,3995.81,2.4,5.09,73.27,0.807,92.54,0,0,0,189.3,7.89,1108.22,1.5,4.091,0.513,0.395
BGW-09,Baghewala-09 (pad B),2024-03-30T00:00:00,4,production,51.57,12.42,634.3,18.44,8.23,19.81,468.82,6.511,7.28,72.0,48.0,True,True,46.81,9.36,56.17,4042.62,2.51,5.65,69.04,0.841,95.66,0,0,0,202.15,8.42,1196.3,1.5,4.319,0.534,0.376
BGW-09,Baghewala-09 (pad B),2024-03-31T00:00:00,4,injection,53.04,12.18,685.64,17.83,8.41,20.22,464.65,6.299,7.64,73.77,38.97,False,False,42.87,8.57,51.44,4085.49,2.39,4.14,64.46,0.852,88.13,0,0,0,176.72,7.36,1182.83,1.5,4.122,0.56,0.36
BGW-09,Baghewala-09 (pad B),2024-04-01T00:00:00,4,injection,54.7,12.21,661.58,17.78,8.63,19.01,467.13,6.4,7.18,72.99,51.25,False,False,46.21,9.24,55.45,4131.7,2.36,4.84,64.27,0.83,94.76,0,0,0,188.46,7.85,1190.45,1.5,4.078,0.563,0.438
BGW-09,Baghewala-09 (pad B),2024-04-02T00:00:00,4,injection,56.2,12.52,578.47,17.94,8.58,20.5,476.88,6.898,7.47,69.13,46.07,False,False,46.97,9.39,56.37,4178.67,2.29,3.91,68.23,0.889,83.6,0,0,0,186.73,7.78,1214.62,1.5,3.975,0.404,0.242
BGW-09,Baghewala-09 (pad B),2024-04-03T00:00:00,4,soak,56.13,12.78,552.72,18.2,8.56,19.74,450.0,6.25,7.44,72.0,48.0,False,False,48.81,9.76,58.57,4227.48,2.47,4.0,55.77,0.896,88.11,0,0,0,182.64,7.61,1146.92,1.5,3.742,0.394,0.298
BGW-09,Baghewala-09 (pad B),2024-04-04T00:00:00,4,soak,56.01,12.66,600.05,18.01,8.51,18.48,450.0,6.25,7.0,72.0,48.0,False,False,53.03,10.61,63.63,4280.5,2.5,4.0,60.34,0.898,90.74,0,0,0,181.89,7.58,1146.83,1.5,3.43,0.466,0.359
BGW-09,Baghewala-09 (pad B),2024-04-05T00:00:00,4,soak,55.95,12.74,570.71,18.17,8.64,19.05,450.0,6.25,7.62,72.0,48.0,False,False,51.75,10.35,62.1,4332.25,2.44,4.0,67.2,0.869,87.86,0,0,0,189.37,7.89,1147.72,1.5,3.66,0.415,0.277
BGW-09,Baghewala-09 (pad B),2024-04-06T00:00:00,4,production,55.87,12.54,613.11,17.84,8.18,20.62,450.2,6.253,7.39,72.0,48.0,True,False,48.87,9.77,58.65,4381.12,2.39,5.31,58.8,0.832,94.7,0,0,0,188.26,7.84,1148.09,1.5,3.852,0.502,0.385
BGW-09,Baghewala-09 (pad B),2024-04-07T00:00:00,4,production,55.82,12.42,571.59,18.1,8.65,20.94,459.38,6.38,6.61,72.0,48.0,True,False,58.12,11.62,69.75,4439.25,2.42,6.01,62.27,0.84,92.1,0,0,0,194.85,8.12,1171.84,1.5,3.352,0.437,0.349
BGW-09,Baghewala-09 (pad B),2024-04-08T00:00:00,4,production,55.74,12.79,591.56,17.99,8.53,20.39,433.05,6.015,7.56,72.0,48.0,True,False,58.45,11.69,70.14,4497.69,2.45,5.44,63.99,0.834,91.27,0,0,0,197.99,8.25,1106.39,1.5,3.388,0.458,0.349
BGW-09,Baghewala-09 (pad B),2024-04-09T00:00:00,4,production,55.6,12.27,585.31,18.07,8.26,20.32,432.56,6.008,7.24,72.0,48.0,True,False,54.45,10.89,65.34,4552.14,2.51,5.32,67.63,0.863,93.82,0,0,0,183.63,7.65,1103.43,1.5,3.373,0.463,0.376
BGW-09,Baghewala-09 (pad B),2024-04-10T00:00:00,4,production,55.54,12.73,605.98,17.92,8.78,20.44,424.48,5.896,7.97,72.0,48.0,True,False,49.67,9.93,59.61,4601.81,2.3,5.48,62.12,0.836,91.44,0,0,0,190.53,7.94,1084.06,1.5,3.835,0.477,0.336
BGW-09,Baghewala-09 (pad B),2024-04-11T00:00:00,4,production,55.42,12.64,575.66,17.99,8.46,21.73,468.82,6.511,8.39,72.0,48.0,True,False,55.52,11.1,66.63,4657.34,2.37,5.85,67.24,0.82,90.48,0,0,0,187.0,7.79,1194.48,1.5,3.368,0.434,0.325
BGW-09,Baghewala-09 (pad B),2024-04-12T00:00:00,4,production,55.33,12.22,611.72,17.96,8.36,19.97,494.98,6.875,7.83,72.0,48.0,True,False,44.97,8.99,53.97,4702.31,2.25,5.37,73.98,0.834,88.78,0,0,0,199.47,8.31,1261.4,1.5,4.435,0.471,0.286
BGW-09,Baghewala-09 (pad B),2024-04-13T00:00:00,4,production,55.28,12.57,610.2,17.91,8.34,19.41,446.06,6.195,7.03,72.0,48.0,True,False,51.89,10.38,62.27,4754.2,2.31,4.85,64.14,0.864,93.4,0,0,0,189.49,7.9,1137.88,1.5,3.652,0.492,0.373
BGW-09,Baghewala-09 (pad B),2024-04-14T00:00:00,4,production,55.2,12.54,655.42,17.71,8.35,19.73,424.04,5.89,7.61,72.0,48.0,True,False,47.7,9.54,57.24,4801.9,2.38,6.01,55.53,0.817,95.59,0,0,0,190.41,7.93,1082.96,1.5,3.992,0.56,0.442
BGW-09,Baghewala-09 (pad B),2024-04-15T00:00:00,4,production,55.12,12.68,615.7,17.85,8.56,21.59,446.12,6.196,6.96,72.0,48.0,True,False,54.93,10.99,65.91,4856.82,2.51,5.75,69.16,0.812,95.57,0,0,0,194.13,8.09,1138.6,1.5,3.534,0.51,0.365
BGW-09,Baghewala-09 (pad B),2024-04-16T00:00:00,4,production,55.02,12.24,585.07,18.01,8.75,18.19,462.16,6.419,7.8,72.0,48.0,True,False,57.42,11.48,68.9,4914.24,2.55,5.71,68.77,0.813,92.41,0,0,0,194.17,8.09,1178.7,1.5,3.382,0.456,0.35
BGW-09,Baghewala-09 (pad B),2024-04-17T00:00:00,4,production,54.97,12.36,619.75,17.93,8.45,22.58,454.34,6.31,7.96,72.0,48.0,True,False,52.91,10.58,63.49,4967.14,2.29,6.21,57.59,0.821,94.58,0,0,0,191.01,7.96,1158.77,1.5,3.61,0.51,0.42
BGW-09,Baghewala-09 (pad B),2024-04-18T00:00:00,4,production,54.82,12.91,621.86,17.86,8.15,19.65,435.76,6.052,7.57,72.0,48.0,True,False,42.61,8.52,51.13,5009.75,2.4,5.14,61.88,0.825,88.54,0,0,0,188.65,7.86,1112.03,1.5,4.428,0.483,0.309
BGW-09,Baghewala-09 (pad B),2024-04-19T00:00:00,4,production,54.68,12.34,595.65,18.31,8.52,21.38,417.42,5.797,7.27,72.0,48.0,True,False,49.09,9.82,58.91,5058.84,2.23,4.73,66.85,0.878,90.07,0,0,0,174.81,7.28,1064.52,1.5,3.561,0.457,0.32
BGW-09,Baghewala-09 (pad B),2024-04-20T00:00:00,4,production,54.66,12.53,653.94,17.71,8.47,19.82,477.98,6.639,8.08,72.0,48.0,True,False,47.48,9.5,56.98,5106.33,2.5,5.22,66.98,0.78,94.91,0,0,0,193.12,8.05,1218.13,1.5,4.067,0.554,0.41
BGW-09,Baghewala-09 (pad B),2024-04-21T00:00:00,4,production,54.53,13.17,571.4,18.27,8.44,18.84,440.48,6.118,7.25,72.0,48.0,True,False,51.6,10.32,61.92,5157.92,2.41,5.75,61.47,0.874,90.28,0,0,0,198.87,8.29,1125.06,1.5,3.854,0.428,0.348
BGW-09,Baghewala-09 (pad B),2024-04-22T00:00:00,4,production,54.44,12.63,673.75,17.7,8.52,21.02,449.89,6.248,7.82,72.0,48.0,True,False,46.71,9.34,56.05,5204.63,2.34,5.54,68.56,0.793,94.14,0,0,0,195.83,8.16,1148.22,1.5,4.193,0.575,0.457
BGW-09,Baghewala-09 (pad B),2024-04-23T00:00:00,4,production,54.36,12.85,683.79,17.71,8.73,19.6,463.84,6.442,8.15,72.0,48.0,True,False,42.52,8.5,51.03,5247.15,2.44,5.13,67.98,0.781,98.53,0,0,0,191.7,7.99,1182.59,1.5,4.508,0.61,0.469
BGW-09,Baghewala-09 (pad B),2024-04-24T00:00:00,4,production,54.26,12.6,691.78,17.7,8.83,20.96,446.41,6.2,6.73,72.0,48.0,True,False,44.48,8.9,53.38,5291.64,2.37,5.07,55.9,0.844,93.37,0,1,0,192.27,8.01,1139.09,1.5,4.322,0.594,0.428
BGW-09,Baghewala-09 (pad B),2024-04-25T00:00:00,4,production,54.19,12.69,627.76,18.03,8.32,20.3,466.85,6.484,8.03,72.0,48.0,True,True,44.68,8.94,53.61,5336.31,2.32,5.25,56.56,0.855,92.09,0,0,0,182.83,7.62,1189.06,1.5,4.092,0.508,0.361
BGW-09,Baghewala-09 (pad B),2024-04-26T00:00:00,4,production,54.06,12.63,603.19,18.27,8.62,20.14,444.71,6.176,6.64,72.0,48.0,True,True,48.42,9.68,58.1,5384.73,2.49,5.41,64.62,0.807,92.83,0,0,0,194.51,8.1,1135.11,1.5,4.018,0.481,0.389
BGW-09,Baghewala-09 (pad B),2024-04-27T00:00:00,4,production,53.95,12.71,646.57,18.01,8.2,20.56,415.17,5.766,7.27,72.0,48.0,True,True,45.24,9.05,54.29,5429.97,2.36,5.81,64.45,0.802,92.79,0,0,0,197.57,8.23,1061.62,1.5,4.367,0.535,0.358
BGW-09,Baghewala-09 (pad B),2024-04-28T00:00:00,4,production,53.87,12.31,554.44,18.64,8.73,18.62,450.09,6.251,7.79,72.0,48.0,True,True,48.73,9.75,58.47,5478.7,2.32,5.38,68.15,0.838,86.96,0,0,0,193.49,8.06,1148.44,1.5,3.971,0.39,0.294
BGW-09,Baghewala-09 (pad B),2024-04-29T00:00:00,5,production,52.28,12.17,659.57,18.16,8.35,20.44,473.43,6.575,6.75,72.0,48.0,True,True,44.04,8.81,52.85,5522.74,2.3,5.17,65.52,0.797,98.46,0,0,0,192.38,8.02,1206.66,1.5,4.368,0.579,0.436
BGW-09,Baghewala-09 (pad B),2024-04-30T00:00:00,5,injection,54.02,11.83,614.65,18.13,8.88,21.45,445.21,5.93,7.68,75.08,44.14,False,False,47.66,9.53,57.19,5570.4,2.4,4.65,71.87,0.87,90.03,0,0,0,190.03,7.92,1135.83,1.5,3.987,0.481,0.332
BGW-09,Baghewala-09 (pad B),2024-05-01T00:00:00,5,injection,55.55,12.84,552.37,18.33,8.38,22.3,444.31,7.364,7.77,60.33,46.58,False,False,57.42,11.48,68.91,5627.82,2.64,4.11,56.33,0.878,85.18,0,0,0,189.37,7.89,1133.49,1.5,3.298,0.379,0.259
BGW-09,Baghewala-09 (pad B),2024-05-02T00:00:00,5,injection,57.23,12.46,610.26,17.54,8.62,21.78,428.39,6.001,8.03,71.38,42.88,False,False,54.11,10.82,64.94,5681.94,2.48,4.56,64.88,0.845,88.78,0,0,0,193.42,8.06,1094.18,1.5,3.574,0.469,0.342
BGW-09,Baghewala-09 (pad B),2024-05-03T00:00:00,5,soak,57.16,12.37,581.11,17.77,8.25,21.02,450.0,6.25,7.75,72.0,48.0,False,False,52.68,10.54,63.21,5734.61,2.32,4.0,56.12,0.883,86.8,0,0,0,182.82,7.62,1146.94,1.5,3.471,0.423,0.242
BGW-09,Baghewala-09 (pad B),2024-05-04T00:00:00,5,soak,57.06,12.65,607.37,17.66,8.38,22.05,450.0,6.25,7.76,72.0,48.0,False,False,44.38,8.88,53.25,5778.99,2.24,4.0,72.28,0.874,90.21,0,0,0,182.32,7.6,1146.88,1.5,4.108,0.473,0.385
BGW-09,Baghewala-09 (pad B),2024-05-05T00:00:00,5,soak,57.05,12.22,577.94,17.88,8.58,21.25,450.0,6.25,7.68,72.0,48.0,False,False,46.05,9.21,55.26,5825.04,2.34,4.0,61.22,0.876,83.89,0,0,0,186.63,7.78,1147.4,1.5,4.053,0.404,0.252
BGW-09,Baghewala-09 (pad B),2024-05-06T00:00:00,5,production,56.91,12.56,619.46,17.73,8.56,20.61,479.83,6.664,7.39,72.0,48.0,True,False,51.93,10.39,62.31,5876.97,2.17,5.41,56.86,0.824,88.91,0,0,0,191.84,7.99,1222.6,1.5,3.694,0.481,0.343
BGW-09,Baghewala-09 (pad B),2024-05-07T00:00:00,5,production,56.86,12.79,585.71,17.82,8.49,21.27,459.39,6.38,7.76,72.0,48.0,True,False,62.43,12.49,74.92,5939.4,2.42,5.76,59.05,0.832,92.73,0,0,0,194.63,8.11,1171.82,1.5,3.118,0.458,0.349
BGW-09,Baghewala-09 (pad B),2024-05-08T00:00:00,5,production,56.72,12.65,519.67,18.33,8.82,21.14,468.61,6.508,7.75,72.0,48.0,True,False,66.74,13.35,80.09,6006.14,2.41,6.12,65.1,0.866,89.79,0,0,0,195.92,8.16,1195.04,1.5,2.935,0.361,0.293
BGW-09,Baghewala-09 (pad B),2024-05-09T00:00:00,5,production,56.67,12.87,575.53,18.03,8.39,21.95,493.16,6.849,8.16,72.0,48.0,True,False,60.79,12.16,72.95,6066.93,2.45,6.02,68.15,0.809,89.66,0,0,0,202.22,8.43,1257.17,1.5,3.327,0.43,0.336
BGW-09,Baghewala-09 (pad B),2024-05-10T00:00:00,5,production,56.57,12.51,594.03,17.96,8.24,21.07,476.96,6.624,7.35,72.0,48.0,True,False,64.58,12.92,77.5,6131.52,2.46,5.19,58.87,0.854,92.7,0,0,0,192.19,8.01,1215.47,1.5,2.976,0.469,0.308
BGW-09,Baghewala-09 (pad B),2024-05-11T00:00:00,5,production,56.48,12.23,624.05,17.7,8.59,22.51,468.33,6.505,7.6,72.0,48.0,True,False,49.07,9.81,58.88,6180.58,2.19,4.41,56.92,0.88,86.98,0,0,0,190.14,7.92,1193.65,1.5,3.875,0.477,0.296
BGW-09,Baghewala-09 (pad B),2024-05-12T00:00:00,5,production,56.36,12.71,561.79,18.08,8.51,21.9,495.81,6.886,6.94,72.0,48.0,True,False,59.44,11.89,71.32,6240.02,2.35,6.17,67.35,0.84,88.89,0,0,0,204.62,8.53,1264.08,1.5,3.443,0.409,0.316
BGW-09,Baghewala-09 (pad B),2024-05-13T00:00:00,5,production,56.22,12.49,558.91,18.04,8.72,19.94,456.08,6.334,7.29,72.0,48.0,True,False,56.01,11.2,67.21,6296.03,2.36,4.8,64.26,0.88,86.56,0,0,0,189.29,7.89,1162.92,1.5,3.38,0.394,0.254
BGW-09,Baghewala-09 (pad B),2024-05-14T00:00:00,5,production,56.13,12.47,649.82,17.6,8.41,21.15,462.06,6.418,7.51,72.0,48.0,True,False,50.13,10.03,60.16,6346.16,2.43,4.94,60.64,0.845,93.41,0,0,0,186.75,7.78,1177.56,1.5,3.725,0.542,0.393
BGW-09,Baghewala-09 (pad B),2024-05-15T00:00:00,5,production,56.04,11.92,623.86,17.74,8.39,21.56,450.52,6.257,7.51,72.0,48.0,True,False,55.19,11.04,66.23,6401.35,2.27,5.18,59.41,0.848,88.86,0,0,0,192.15,8.01,1149.36,1.5,3.481,0.487,0.301
BGW-09,Baghewala-09 (pad B),2024-05-16T00:00:00,5,production,56.02,12.39,669.46,17.32,8.63,21.56,435.45,6.048,7.33,72.0,48.0,True,False,47.94,9.59,57.52,6449.29,2.47,4.13,57.17,0.851,90.32,0,0,0,183.74,7.66,1110.66,1.5,3.833,0.551,0.376
BGW-09,Baghewala-09 (pad B),2024-05-17T00:00:00,5,production,55.92,12.83,609.4,17.83,8.69,21.81,480.4,6.672,7.28,72.0,48.0,True,False,54.08,10.82,64.9,6503.38,2.39,5.71,61.42,0.838,88.13,0,0,0,198.73,8.28,1224.85,1.5,3.674,0.465,0.337
BGW-09,Baghewala-09 (pad B),2024-05-18T00:00:00,5,production,55.81,13.08,581.09,18.12,8.14,23.18,446.06,6.195,7.91,72.0,48.0,True,False,49.95,9.99,59.93,6553.32,2.34,5.81,62.23,0.843,95.83,0,0,0,198.26,8.26,1138.94,1.5,3.969,0.468,0.384
BGW-09,Baghewala-09 (pad B),2024-05-19T00:00:00,5,production,55.65,12.66,532.28,18.57,8.48,19.12,432.56,6.008,7.39,72.0,48.0,True,False,63.85,12.77,76.62,6617.17,2.44,5.83,65.61,0.859,87.32,0,0,0,192.01,8.0,1104.44,1.5,3.007,0.364,0.263
BGW-09,Baghewala-09 (pad B),2024-05-20T00:00:00,5,production,55.59,12.79,577.04,18.19,8.39,21.81,452.45,6.284,7.39,72.0,48.0,True,False,58.28,11.66,69.93,6675.44,2.43,5.15,70.14,0.879,92.19,0,0,0,188.46,7.85,1153.74,1.5,3.234,0.445,0.294
BGW-09,Baghewala-09 (pad B),2024-05-21T00:00:00,5,production,55.54,12.25,595.75,17.98,8.58,20.75,446.55,6.202,7.66,72.0,48.0,True,False,51.48,10.3,61.77,6726.92,2.35,6.32,60.59,0.805,93.08,0,0,0,207.42,8.64,1141.28,1.5,4.03,0.473,0.316
BGW-09,Baghewala-09 (pad B),2024-05-22T00:00:00,5,production,55.46,12.64,568.37,18.06,8.55,20.88,458.21,6.364,7.66,72.0,48.0,True,False,56.88,11.38,68.25,6783.8,2.32,5.16,62.65,0.879,91.3,0,0,0,194.8,8.12,1168.91,1.5,3.425,0.429,0.31
BGW-09,Baghewala-09 (pad B),2024-05-23T00:00:00,5,production,55.38,13.01,638.18,17.79,8.8,21.86,461.91,6.415,7.39,72.0,48.0,True,False,45.14,9.03,54.17,6828.93,2.43,5.39,61.36,0.839,90.84,0,0,0,195.23,8.13,1178.21,1.5,4.325,0.514,0.337
BGW-09,Baghewala-09 (pad B),2024-05-24T00:00:00,5,production,55.35,12.39,597.37,18.15,8.64,21.37,478.08,6.64,8.19,72.0,48.0,True,False,55.27,11.05,66.33,6884.21,2.41,5.54,61.64,0.83,95.31,0,0,0,189.14,7.88,1217.89,1.5,3.422,0.486,0.396
BGW-09,Baghewala-09 (pad B),2024-05-25T00:00:00,5,production,55.24,12.69,652.28,17.63,8.68,22.28,478.63,6.648,7.34,72.0,48.0,True,True,52.72,10.54,63.27,6936.93,2.27,5.69,66.93,0.829,92.15,0,0,0,202.56,8.44,1220.88,1.5,3.842,0.539,0.387
BGW-09,Baghewala-09 (pad B),2024-05-26T00:00:00,5,production,55.08,12.38,610.65,17.94,8.57,20.72,453.97,6.305,7.28,72.0,48.0,True,True,51.36,10.27,61.63,6988.29,2.33,5.09,63.33,0.856,91.53,0,0,0,186.44,7.77,1157.3,1.5,3.63,0.483,0.38
BGW-09,Baghewala-09 (pad B),2024-05-27T00:00:00,5,production,54.97,12.5,623.83,17.99,8.52,22.2,454.37,6.311,7.44,72.0,48.0,True,True,49.7,9.94,59.64,7037.99,2.45,5.27,69.88,0.806,92.19,0,0,0,197.35,8.22,1159.61,1.5,3.971,0.503,0.382
BGW-09,Baghewala-09 (pad B),2024-05-28T00:00:00,5,production,54.85,12.73,647.43,17.64,8.44,21.12,471.73,6.552,7.46,72.0,48.0,True,True,51.63,10.33,61.95,7089.62,2.48,5.3,56.22,0.798,95.27,0,0,0,188.69,7.86,1201.97,1.5,3.655,0.548,0.407
BGW-09,Baghewala-09 (pad B),2024-05-29T00:00:00,6,production,53.23,11.97,636.41,18.1,8.86,20.96,436.83,6.067,7.98,72.0,48.0,True,True,47.89,9.58,57.46,7137.5,2.37,6.17,68.36,0.814,95.74,0,0,0,199.67,8.32,1116.02,1.5,4.17,0.537,0.441
BGW-09,Baghewala-09 (pad B),2024-05-30T00:00:00,6,injection,55.18,12.69,587.88,18.0,8.37,22.98,499.88,8.011,7.38,62.4,45.36,False,False,49.09,9.82,58.91,7186.59,2.34,4.7,62.32,0.871,89.3,0,0,0,188.2,7.84,1272.29,1.5,3.834,0.444,0.323
BGW-09,Baghewala-09 (pad B),2024-05-31T00:00:00,6,injection,56.79,12.26,541.94,17.94,8.35,21.45,430.12,5.995,7.05,71.74,45.2,False,False,60.32,12.06,72.38,7246.91,2.34,4.58,71.48,0.893,89.8,0,0,0,183.47,7.64,1097.31,1.5,3.042,0.389,0.256
BGW-09,Baghewala-09 (pad B),2024-06-01T00:00:00,6,injection,58.28,12.5,596.68,17.52,8.37,23.37,405.79,5.923,7.55,68.51,53.13,False,False,53.82,10.76,64.58,7300.72,2.43,4.48,63.38,0.903,88.61,0,0,0,176.82,7.37,1035.69,1.5,3.286,0.451,0.325
BGW-09,Baghewala-09 (pad B),2024-06-02T00:00:00,6,soak,58.18,12.54,449.84,18.42,8.48,23.1,450.0,6.25,8.31,72.0,48.0,False,False,62.73,12.55,75.28,7363.46,2.28,4.0,60.68,0.886,82.5,0,0,0,180.69,7.53,1146.68,1.5,2.88,0.237,0.185
BGW-09,Baghewala-09 (pad B),2024-06-03T00:00:00,6,soak,58.12,12.41,484.28,18.49,8.45,22.22,450.0,6.25,6.94,72.0,48.0,False,False,56.41,11.28,67.69,7419.86,2.26,4.0,67.46,0.876,82.14,0,0,0,187.76,7.82,1147.53,1.5,3.329,0.279,0.164
BGW-09,Baghewala-09 (pad B),2024-06-04T00:00:00,6,soak,58.04,12.26,594.32,17.54,8.21,22.74,450.0,6.25,6.49,72.0,48.0,False,False,50.62,10.12,60.74,7470.48,2.3,4.0,68.08,0.896,90.84,0,0,0,178.22,7.43,1146.39,1.5,3.521,0.46,0.352
BGW-09,Baghewala-09 (pad B),2024-06-05T00:00:00,6,production,57.98,12.61,533.16,18.08,8.52,22.68,442.06,6.14,8.14,72.0,48.0,True,False,66.14,13.23,79.36,7536.62,2.35,5.82,65.31,0.864,91.26,0,0,0,198.33,8.26,1128.95,1.5,2.999,0.385,0.327
BGW-09,Baghewala-09 (pad B),2024-06-06T00:00:00,6,production,57.87,12.55,509.71,18.24,8.9,22.87,472.51,6.563,7.85,72.0,48.0,True,False,66.1,13.22,79.32,7602.72,2.42,5.6,66.35,0.873,89.01,0,0,0,198.72,8.28,1205.11,1.5,3.006,0.345,0.244
BGW-09,Baghewala-09 (pad B),2024-06-07T00:00:00,6,production,57.8,11.98,558.4,17.91,8.37,22.8,497.28,6.907,7.54,72.0,48.0,True,False,59.35,11.87,71.21,7662.06,2.42,5.35,70.96,0.874,88.09,0,0,0,200.96,8.37,1267.32,1.5,3.386,0.401,0.313
BGW-09,Baghewala-09 (pad B),2024-06-08T00:00:00,6,production,57.64,11.99,546.13,18.07,8.46,21.88,441.63,6.134,7.25,72.0,48.0,True,False,53.61,10.72,64.33,7715.67,2.39,5.62,66.27,0.861,91.21,0,0,0,192.68,8.03,1127.21,1.5,3.594,0.401,0.275
BGW-09,Baghewala-09 (pad B),2024-06-09T00:00:00,6,production,57.55,12.25,539.15,18.06,8.84,23.28,462.13,6.419,7.48,72.0,48.0,True,False,61.89,12.38,74.27,7777.56,2.42,5.68,71.34,0.86,87.71,0,0,0,190.23,7.93,1178.16,1.5,3.074,0.375,0.288
BGW-09,Baghewala-09 (pad B),2024-06-10T00:00:00,6,production,57.46,12.76,543.26,17.94,8.32,23.64,487.77,6.775,7.31,72.0,48.0,True,False,64.64,12.93,77.57,7842.2,2.44,5.11,63.73,0.883,93.79,0,0,0,200.02,8.33,1243.42,1.5,3.094,0.411,0.337
BGW-09,Baghewala-09 (pad B),2024-06-11T00:00:00,6,production,57.41,12.0,546.35,18.11,8.43,21.51,456.69,6.343,7.03,72.0,48.0,True,False,60.93,12.19,73.12,7903.13,2.48,5.71,68.55,0.857,92.59,0,0,0,203.92,8.5,1166.2,1.5,3.347,0.408,0.314
BGW-09,Baghewala-09 (pad B),2024-06-12T00:00:00,6,production,57.28,12.68,589.24,17.6,8.48,21.53,466.91,6.485,7.49,72.0,48.0,True,False,55.54,11.11,66.65,7958.67,2.29,4.88,62.88,0.875,87.98,0,0,0,192.55,8.02,1190.38,1.5,3.467,0.439,0.299
BGW-09,Baghewala-09 (pad B),2024-06-13T00:00:00,6,production,57.19,12.34,498.79,18.29,8.58,22.1,421.28,5.851,7.85,72.0,48.0,True,False,71.79,14.36,86.15,8030.46,2.35,6.09,58.79,0.915,87.06,0,0,0,195.29,8.14,1076.63,1.5,2.72,0.321,0.239
BGW-09,Baghewala-09 (pad B),2024-06-14T00:00:00,6,production,57.15,12.59,558.04,17.82,8.47,22.33,433.0,6.014,7.31,72.0,48.0,True,False,60.21,12.04,72.25,8090.67,2.48,6.06,61.53,0.833,92.54,0,0,0,203.86,8.49,1106.96,1.5,3.386,0.423,0.315
BGW-09,Baghewala-09 (pad B),2024-06-15T00:00:00,6,production,57.08,12.6,523.22,18.29,8.32,25.38,465.21,6.461,7.35,72.0,48.0,True,False,61.25,12.25,73.5,8151.92,2.37,6.22,64.19,0.815,89.12,0,0,0,191.61,7.98,1186.01,1.5,3.128,0.362,0.283
BGW-09,Baghewala-09 (pad B),2024-06-16T00:00:00,6,production,56.96,12.25,602.95,17.84,8.22,24.46,446.45,6.201,7.67,72.0,48.0,True,False,53.25,10.65,63.9,8205.17,2.33,5.87,65.76,0.835,92.62,0,0,0,195.43,8.14,1139.58,1.5,3.67,0.479,0.343
BGW-09,Baghewala-09 (pad B),2024-06-17T00:00:00,6,production,56.91,12.59,557.68,17.99,8.48,22.42,447.87,6.22,8.1,72.0,48.0,True,False,53.6,10.72,64.32,8258.78,2.5,4.59,65.62,0.87,85.59,0,0,0,187.16,7.8,1142.12,1.5,3.492,0.388,0.264
BGW-09,Baghewala-09 (pad B),2024-06-18T00:00:00,6,production,56.73,12.57,531.63,18.23,8.45,23.03,443.39,6.158,8.1,72.0,48.0,True,False,61.2,12.24,73.44,8319.98,2.31,6.05,68.89,0.832,91.48,0,0,0,200.96,8.37,1132.59,1.5,3.284,0.384,0.293
BGW-09,Baghewala-09 (pad B),2024-06-19T00:00:00,6,production,56.67,12.3,566.48,18.02,8.18,23.46,468.3,6.504,7.15,72.0,48.0,True,False,61.79,12.36,74.15,8381.77,2.53,5.32,67.28,0.912,89.13,0,0,0,199.43,8.31,1194.69,1.5,3.228,0.416,0.327
BGW-09,Baghewala-09 (pad B),2024-06-20T00:00:00,6,production,56.54,12.59,606.17,17.68,8.66,24.2,442.46,6.145,7.05,72.0,48.0,True,False,60.01,12.0,72.02,8441.78,2.31,5.96,69.02,0.838,91.38,0,0,0,198.44,8.27,1129.95,1.5,3.307,0.477,0.308
BGW-09,Baghewala-09 (pad B),2024-06-21T00:00:00,6,production,56.52,12.66,622.09,17.78,8.65,25.49,470.05,6.528,7.72,72.0,48.0,True,False,52.94,10.59,63.53,8494.72,2.53,5.64,65.79,0.825,89.6,0,0,0,199.91,8.33,1199.12,1.5,3.776,0.488,0.356
BGW-09,Baghewala-09 (pad B),2024-06-22T00:00:00,6,production,56.43,13.14,510.45,18.43,8.2,22.61,477.02,6.625,7.45,72.0,48.0,True,False,62.44,12.49,74.93,8557.17,2.4,5.27,65.67,0.893,91.4,0,0,0,193.82,8.08,1215.81,1.5,3.104,0.358,0.282
BGW-09,Baghewala-09 (pad B),2024-06-23T00:00:00,6,production,56.32,12.3,603.81,17.91,8.6,22.99,480.29,6.671,6.47,72.0,48.0,True,False,58.42,11.68,70.1,8615.58,2.44,6.39,70.17,0.806,92.87,0,0,0,213.85,8.91,1226.39,1.5,3.661,0.482,0.361
BGW-09,Baghewala-09 (pad B),2024-06-24T00:00:00,6,production,56.18,12.33,572.82,18.13,8.61,23.25,431.6,5.994,7.13,72.0,48.0,True,True,55.53,11.11,66.64,8671.11,2.49,5.44,64.36,0.86,91.59,0,0,0,192.79,8.03,1102.14,1.5,3.472,0.436,0.319
BGW-09,Baghewala-09 (pad B),2024-06-25T00:00:00,6,production,56.1,12.15,522.58,18.42,8.6,24.21,430.09,5.973,7.13,72.0,48.0,True,True,53.8,10.76,64.56,8724.91,2.56,4.9,60.22,0.881,87.18,0,0,0,178.53,7.44,1096.64,1.5,3.319,0.352,0.228
BGW-09,Baghewala-09 (pad B),2024-06-26T00:00:00,6,production,55.97,12.75,519.4,18.38,8.68,24.83,464.93,6.457,7.34,72.0,48.0,True,True,67.34,13.47,80.81,8792.25,2.38,6.56,71.53,0.852,87.76,0,0,0,205.85,8.58,1187.02,1.5,3.057,0.354,0.229
BGW-09,Baghewala-09 (pad B),2024-06-27T00:00:00,6,production,55.87,12.31,616.1,17.64,8.1,22.86,428.8,5.956,7.69,72.0,48.0,True,True,54.63,10.93,65.56,8846.88,2.52,5.93,61.26,0.827,92.38,0,0,0,196.33,8.18,1095.57,1.5,3.594,0.495,0.371
BGW-09,Baghewala-09 (pad B),2024-06-28T00:00:00,7,production,54.19,12.04,664.55,18.05,8.35,24.34,433.69,6.023,7.44,72.0,48.0,True,True,42.9,8.58,51.48,8889.78,2.22,4.42,72.7,0.886,92.91,0,0,0,186.23,7.76,1106.56,1.5,4.341,0.558,0.422
BGW-12,Baghewala-12 (pad C),2024-01-01T00:00:00,1,injection,46.5,12.03,900.24,17.99,8.49,16.86,437.1,6.385,7.37,68.45,48.19,False,False,28.28,5.66,33.93,28.28,2.44,4.83,59.46,0.729,100.32,0,0,0,192.28,8.01,1115.82,1.5,6.8,0.889,0.616
BGW-12,Baghewala-12 (pad C),2024-01-02T00:00:00,1,injection,47.21,12.7,872.15,18.09,8.19,15.52,417.18,5.436,7.18,76.74,37.13,False,False,31.87,6.37,38.24,60.15,2.4,4.31,56.58,0.754,100.38,0,0,0,188.97,7.87,1065.64,1.5,5.93,0.855,0.586
BGW-12,Baghewala-12 (pad C),2024-01-03T00:00:00,1,injection,48.19,12.4,853.4,17.81,8.66,16.09,510.03,8.136,7.64,62.69,36.13,False,False,29.14,5.83,34.97,89.29,2.24,4.9,64.0,0.725,100.03,0,0,0,193.98,8.08,1298.35,1.5,6.656,0.829,0.575
BGW-12,Baghewala-12 (pad C),2024-01-04T00:00:00,1,soak,48.08,12.68,784.72,18.22,8.39,13.61,450.0,6.25,7.45,72.0,48.0,False,False,33.91,6.78,40.69,123.2,2.51,4.0,65.19,0.766,95.91,0,0,0,188.75,7.86,1147.65,1.5,5.566,0.723,0.503
BGW-12,Baghewala-12 (pad C),2024-01-05T00:00:00,1,soak,47.96,12.51,973.21,17.35,8.21,16.47,450.0,6.25,7.15,72.0,48.0,False,False,30.62,6.12,36.74,153.82,2.25,4.0,62.53,0.671,102.39,0,0,0,182.98,7.62,1146.96,1.5,5.976,0.95,0.657
BGW-12,Baghewala-12 (pad C),2024-01-06T00:00:00,1,soak,47.9,12.47,856.95,17.8,8.51,15.1,450.0,6.25,7.13,72.0,48.0,False,False,34.34,6.87,41.21,188.16,2.54,4.0,68.3,0.753,98.29,0,1,0,187.33,7.81,1147.48,1.5,5.455,0.825,0.576
BGW-12,Baghewala-12 (pad C),2024-01-07T00:00:00,1,production,47.81,12.37,838.02,18.06,8.41,16.3,490.4,6.811,7.3,72.0,48.0,True,False,34.02,6.8,40.83,222.18,2.51,5.39,68.75,0.747,101.57,0,0,0,198.01,8.25,1249.76,1.5,5.82,0.818,0.589
BGW-12,Baghewala-12 (pad C),2024-01-08T00:00:00,1,production,47.79,12.22,798.98,18.25,8.97,16.04,430.46,5.979,7.58,72.0,48.0,True,False,27.89,5.58,33.47,250.07,2.51,5.2,59.37,0.762,103.21,0,0,0,189.35,7.89,1098.88,1.5,6.789,0.777,0.596
BGW-12,Baghewala-12 (pad C),2024-01-09T00:00:00,1,production,47.7,12.96,774.94,18.38,8.74,15.33,445.89,6.193,7.93,72.0,48.0,True,False,32.35,6.47,38.82,282.42,2.49,5.04,61.07,0.763,97.47,0,0,0,192.71,8.03,1137.85,1.5,5.957,0.719,0.514
BGW-12,Baghewala-12 (pad C),2024-01-10T00:00:00,1,production,47.7,12.63,743.51,18.42,8.43,16.0,483.35,6.713,7.25,72.0,48.0,True,False,34.77,6.95,41.72,317.19,2.42,5.18,66.38,0.77,95.55,0,0,0,203.75,8.49,1232.82,1.5,5.86,0.67,0.471
BGW-12,Baghewala-12 (pad C),2024-01-11T00:00:00,1,production,47.61,12.43,911.9,17.69,8.7,15.93,459.1,6.376,8.07,72.0,48.0,True,False,29.3,5.86,35.16,346.49,2.55,5.82,68.11,0.707,103.7,0,0,0,192.15,8.01,1170.81,1.509,6.558,0.921,0.643
BGW-12,Baghewala-12 (pad C),2024-01-12T00:00:00,1,production,47.54,12.66,840.77,18.05,8.1,17.37,457.11,6.349,7.01,72.0,48.0,True,False,39.34,7.87,47.21,385.83,2.56,6.09,68.15,0.727,106.21,0,0,0,192.68,8.03,1165.9,1.5,4.898,0.845,0.604
BGW-12,Baghewala-12 (pad C),2024-01-13T00:00:00,1,production,47.52,12.26,882.16,17.79,8.48,14.29,456.49,6.34,7.44,72.0,48.0,True,False,28.83,5.77,34.59,414.65,2.25,6.52,56.9,0.639,105.53,0,0,0,199.47,8.31,1165.16,1.5,6.92,0.894,0.655
BGW-12,Baghewala-12 (pad C),2024-01-14T00:00:00,1,production,47.47,12.26,765.53,18.37,8.73,13.77,455.59,6.328,7.67,72.0,48.0,True,False,38.78,7.76,46.53,453.43,2.38,6.27,65.09,0.685,101.15,0,0,0,203.28,8.47,1163.37,1.5,5.243,0.725,0.515
BGW-12,Baghewala-12 (pad C),2024-01-15T00:00:00,1,production,47.42,12.32,886.09,17.86,8.39,14.45,462.27,6.42,7.98,72.0,48.0,True,False,32.5,6.5,39.01,485.93,2.4,4.92,61.07,0.74,98.09,0,0,0,194.49,8.1,1179.02,1.5,5.983,0.861,0.586
BGW-12,Baghewala-12 (pad C),2024-01-16T00:00:00,1,production,47.3,12.83,745.28,18.45,8.35,15.54,446.09,6.196,8.03,72.0,48.0,True,False,33.06,6.61,39.67,519.0,2.35,5.52,68.13,0.793,99.7,0,0,0,189.76,7.91,1137.99,1.5,5.74,0.693,0.515
BGW-12,Baghewala-12 (pad C),2024-01-17T00:00:00,1,production,47.2,12.1,827.63,18.29,8.65,13.74,414.27,5.754,7.52,72.0,48.0,True,False,29.31,5.86,35.17,548.31,2.39,4.93,64.7,0.775,97.74,0,0,0,181.6,7.57,1057.47,1.5,6.195,0.786,0.532
BGW-12,Baghewala-12 (pad C),2024-01-18T00:00:00,1,production,47.1,12.36,863.59,18.13,8.34,16.39,429.32,5.963,7.07,72.0,48.0,True,False,32.41,6.48,38.9,580.72,2.34,5.86,66.03,0.717,101.84,0,0,0,195.16,8.13,1096.71,1.5,6.021,0.851,0.619
BGW-12,Baghewala-12 (pad C),2024-01-19T00:00:00,1,production,47.07,12.76,765.16,18.41,8.55,14.33,426.09,5.918,6.33,72.0,48.0,True,False,31.53,6.31,37.84,612.26,2.41,6.11,68.11,0.735,100.69,0,0,0,195.92,8.16,1088.73,1.5,6.213,0.722,0.532
BGW-12,Baghewala-12 (pad C),2024-01-20T00:00:00,1,production,46.95,12.32,909.44,17.96,8.54,15.56,413.12,5.738,7.84,72.0,48.0,True,False,27.69,5.54,33.23,639.95,2.49,5.18,62.71,0.675,104.13,0,0,0,189.7,7.9,1055.56,1.5,6.85,0.92,0.673
BGW-12,Baghewala-12 (pad C),2024-01-21T00:00:00,1,production,46.81,12.48,910.84,17.85,8.9,17.81,432.52,6.007,6.84,72.0,48.0,True,False,33.77,6.75,40.52,673.72,2.22,5.69,63.16,0.686,103.91,0,0,0,189.74,7.91,1104.06,1.5,5.619,0.921,0.659
BGW-12,Baghewala-12 (pad C),2024-01-22T00:00:00,1,production,46.67,12.23,939.97,17.7,8.66,17.15,462.86,6.429,6.75,72.0,48.0,True,False,30.42,6.08,36.5,704.13,2.36,5.73,70.09,0.676,106.25,0,0,0,199.34,8.31,1181.08,1.5,6.553,0.95,0.694
BGW-12,Baghewala-12 (pad C),2024-01-23T00:00:00,1,production,46.56,13.22,790.77,18.44,8.76,18.16,471.92,6.554,6.82,72.0,48.0,True,False,31.83,6.37,38.2,735.96,2.17,5.91,73.53,0.758,98.88,0,0,0,197.05,8.21,1203.45,1.5,6.191,0.745,0.536
BGW-12,Baghewala-12 (pad C),2024-01-24T00:00:00,1,production,46.45,12.55,872.76,18.16,8.42,13.7,484.2,6.725,7.53,72.0,48.0,True,False,30.17,6.03,36.2,766.13,2.49,5.61,64.28,0.71,104.52,0,0,0,194.59,8.11,1233.84,1.5,6.451,0.876,0.659
BGW-12,Baghewala-12 (pad C),2024-01-25T00:00:00,1,production,46.41,12.95,789.51,18.45,8.79,16.23,408.17,5.669,6.91,72.0,48.0,True,False,34.04,6.81,40.85,800.17,2.56,5.6,63.05,0.734,100.89,0,0,0,184.67,7.69,1042.59,1.5,5.425,0.754,0.536
BGW-12,Baghewala-12 (pad C),2024-01-26T00:00:00,1,production,46.35,12.44,1016.39,17.42,8.46,16.11,493.02,6.848,7.25,72.0,48.0,True,True,27.83,5.57,33.4,828.0,2.27,6.32,64.88,0.601,107.48,0,0,0,206.16,8.59,1257.29,1.5,7.407,0.95,0.721
BGW-12,Baghewala-12 (pad C),2024-01-27T00:00:00,1,production,46.26,12.13,835.96,18.27,8.58,16.18,440.42,6.117,7.29,72.0,48.0,True,True,28.14,5.63,33.77,856.14,2.31,5.18,62.24,0.739,98.02,0,0,0,190.31,7.93,1123.89,1.5,6.763,0.798,0.569
BGW-12,Baghewala-12 (pad C),2024-01-28T00:00:00,1,production,46.1,12.14,906.71,18.02,8.67,17.03,445.82,6.192,7.53,72.0,48.0,True,True,33.79,6.76,40.54,889.93,2.42,5.81,66.61,0.685,106.97,0,0,0,201.52,8.4,1138.72,1.5,5.965,0.931,0.673
BGW-12,Baghewala-12 (pad C),2024-01-29T00:00:00,1,production,46.03,12.11,981.89,17.72,8.4,17.76,475.68,6.607,7.31,72.0,48.0,True,True,31.45,6.29,37.74,921.38,2.36,5.06,72.23,0.661,106.27,0,0,0,192.64,8.03,1212.32,1.5,6.124,0.95,0.694
BGW-12,Baghewala-12 (pad C),2024-01-30T00:00:00,2,production,44.49,12.59,1030.52,17.78,8.7,15.89,425.68,5.912,7.36,72.0,48.0,True,True,24.17,4.83,29.0,945.55,2.32,5.87,68.94,0.569,108.78,0,0,0,197.29,8.22,1087.89,1.5,8.163,0.95,0.752
BGW-12,Baghewala-12 (pad C),2024-01-31T00:00:00,2,injection,45.5,12.52,818.58,18.36,8.61,17.44,431.73,7.293,7.76,59.2,41.54,False,False,22.91,4.58,27.49,968.46,2.48,4.59,64.85,0.773,101.33,0,0,0,185.34,7.72,1101.57,1.525,8.092,0.792,0.58
BGW-12,Baghewala-12 (pad C),2024-02-01T00:00:00,2,injection,46.69,12.27,994.69,17.57,8.41,17.45,506.39,7.129,7.1,71.03,46.5,False,False,31.12,6.22,37.35,999.58,2.4,4.68,68.4,0.659,103.68,0,0,0,195.55,8.15,1289.45,1.5,6.283,0.95,0.648
BGW-12,Baghewala-12 (pad C),2024-02-02T00:00:00,2,injection,47.54,12.22,940.38,17.56,8.63,15.76,406.17,5.761,7.08,70.51,54.77,False,False,31.07,6.21,37.28,1030.65,2.46,4.71,60.0,0.677,104.58,0,0,0,181.94,7.58,1037.26,1.5,5.856,0.95,0.655
BGW-12,Baghewala-12 (pad C),2024-02-03T00:00:00,2,soak,47.42,12.13,826.92,18.1,8.5,17.23,450.0,6.25,7.69,72.0,48.0,False,False,29.02,5.8,34.82,1059.66,2.25,4.0,64.26,0.803,94.36,0,0,0,179.07,7.46,1146.49,1.5,6.171,0.768,0.485
BGW-12,Baghewala-12 (pad C),2024-02-04T00:00:00,2,soak,47.36,12.13,774.87,18.38,8.55,18.02,450.0,6.25,6.62,72.0,48.0,False,False,31.32,6.26,37.59,1090.98,2.33,4.0,59.64,0.809,95.8,0,0,0,176.32,7.35,1146.16,1.5,5.629,0.71,0.477
BGW-12,Baghewala-12 (pad C),2024-02-05T00:00:00,2,soak,47.24,12.35,725.26,18.59,8.56,17.81,450.0,6.25,7.28,72.0,48.0,False,False,28.42,5.68,34.1,1119.41,2.34,4.0,59.81,0.856,91.18,0,0,0,183.47,7.64,1147.02,1.5,6.456,0.625,0.407
BGW-12,Baghewala-12 (pad C),2024-02-06T00:00:00,2,production,47.19,12.35,877.74,17.91,8.52,16.69,472.83,6.567,7.57,72.0,48.0,True,False,31.53,6.31,37.84,1150.94,2.41,6.77,67.09,0.628,107.12,0,0,0,208.4,8.68,1207.08,1.5,6.609,0.911,0.694
BGW-12,Baghewala-12 (pad C),2024-02-07T00:00:00,2,production,47.19,12.49,805.91,18.23,8.47,15.51,496.42,6.895,7.6,72.0,48.0,True,False,30.26,6.05,36.31,1181.2,2.34,6.1,63.0,0.705,103.6,0,0,0,205.58,8.57,1265.72,1.5,6.794,0.788,0.577
BGW-12,Baghewala-12 (pad C),2024-02-08T00:00:00,2,production,47.17,12.3,971.03,17.49,8.66,18.17,458.34,6.366,7.42,72.0,48.0,True,False,30.36,6.07,36.43,1211.55,2.39,5.28,70.99,0.626,106.9,0,1,0,196.57,8.19,1169.43,1.5,6.476,0.95,0.682
BGW-12,Baghewala-12 (pad C),2024-02-09T00:00:00,2,production,47.09,12.22,650.37,18.9,8.95,16.6,451.62,6.273,7.59,72.0,48.0,True,False,37.09,7.42,44.5,1248.64,2.33,5.96,69.63,0.818,95.67,0,0,0,203.03,8.46,1153.42,1.5,5.474,0.554,0.449
BGW-12,Baghewala-12 (pad C),2024-02-10T00:00:00,2,production,46.96,13.0,859.54,18.12,8.31,16.79,475.49,6.604,8.13,72.0,48.0,True,False,31.62,6.32,37.95,1280.26,2.34,5.04,73.36,0.736,103.31,0,0,0,191.26,7.97,1211.68,1.5,6.048,0.853,0.64
BGW-12,Baghewala-12 (pad C),2024-02-11T00:00:00,2,production,46.93,12.37,878.15,18.08,8.33,18.55,463.2,6.433,7.09,72.0,48.0,True,False,30.24,6.05,36.28,1310.5,2.23,5.42,60.84,0.709,100.77,0,0,0,193.45,8.06,1181.22,1.5,6.398,0.864,0.569
BGW-12,Baghewala-12 (pad C),2024-02-12T00:00:00,2,production,46.85,12.47,875.59,17.96,9.12,16.89,446.63,6.203,7.27,72.0,48.0,True,False,28.63,5.73,34.36,1339.13,2.35,5.03,68.9,0.719,98.93,0,0,0,195.87,8.16,1140.07,1.5,6.842,0.852,0.562
BGW-12,Baghewala-12 (pad C),2024-02-13T00:00:00,2,production,46.81,12.81,793.97,18.3,8.5,16.16,451.35,6.269,7.55,72.0,48.0,True,False,34.21,6.84,41.05,1373.34,2.26,5.07,67.98,0.742,99.0,0,0,0,180.39,7.52,1150.02,1.5,5.274,0.75,0.537
BGW-12,Baghewala-12 (pad C),2024-02-14T00:00:00,2,production,46.78,12.53,851.81,18.16,8.23,16.39,450.39,6.255,7.02,72.0,48.0,True,False,28.12,5.62,33.74,1401.45,2.28,5.79,69.29,0.716,96.95,0,0,0,179.92,7.5,1147.55,1.5,6.399,0.812,0.528
BGW-12,Baghewala-12 (pad C),2024-02-15T00:00:00,2,production,46.77,12.64,823.61,18.27,8.59,16.58,458.38,6.366,6.7,72.0,48.0,True,False,27.04,5.41,32.45,1428.5,2.54,5.09,56.1,0.769,101.82,0,0,0,194.05,8.09,1169.25,1.542,7.175,0.801,0.621
BGW-12,Baghewala-12 (pad C),2024-02-16T00:00:00,2,production,46.65,12.45,950.17,17.83,8.52,17.22,446.36,6.199,7.6,72.0,48.0,True,False,33.19,6.64,39.83,1461.69,2.33,5.22,69.63,0.658,107.61,0,0,0,188.86,7.87,1138.55,1.5,5.69,0.95,0.693
BGW-12,Baghewala-12 (pad C),2024-02-17T00:00:00,2,production,46.52,12.31,858.88,18.12,8.2,17.2,428.84,5.956,7.21,72.0,48.0,True,False,32.29,6.46,38.75,1493.98,2.37,5.39,79.39,0.713,104.19,0,0,0,187.91,7.83,1094.64,1.5,5.819,0.857,0.642
BGW-12,Baghewala-12 (pad C),2024-02-18T00:00:00,2,production,46.42,12.26,880.35,18.04,8.47,18.79,461.05,6.404,7.87,72.0,48.0,True,False,31.14,6.23,37.37,1525.12,2.33,5.63,65.65,0.693,101.39,0,0,0,203.31,8.47,1177.03,1.5,6.529,0.87,0.613
BGW-12,Baghewala-12 (pad C),2024-02-19T00:00:00,2,production,46.31,12.7,906.27,17.97,8.62,18.44,458.29,6.365,7.37,72.0,48.0,True,False,29.11,5.82,34.93,1554.23,2.37,5.97,76.26,0.661,107.26,0,0,0,198.74,8.28,1169.59,1.5,6.827,0.932,0.679
BGW-12,Baghewala-12 (pad C),2024-02-20T00:00:00,2,production,46.21,12.99,880.87,18.11,8.51,17.97,457.86,6.359,7.32,72.0,48.0,True,False,30.53,6.11,36.64,1584.76,2.51,5.43,64.09,0.725,105.56,0,0,0,190.11,7.92,1167.45,1.5,6.226,0.891,0.645
BGW-12,Baghewala-12 (pad C),2024-02-21T00:00:00,2,production,46.1,12.92,1057.99,17.36,8.57,17.23,466.22,6.475,7.48,72.0,48.0,True,False,24.01,4.8,28.81,1608.77,2.45,5.62,64.56,0.6,111.07,0,0,0,200.97,8.37,1189.67,1.5,8.37,0.95,0.739
BGW-12,Baghewala-12 (pad C),2024-02-22T00:00:00,2,production,46.04,12.81,940.84,17.86,8.44,17.98,457.24,6.351,7.66,72.0,48.0,True,False,30.94,6.19,37.12,1639.71,2.25,5.44,62.77,0.663,99.93,0,0,0,187.79,7.82,1165.64,1.5,6.07,0.938,0.647
BGW-12,Baghewala-12 (pad C),2024-02-23T00:00:00,2,production,45.96,12.68,871.14,18.14,8.3,16.96,439.59,6.105,7.73,72.0,48.0,True,False,26.96,5.39,32.36,1666.68,2.5,4.95,70.23,0.74,107.12,0,0,0,192.55,8.02,1122.09,1.517,7.141,0.887,0.655
BGW-12,Baghewala-12 (pad C),2024-02-24T00:00:00,2,production,45.9,11.98,949.92,17.92,8.59,16.09,438.82,6.095,7.86,72.0,48.0,True,False,31.39,6.28,37.67,1698.07,2.25,4.7,58.66,0.727,102.49,0,0,0,190.37,7.93,1119.88,1.5,6.064,0.95,0.642
BGW-12,Baghewala-12 (pad C),2024-02-25T00:00:00,2,production,45.79,12.48,945.23,17.97,8.06,20.2,464.62,6.453,7.58,72.0,48.0,True,True,29.29,5.86,35.15,1727.36,2.39,5.13,64.47,0.618,104.99,0,0,0,190.06,7.92,1184.36,1.5,6.488,0.95,0.681
BGW-12,Baghewala-12 (pad C),2024-02-26T00:00:00,2,production,45.72,12.8,893.52,18.14,8.27,19.68,449.89,6.248,7.5,72.0,48.0,True,True,32.55,6.51,39.06,1759.91,2.69,5.2,66.51,0.718,104.28,0,0,0,187.52,7.81,1147.23,1.5,5.76,0.901,0.635
BGW-12,Baghewala-12 (pad C),2024-02-27T00:00:00,2,production,45.6,13.12,983.2,17.78,8.56,18.52,445.31,6.185,7.68,72.0,48.0,True,True,30.38,6.08,36.45,1790.29,2.29,5.0,67.32,0.644,103.72,0,0,0,181.95,7.58,1135.11,1.5,5.99,0.95,0.71
BGW-12,Baghewala-12 (pad C),2024-02-28T00:00:00,2,production,45.55,12.36,1032.74,17.65,8.33,18.6,460.37,6.394,6.86,72.0,48.0,True,True,24.7,4.94,29.64,1814.99,2.32,5.52,68.92,0.624,110.1,0,0,0,198.22,8.26,1174.72,1.752,8.024,0.95,0.747
BGW-12,Baghewala-12 (pad C),2024-02-29T00:00:00,3,production,44.0,12.55,1133.06,17.52,8.29,18.43,450.74,6.26,7.37,72.0,48.0,True,True,32.24,6.45,38.69,1847.23,2.48,5.38,52.76,0.61,115.5,0,1,0,187.24,7.8,1149.33,1.5,5.808,0.95,0.817
BGW-12,Baghewala-12 (pad C),2024-03-01T00:00:00,3,injection,45.03,12.27,827.64,18.42,8.36,17.06,431.27,6.035,7.62,71.46,58.39,False,False,29.34,5.87,35.21,1876.57,2.33,4.78,68.3,0.73,95.54,0,0,0,189.96,7.92,1100.97,1.5,6.474,0.775,0.49
BGW-12,Baghewala-12 (pad C),2024-03-02T00:00:00,3,injection,46.13,12.46,863.64,18.07,8.24,19.79,512.58,7.072,7.49,72.48,47.78,False,False,28.67,5.73,34.41,1905.25,2.43,4.6,70.5,0.748,99.63,0,0,0,196.06,8.17,1304.97,1.517,6.838,0.84,0.585
BGW-12,Baghewala-12 (pad C),2024-03-03T00:00:00,3,injection,47.24,12.89,860.73,18.01,8.2,18.93,470.95,6.383,7.47,73.79,50.25,False,False,25.97,5.19,31.17,1931.22,2.29,4.94,67.81,0.747,99.85,0,0,0,196.76,8.2,1200.99,1.523,7.576,0.838,0.564
BGW-12,Baghewala-12 (pad C),2024-03-04T00:00:00,3,soak,47.14,12.27,884.16,17.94,8.79,18.83,450.0,6.25,7.09,72.0,48.0,False,False,25.76,5.15,30.91,1956.98,2.45,4.0,59.64,0.756,104.07,0,0,0,185.81,7.74,1147.3,1.5,7.212,0.888,0.643
BGW-12,Baghewala-12 (pad C),2024-03-05T00:00:00,3,soak,47.17,12.75,860.36,18.01,8.54,17.73,450.0,6.25,6.93,72.0,48.0,False,False,31.97,6.39,38.36,1988.94,2.37,4.0,72.76,0.758,96.05,0,0,0,188.51,7.85,1147.62,1.5,5.897,0.818,0.548
BGW-12,Baghewala-12 (pad C),2024-03-06T00:00:00,3,soak,47.14,12.16,831.62,18.23,8.39,18.19,450.0,6.25,7.25,72.0,48.0,False,False,33.04,6.61,39.65,2021.99,2.51,4.0,61.14,0.762,98.23,0,0,0,177.65,7.4,1146.32,1.5,5.376,0.793,0.555
BGW-12,Baghewala-12 (pad C),2024-03-07T00:00:00,3,production,47.07,12.32,948.31,17.62,8.44,17.01,429.64,5.967,7.61,72.0,48.0,True,False,31.66,6.33,37.99,2053.65,2.44,5.57,58.87,0.669,104.08,0,0,0,195.18,8.13,1097.52,1.5,6.166,0.95,0.717
BGW-12,Baghewala-12 (pad C),2024-03-08T00:00:00,3,production,46.96,12.56,791.17,18.35,8.62,17.56,424.79,5.9,7.57,72.0,48.0,True,False,27.43,5.49,32.92,2081.08,2.3,5.43,68.21,0.732,101.13,0,0,0,186.63,7.78,1084.38,1.5,6.803,0.757,0.545
BGW-12,Baghewala-12 (pad C),2024-03-09T00:00:00,3,production,46.9,12.57,953.0,17.74,8.25,19.15,442.59,6.147,7.75,72.0,48.0,True,False,23.93,4.79,28.71,2105.01,2.17,5.03,62.27,0.672,104.76,0,0,0,189.6,7.9,1129.24,1.551,7.924,0.95,0.67
BGW-12,Baghewala-12 (pad C),2024-03-10T00:00:00,3,production,46.75,12.25,867.93,18.07,8.7,18.52,464.41,6.45,8.02,72.0,48.0,True,False,34.93,6.99,41.92,2139.94,2.49,5.08,70.39,0.722,101.4,0,0,0,186.22,7.76,1183.37,1.5,5.331,0.854,0.58
BGW-12,Baghewala-12 (pad C),2024-03-11T00:00:00,3,production,46.7,12.45,958.97,17.83,8.53,19.28,414.56,5.758,7.25,72.0,48.0,True,False,25.64,5.13,30.76,2165.58,2.3,5.13,60.35,0.653,105.57,0,0,0,187.83,7.83,1058.93,1.5,7.327,0.95,0.662
BGW-12,Baghewala-12 (pad C),2024-03-12T00:00:00,3,production,46.59,13.06,977.6,17.48,8.77,20.62,450.01,6.25,7.33,72.0,48.0,True,False,28.56,5.71,34.27,2194.13,2.48,4.39,71.0,0.711,100.61,0,0,0,182.29,7.6,1146.89,1.5,6.384,0.95,0.659
BGW-12,Baghewala-12 (pad C),2024-03-13T00:00:00,3,production,46.53,12.48,898.16,18.11,9.1,17.45,445.36,6.186,7.44,72.0,48.0,True,False,33.13,6.63,39.76,2227.26,2.51,5.48,69.96,0.711,106.44,0,0,0,193.76,8.07,1136.65,1.5,5.848,0.917,0.661
BGW-12,Baghewala-12 (pad C),2024-03-14T00:00:00,3,production,46.49,12.3,876.71,18.05,8.59,20.22,472.96,6.569,7.8,72.0,48.0,True,False,29.34,5.87,35.2,2256.6,2.4,5.53,63.05,0.685,103.59,0,0,0,196.27,8.18,1205.96,1.5,6.691,0.876,0.674
BGW-12,Baghewala-12 (pad C),2024-03-15T00:00:00,3,production,46.46,12.24,911.97,17.9,8.6,19.1,413.14,5.738,7.91,72.0,48.0,True,False,35.04,7.01,42.05,2291.64,2.26,5.58,56.27,0.665,103.74,0,0,0,185.12,7.71,1055.07,1.5,5.283,0.921,0.671
BGW-12,Baghewala-12 (pad C),2024-03-16T00:00:00,3,production,46.4,13.09,939.07,17.81,8.51,18.91,458.23,6.364,7.32,72.0,48.0,True,False,26.71,5.34,32.05,2318.35,2.56,4.22,70.65,0.734,103.21,0,0,0,188.6,7.86,1168.21,1.5,7.061,0.95,0.626
BGW-12,Baghewala-12 (pad C),2024-03-17T00:00:00,3,production,46.23,12.32,910.31,17.99,8.54,18.12,450.51,6.257,8.42,72.0,48.0,True,False,30.08,6.02,36.1,2348.43,2.59,4.03,59.03,0.757,104.08,0,0,0,177.06,7.38,1147.53,1.5,5.886,0.921,0.661
BGW-12,Baghewala-12 (pad C),2024-03-18T00:00:00,3,production,46.19,12.76,747.48,18.7,8.28,19.03,420.09,5.835,8.09,72.0,48.0,True,False,32.28,6.46,38.74,2380.71,2.39,5.56,67.22,0.782,99.53,0,0,0,193.35,8.06,1073.42,1.5,5.989,0.695,0.53
BGW-12,Baghewala-12 (pad C),2024-03-19T00:00:00,3,production,46.13,12.78,925.28,17.98,8.43,20.03,468.74,6.51,7.81,72.0,48.0,True,False,30.27,6.05,36.33,2410.98,2.33,5.29,60.75,0.673,107.96,0,0,0,186.64,7.78,1194.24,1.5,6.165,0.95,0.684
BGW-12,Baghewala-12 (pad C),2024-03-20T00:00:00,3,production,46.15,12.71,896.64,18.1,8.18,19.64,448.87,6.234,7.2,72.0,48.0,True,False,31.33,6.27,37.6,2442.32,2.4,5.69,71.68,0.683,105.09,0,0,0,194.18,8.09,1145.48,1.5,6.197,0.909,0.657
BGW-12,Baghewala-12 (pad C),2024-03-21T00:00:00,3,production,46.07,12.63,992.44,17.65,8.39,19.93,422.95,5.874,7.35,72.0,48.0,True,False,30.24,6.05,36.29,2472.56,2.48,5.05,68.03,0.672,107.61,1,0,0,190.86,7.95,1080.28,1.5,6.311,0.95,0.683
BGW-12,Baghewala-12 (pad C),2024-03-22T00:00:00,3,production,46.07,12.69,989.57,17.6,8.46,19.75,450.82,6.261,7.66,72.0,48.0,True,False,27.65,5.53,33.18,2500.21,2.41,5.79,68.54,0.61,107.67,0,0,0,197.97,8.25,1150.8,1.5,7.16,0.95,0.73
BGW-12,Baghewala-12 (pad C),2024-03-23T00:00:00,3,production,46.06,12.59,838.97,18.35,8.84,19.32,460.71,6.399,7.17,72.0,48.0,True,False,29.48,5.9,35.37,2529.69,2.42,6.12,64.07,0.723,104.92,0,0,0,191.38,7.97,1174.75,1.5,6.493,0.836,0.616
BGW-12,Baghewala-12 (pad C),2024-03-24T00:00:00,3,production,46.0,13.15,986.86,17.76,8.45,18.8,447.58,6.216,7.75,72.0,48.0,True,False,28.76,5.75,34.51,2558.44,2.4,4.74,67.88,0.679,105.66,0,0,0,185.74,7.74,1141.25,1.5,6.459,0.95,0.708
BGW-12,Baghewala-12 (pad C),2024-03-25T00:00:00,3,production,45.93,12.67,882.04,18.14,8.62,18.34,429.97,5.972,8.05,72.0,48.0,True,False,28.95,5.79,34.74,2587.39,2.45,5.44,63.96,0.67,106.81,0,0,0,196.49,8.19,1098.51,1.5,6.787,0.899,0.684
BGW-12,Baghewala-12 (pad C),2024-03-26T00:00:00,3,production,45.89,12.64,806.59,18.45,8.73,18.87,485.83,6.748,8.21,72.0,48.0,True,True,34.25,6.85,41.1,2621.65,2.43,5.51,64.98,0.749,99.96,0,0,0,197.26,8.22,1238.25,1.5,5.759,0.771,0.577
BGW-12,Baghewala-12 (pad C),2024-03-27T00:00:00,3,production,45.88,12.52,1053.19,17.45,8.24,19.2,442.06,6.14,7.53,72.0,48.0,True,True,26.82,5.36,32.18,2648.46,2.37,4.79,69.28,0.641,107.08,0,0,0,177.44,7.39,1126.43,1.5,6.616,0.95,0.705
BGW-12,Baghewala-12 (pad C),2024-03-28T00:00:00,3,production,45.82,13.07,970.85,17.86,8.47,20.09,448.72,6.232,7.16,72.0,48.0,True,True,29.64,5.93,35.57,2678.1,2.49,6.03,64.54,0.635,110.25,0,0,0,205.86,8.58,1146.51,1.5,6.945,0.95,0.727
BGW-12,Baghewala-12 (pad C),2024-03-29T00:00:00,3,production,45.76,12.47,947.75,17.91,8.57,21.9,433.25,6.017,7.95,72.0,48.0,True,True,23.99,4.8,28.78,2702.09,2.26,5.81,58.36,0.669,104.35,0,0,0,183.96,7.67,1105.21,1.5,7.67,0.95,0.703
BGW-12,Baghewala-12 (pad C),2024-03-30T00:00:00,4,production,44.28,11.71,1092.02,17.62,8.84,20.91,475.71,6.607,6.92,72.0,48.0,True,True,28.97,5.79,34.76,2731.05,2.48,5.49,67.64,0.591,111.4,0,0,0,192.21,8.01,1212.34,1.5,6.636,0.95,0.713
BGW-12,Baghewala-12 (pad C),2024-03-31T00:00:00,4,injection,45.13,12.68,928.6,18.04,8.45,20.36,451.23,6.84,7.2,65.97,36.25,False,False,29.12,5.82,34.94,2760.17,2.35,4.34,62.09,0.744,102.11,0,0,0,179.84,7.49,1149.65,1.5,6.176,0.934,0.634
BGW-12,Baghewala-12 (pad C),2024-04-01T00:00:00,4,injection,46.17,12.63,921.07,17.99,8.49,17.87,429.57,6.985,7.24,61.5,56.71,False,False,32.02,6.4,38.42,2792.19,2.29,4.51,68.61,0.708,104.85,0,0,0,186.88,7.79,1096.35,1.5,5.836,0.938,0.692
BGW-12,Baghewala-12 (pad C),2024-04-02T00:00:00,4,injection,47.13,12.67,899.78,17.82,8.35,20.25,473.3,7.916,7.64,59.79,49.43,False,False,29.72,5.94,35.66,2821.91,2.21,4.14,62.56,0.765,97.32,0,0,0,184.02,7.67,1205.32,1.5,6.192,0.874,0.604
BGW-12,Baghewala-12 (pad C),2024-04-03T00:00:00,4,soak,47.05,12.49,809.03,18.36,8.04,20.74,450.0,6.25,7.45,72.0,48.0,False,False,23.33,4.67,28.0,2845.25,2.41,4.0,62.47,0.815,99.66,0,0,0,188.03,7.83,1147.56,1.674,8.058,0.772,0.582
BGW-12,Baghewala-12 (pad C),2024-04-04T00:00:00,4,soak,46.97,12.79,894.29,17.93,8.38,17.88,450.0,6.25,7.22,72.0,48.0,False,False,30.63,6.13,36.75,2875.87,2.64,4.0,71.36,0.796,100.64,0,0,0,187.84,7.83,1147.54,1.5,6.133,0.884,0.629
BGW-12,Baghewala-12 (pad C),2024-04-05T00:00:00,4,soak,46.91,12.84,866.14,18.06,8.56,18.12,450.0,6.25,8.11,72.0,48.0,False,False,25.99,5.2,31.18,2901.86,2.26,4.0,66.18,0.736,99.38,0,0,0,179.27,7.47,1146.51,1.5,6.898,0.842,0.612
BGW-12,Baghewala-12 (pad C),2024-04-06T00:00:00,4,production,46.76,12.49,718.43,18.69,8.16,18.88,457.37,6.352,7.99,72.0,48.0,True,False,30.98,6.2,37.18,2932.84,2.42,5.34,62.07,0.78,94.41,0,0,0,181.68,7.57,1165.23,1.5,5.864,0.633,0.446
BGW-12,Baghewala-12 (pad C),2024-04-07T00:00:00,4,production,46.68,12.74,852.38,18.16,8.85,19.24,450.0,6.25,7.94,72.0,48.0,True,False,31.25,6.25,37.5,2964.1,2.4,5.45,60.09,0.709,103.76,0,0,0,198.52,8.27,1148.83,1.5,6.352,0.847,0.617
BGW-12,Baghewala-12 (pad C),2024-04-08T00:00:00,4,production,46.61,12.42,1010.81,17.59,8.69,19.36,439.13,6.099,6.86,72.0,48.0,True,False,31.14,6.23,37.36,2995.23,2.44,5.29,61.17,0.647,111.74,0,0,0,186.97,7.79,1120.26,1.5,6.005,0.95,0.752
BGW-12,Baghewala-12 (pad C),2024-04-09T00:00:00,4,production,46.6,12.47,912.9,17.91,8.48,19.07,465.03,6.459,8.03,72.0,48.0,True,False,34.34,6.87,41.21,3029.57,2.51,5.68,67.07,0.687,104.34,0,0,0,193.28,8.05,1185.77,1.5,5.628,0.925,0.692
BGW-12,Baghewala-12 (pad C),2024-04-10T00:00:00,4,production,46.52,12.55,864.24,18.14,8.72,20.83,443.01,6.153,8.29,72.0,48.0,True,False,33.05,6.61,39.66,3062.62,2.29,5.68,77.79,0.716,104.29,0,0,0,188.59,7.86,1130.14,1.5,5.706,0.864,0.635
BGW-12,Baghewala-12 (pad C),2024-04-11T00:00:00,4,production,46.41,12.57,883.88,18.13,8.57,19.4,448.73,6.232,7.51,72.0,48.0,True,False,27.63,5.53,33.16,3090.25,2.46,5.45,70.97,0.714,102.56,0,0,0,196.97,8.21,1145.46,1.5,7.129,0.88,0.622
BGW-12,Baghewala-12 (pad C),2024-04-12T00:00:00,4,production,46.31,12.73,891.86,18.1,8.44,19.96,440.38,6.116,8.12,72.0,48.0,True,False,30.21,6.04,36.26,3120.46,2.45,6.04,61.52,0.662,106.78,0,1,0,197.91,8.25,1124.7,1.5,6.55,0.911,0.698
BGW-12,Baghewala-12 (pad C),2024-04-13T00:00:00,4,production,46.21,12.26,995.3,17.57,8.71,21.91,468.6,6.508,7.81,72.0,48.0,True,False,22.8,4.56,27.36,3143.26,2.15,5.16,62.39,0.65,105.85,0,0,0,191.31,7.97,1194.45,1.5,8.392,0.95,0.72
BGW-12,Baghewala-12 (pad C),2024-04-14T00:00:00,4,production,46.13,12.52,955.13,17.91,8.35,19.14,440.8,6.122,6.71,72.0,48.0,True,False,34.87,6.97,41.85,3178.13,2.37,5.93,67.34,0.617,106.3,0,1,0,204.83,8.53,1126.58,1.5,5.874,0.95,0.667
BGW-12,Baghewala-12 (pad C),2024-04-15T00:00:00,4,production,46.11,12.12,882.39,18.13,8.62,20.87,443.34,6.158,7.32,72.0,48.0,True,False,28.04,5.61,33.65,3206.17,2.49,5.55,64.25,0.698,104.25,0,0,0,186.88,7.79,1130.79,1.5,6.665,0.887,0.605
BGW-12,Baghewala-12 (pad C),2024-04-16T00:00:00,4,production,46.03,12.26,1006.24,17.62,8.96,20.29,427.02,5.931,7.02,72.0,48.0,True,False,28.57,5.71,34.29,3234.74,2.4,6.19,70.87,0.609,110.5,0,0,0,193.31,8.05,1090.75,1.598,6.766,0.95,0.703
BGW-12,Baghewala-12 (pad C),2024-04-17T00:00:00,4,production,45.97,12.39,754.71,18.69,8.52,21.27,464.78,6.455,7.9,72.0,48.0,True,False,29.84,5.97,35.8,3264.58,2.35,5.51,73.19,0.797,95.44,0,0,0,203.26,8.47,1186.34,1.5,6.813,0.683,0.48
BGW-12,Baghewala-12 (pad C),2024-04-18T00:00:00,4,production,45.92,12.95,986.62,17.68,8.63,21.35,467.1,6.488,7.1,72.0,48.0,True,False,30.05,6.01,36.06,3294.63,2.45,5.56,68.52,0.621,112.41,0,0,0,184.36,7.68,1189.87,1.5,6.135,0.95,0.739
BGW-12,Baghewala-12 (pad C),2024-04-19T00:00:00,4,production,45.94,12.7,977.32,17.83,8.57,21.46,453.96,6.305,7.86,72.0,48.0,True,False,23.84,4.77,28.61,3318.47,2.33,4.13,66.34,0.677,104.31,0,0,0,192.15,8.01,1157.95,1.527,8.059,0.95,0.704
BGW-12,Baghewala-12 (pad C),2024-04-20T00:00:00,4,production,45.9,12.56,816.31,18.4,8.6,21.1,454.96,6.319,8.11,72.0,48.0,True,False,27.48,5.5,32.97,3345.95,2.3,4.92,68.74,0.763,100.73,0,0,0,196.19,8.17,1160.95,1.5,7.14,0.787,0.565
BGW-12,Baghewala-12 (pad C),2024-04-21T00:00:00,4,production,45.82,12.49,883.08,18.31,8.76,20.29,452.27,6.282,7.23,72.0,48.0,True,False,24.9,4.98,29.88,3370.85,2.45,5.03,64.83,0.726,104.16,0,0,0,194.57,8.11,1154.02,1.5,7.815,0.887,0.651
BGW-12,Baghewala-12 (pad C),2024-04-22T00:00:00,4,production,45.67,12.63,963.42,17.84,8.49,20.72,454.86,6.317,7.58,72.0,48.0,True,False,27.47,5.49,32.96,3398.32,2.43,5.38,65.96,0.622,104.8,0,0,0,196.63,8.19,1160.74,1.5,7.159,0.95,0.674
BGW-12,Baghewala-12 (pad C),2024-04-23T00:00:00,4,production,45.67,12.62,907.09,18.15,8.16,20.44,450.92,6.263,7.79,72.0,48.0,True,False,32.88,6.58,39.45,3431.19,2.39,5.12,65.11,0.681,102.01,0,0,0,198.82,8.28,1151.15,1.5,6.048,0.906,0.612
BGW-12,Baghewala-12 (pad C),2024-04-24T00:00:00,4,production,45.58,12.38,948.95,17.89,8.53,21.3,442.09,6.14,8.05,72.0,48.0,True,False,29.52,5.9,35.42,3460.71,2.3,6.25,62.89,0.645,106.53,0,0,0,197.85,8.24,1128.96,1.5,6.703,0.95,0.721
BGW-12,Baghewala-12 (pad C),2024-04-25T00:00:00,4,production,45.5,12.96,789.14,18.67,8.17,19.86,451.04,6.264,8.09,72.0,48.0,True,True,24.84,4.97,29.8,3485.55,2.52,5.35,55.36,0.765,99.58,0,0,0,202.71,8.45,1151.92,1.5,8.162,0.747,0.518
BGW-12,Baghewala-12 (pad C),2024-04-26T00:00:00,4,production,45.52,13.16,995.57,17.76,8.66,20.67,436.16,6.058,8.2,72.0,48.0,True,True,32.64,6.53,39.16,3518.18,2.5,5.23,69.17,0.678,107.78,0,0,0,187.38,7.81,1112.89,1.5,5.741,0.95,0.731
BGW-12,Baghewala-12 (pad C),2024-04-27T00:00:00,4,production,45.43,12.65,888.04,18.26,8.33,20.44,444.23,6.17,7.69,72.0,48.0,True,True,26.41,5.28,31.69,3544.59,2.3,5.56,72.28,0.708,101.5,0,0,0,198.93,8.29,1134.45,1.5,7.533,0.88,0.614
BGW-12,Baghewala-12 (pad C),2024-04-28T00:00:00,4,production,45.37,13.02,914.43,18.17,8.18,19.93,466.51,6.479,7.41,72.0,48.0,True,True,25.59,5.12,30.7,3570.17,2.41,6.11,64.64,0.668,109.04,0,0,0,207.34,8.64,1191.16,1.5,8.104,0.95,0.693
BGW-12,Baghewala-12 (pad C),2024-04-29T00:00:00,5,production,44.0,12.61,1034.31,17.88,8.61,20.96,493.76,6.858,7.22,72.0,48.0,True,True,29.07,5.81,34.88,3599.24,2.48,5.4,60.33,0.638,112.59,0,0,0,198.73,8.28,1258.25,1.5,6.837,0.95,0.728
BGW-12,Baghewala-12 (pad C),2024-04-30T00:00:00,5,injection,45.09,11.9,868.49,18.38,8.58,20.9,443.64,7.342,7.2,60.43,52.38,False,False,27.61,5.52,33.13,3626.85,2.28,4.28,62.7,0.745,98.04,0,0,0,192.53,8.02,1132.2,1.5,6.973,0.838,0.536
BGW-12,Baghewala-12 (pad C),2024-05-01T00:00:00,5,injection,46.26,13.17,983.38,17.58,8.82,21.69,488.15,7.327,8.09,66.62,48.66,False,False,28.81,5.76,34.57,3655.66,2.4,4.49,64.13,0.694,102.46,1,1,0,189.06,7.88,1243.06,1.5,6.563,0.95,0.643
BGW-12,Baghewala-12 (pad C),2024-05-02T00:00:00,5,injection,47.24,12.38,830.72,18.2,8.42,20.42,420.3,5.292,7.64,79.42,54.91,False,False,25.37,5.07,30.45,3681.03,2.57,4.93,55.04,0.752,97.2,0,0,0,188.72,7.86,1073.39,1.5,7.437,0.787,0.532
BGW-12,Baghewala-12 (pad C),2024-05-03T00:00:00,5,soak,47.15,12.4,895.36,17.86,8.23,21.2,450.0,6.25,7.85,72.0,48.0,False,False,33.38,6.68,40.06,3714.42,2.4,4.0,65.84,0.734,99.28,0,0,0,180.91,7.54,1146.71,1.5,5.419,0.878,0.627
BGW-12,Baghewala-12 (pad C),2024-05-04T00:00:00,5,soak,47.05,12.33,935.22,17.7,8.36,18.93,450.0,6.25,6.97,72.0,48.0,False,False,24.06,4.81,28.87,3738.48,2.3,4.0,60.61,0.726,100.96,0,0,0,180.85,7.54,1146.7,1.627,7.516,0.936,0.71
BGW-12,Baghewala-12 (pad C),2024-05-05T00:00:00,5,soak,47.01,11.92,935.74,17.69,8.43,20.76,450.0,6.25,7.88,72.0,48.0,False,False,27.57,5.51,33.09,3766.05,2.6,4.0,51.62,0.734,108.54,0,0,0,189.63,7.9,1147.76,1.5,6.877,0.95,0.706
BGW-12,Baghewala-12 (pad C),2024-05-06T00:00:00,5,production,46.97,12.74,860.64,17.99,8.22,22.1,458.13,6.363,7.6,72.0,48.0,True,False,27.85,5.57,33.42,3793.9,2.34,6.04,62.06,0.662,103.93,0,0,0,196.94,8.21,1168.97,1.5,7.072,0.858,0.609
BGW-12,Baghewala-12 (pad C),2024-05-07T00:00:00,5,production,46.91,12.44,940.3,17.66,8.3,20.77,433.39,6.019,6.85,72.0,48.0,True,False,27.49,5.5,32.99,3821.39,2.35,5.47,76.09,0.663,106.03,0,0,0,196.69,8.2,1107.07,1.5,7.154,0.95,0.724
BGW-12,Baghewala-12 (pad C),2024-05-08T00:00:00,5,production,46.86,12.75,878.39,17.99,8.5,20.88,431.66,5.995,7.65,72.0,48.0,True,False,29.03,5.81,34.84,3850.42,2.26,6.11,58.82,0.698,107.22,0,0,0,199.7,8.32,1103.12,1.5,6.879,0.897,0.681
BGW-12,Baghewala-12 (pad C),2024-05-09T00:00:00,5,production,46.81,12.47,973.56,17.62,8.5,21.19,442.85,6.151,7.28,72.0,48.0,True,False,26.38,5.28,31.65,3876.8,2.28,5.15,65.26,0.644,105.1,0,0,0,192.98,8.04,1130.29,1.5,7.316,0.95,0.708
BGW-12,Baghewala-12 (pad C),2024-05-10T00:00:00,5,production,46.63,12.64,937.9,17.85,8.43,21.03,469.9,6.526,7.32,72.0,48.0,True,False,24.73,4.95,29.68,3901.53,2.58,4.9,69.04,0.7,104.55,0,0,0,184.15,7.67,1196.85,1.5,7.446,0.95,0.661
BGW-12,Baghewala-12 (pad C),2024-05-11T00:00:00,5,production,46.56,12.51,845.11,18.13,8.23,21.55,461.14,6.405,7.61,72.0,48.0,True,False,30.3,6.06,36.36,3931.83,2.42,5.39,69.37,0.702,102.89,0,0,0,194.79,8.12,1176.22,1.5,6.43,0.833,0.62
BGW-12,Baghewala-12 (pad C),2024-05-12T00:00:00,5,production,46.51,13.08,837.47,18.26,8.54,21.61,421.01,5.847,8.04,72.0,48.0,True,False,30.63,6.13,36.75,3962.45,2.36,6.33,62.39,0.656,100.35,0,0,0,194.86,8.12,1075.91,1.5,6.363,0.811,0.59
BGW-12,Baghewala-12 (pad C),2024-05-13T00:00:00,5,production,46.43,12.61,791.28,18.45,8.33,21.77,493.52,6.854,6.76,72.0,48.0,True,False,31.82,6.36,38.19,3994.28,2.35,5.33,68.42,0.737,101.11,0,0,0,197.63,8.23,1257.52,1.5,6.21,0.757,0.564
BGW-12,Baghewala-12 (pad C),2024-05-14T00:00:00,5,production,46.35,12.83,985.17,17.6,8.42,21.71,445.49,6.187,7.3,72.0,48.0,True,False,27.6,5.52,33.12,4021.88,2.14,6.07,62.68,0.63,107.6,0,0,0,207.85,8.66,1138.67,1.5,7.53,0.95,0.726
BGW-12,Baghewala-12 (pad C),2024-05-15T00:00:00,5,production,46.26,13.15,888.28,18.05,8.68,22.32,444.33,6.171,7.23,72.0,48.0,True,False,27.78,5.56,33.34,4049.66,2.4,5.7,62.79,0.677,105.94,0,0,0,196.12,8.17,1134.37,1.5,7.059,0.903,0.647
BGW-12,Baghewala-12 (pad C),2024-05-16T00:00:00,5,production,46.22,12.73,991.15,17.79,8.59,21.54,437.31,6.074,8.0,72.0,48.0,True,False,32.12,6.42,38.54,4081.78,2.45,5.1,63.71,0.641,106.3,0,0,0,189.69,7.9,1116.03,1.5,5.906,0.95,0.693
BGW-12,Baghewala-12 (pad C),2024-05-17T00:00:00,5,production,46.13,12.7,930.69,17.96,8.63,22.55,441.13,6.127,7.49,72.0,48.0,True,False,36.32,7.26,43.58,4118.1,2.46,5.78,66.01,0.634,108.69,0,1,0,194.62,8.11,1126.19,1.5,5.359,0.95,0.739
BGW-12,Baghewala-12 (pad C),2024-05-18T00:00:00,5,production,46.02,12.66,737.56,18.75,8.38,22.54,461.56,6.411,7.21,72.0,48.0,True,False,31.22,6.24,37.46,4149.32,2.35,5.52,63.53,0.729,96.22,0,0,0,197.2,8.22,1177.56,1.5,6.317,0.666,0.47
BGW-12,Baghewala-12 (pad C),2024-05-19T00:00:00,5,production,45.96,11.91,821.04,18.31,8.79,24.0,435.75,6.052,7.16,72.0,48.0,True,False,31.0,6.2,37.2,4180.31,2.61,4.98,71.81,0.723,105.71,0,0,0,199.83,8.33,1113.35,1.5,6.446,0.817,0.599
BGW-12,Baghewala-12 (pad C),2024-05-20T00:00:00,5,production,45.83,12.16,924.56,18.06,8.38,21.04,429.95,5.972,7.41,72.0,48.0,True,False,30.55,6.11,36.66,4210.86,2.35,5.91,71.31,0.673,105.84,0,0,0,198.66,8.28,1098.73,1.5,6.504,0.947,0.69
BGW-12,Baghewala-12 (pad C),2024-05-21T00:00:00,5,production,45.77,13.23,932.61,17.96,8.38,21.7,458.29,6.365,7.46,72.0,48.0,True,False,28.32,5.66,33.99,4239.18,2.51,5.87,66.1,0.637,105.35,0,0,0,197.3,8.22,1169.4,1.5,6.966,0.95,0.688
BGW-12,Baghewala-12 (pad C),2024-05-22T00:00:00,5,production,45.62,12.43,870.83,18.29,8.88,21.34,418.8,5.817,7.76,72.0,48.0,True,False,28.59,5.72,34.3,4267.77,2.24,5.64,66.99,0.697,97.51,0,0,0,196.62,8.19,1070.6,1.5,6.878,0.839,0.594
BGW-12,Baghewala-12 (pad C),2024-05-23T00:00:00,5,production,45.57,12.63,892.69,18.14,8.77,21.51,469.69,6.523,7.13,72.0,48.0,True,False,30.83,6.17,36.99,4298.6,2.57,5.5,56.6,0.716,105.9,0,0,0,183.69,7.65,1196.27,1.5,5.959,0.908,0.666
BGW-12,Baghewala-12 (pad C),2024-05-24T00:00:00,5,production,45.55,12.54,875.76,18.28,8.85,21.56,470.55,6.535,7.33,72.0,48.0,True,False,24.84,4.97,29.81,4323.44,2.28,5.77,64.19,0.689,102.7,0,0,0,193.56,8.07,1199.59,1.551,7.791,0.871,0.641
BGW-12,Baghewala-12 (pad C),2024-05-25T00:00:00,5,production,45.55,12.77,897.05,18.1,8.58,22.61,399.42,5.548,7.57,72.0,48.0,True,True,32.25,6.45,38.7,4355.69,2.42,5.48,72.31,0.676,105.52,0,0,0,189.63,7.9,1021.31,1.5,5.881,0.911,0.689
BGW-12,Baghewala-12 (pad C),2024-05-26T00:00:00,5,production,45.49,12.88,1019.4,17.56,8.46,23.09,461.01,6.403,8.06,72.0,48.0,True,True,28.58,5.72,34.3,4384.27,2.39,4.76,66.41,0.685,106.97,0,0,0,187.78,7.82,1175.06,1.5,6.569,0.95,0.683
BGW-12,Baghewala-12 (pad C),2024-05-27T00:00:00,5,production,45.51,12.69,1023.45,17.54,8.56,22.14,403.61,5.606,7.48,72.0,48.0,True,True,25.53,5.11,30.64,4409.8,2.3,4.76,57.39,0.68,108.95,0,0,0,187.29,7.8,1031.51,1.5,7.335,0.95,0.678
BGW-12,Baghewala-12 (pad C),2024-05-28T00:00:00,5,production,45.44,12.52,941.06,18.11,8.79,23.14,459.71,6.385,6.79,72.0,48.0,True,True,28.46,5.69,34.15,4438.26,2.37,5.47,59.24,0.647,103.45,0,0,0,192.11,8.0,1172.33,1.643,6.75,0.95,0.666
BGW-12,Baghewala-12 (pad C),2024-05-29T00:00:00,6,production,44.0,11.94,1033.84,17.93,8.38,23.39,424.69,5.899,7.54,72.0,48.0,True,True,26.63,5.33,31.95,4464.89,2.33,4.91,63.45,0.651,107.68,0,0,0,178.71,7.45,1083.18,1.5,6.712,0.95,0.719
BGW-12,Baghewala-12 (pad C),2024-05-30T00:00:00,6,injection,45.06,12.68,1012.18,17.82,8.64,21.63,424.27,5.147,6.39,82.42,36.15,False,False,29.11,5.82,34.94,4494.0,2.45,4.2,67.02,0.67,108.08,0,0,0,179.67,7.49,1082.24,1.5,6.171,0.95,0.687
BGW-12,Baghewala-12 (pad C),2024-05-31T00:00:00,6,injection,46.05,12.5,864.78,18.23,8.54,22.61,441.61,6.101,7.63,72.39,55.12,False,False,29.17,5.83,35.01,4523.18,2.15,4.62,59.61,0.755,97.44,0,0,0,184.33,7.68,1126.15,1.5,6.319,0.831,0.578
BGW-12,Baghewala-12 (pad C),2024-06-01T00:00:00,6,injection,47.07,12.32,907.3,17.91,8.6,22.66,401.76,6.571,8.71,61.14,55.61,False,False,29.01,5.8,34.81,4552.19,2.53,4.22,70.95,0.712,106.36,0,0,0,178.35,7.43,1025.81,1.5,6.148,0.928,0.67
BGW-12,Baghewala-12 (pad C),2024-06-02T00:00:00,6,soak,47.04,12.93,901.67,17.82,8.72,23.43,450.0,6.25,7.47,72.0,48.0,False,False,29.94,5.99,35.93,4582.12,2.49,4.0,61.82,0.722,102.24,0,0,0,189.44,7.89,1147.73,1.5,6.328,0.901,0.644
BGW-12,Baghewala-12 (pad C),2024-06-03T00:00:00,6,soak,47.01,12.51,927.07,17.78,8.79,23.63,450.0,6.25,7.61,72.0,48.0,False,False,31.17,6.23,37.41,4613.3,2.43,4.0,62.47,0.742,101.19,0,0,0,172.8,7.2,1145.74,1.5,5.543,0.927,0.638
BGW-12,Baghewala-12 (pad C),2024-06-04T00:00:00,6,soak,46.87,12.18,868.22,18.09,8.4,21.49,450.0,6.25,7.46,72.0,48.0,False,False,33.5,6.7,40.2,4646.79,2.45,4.0,60.28,0.743,101.04,0,0,0,185.35,7.72,1147.24,1.5,5.534,0.853,0.596
BGW-12,Baghewala-12 (pad C),2024-06-05T00:00:00,6,production,46.75,13.1,896.71,17.87,8.77,24.42,439.94,6.11,7.59,72.0,48.0,True,False,24.47,4.89,29.36,4671.26,2.25,6.07,63.41,0.671,104.93,0,0,0,194.93,8.12,1123.24,1.5,7.966,0.908,0.673
BGW-12,Baghewala-12 (pad C),2024-06-06T00:00:00,6,production,46.7,12.4,931.48,17.82,8.42,24.02,399.24,5.545,7.03,72.0,48.0,True,False,25.44,5.09,30.53,4696.7,2.2,5.33,65.5,0.69,104.27,0,0,0,193.95,8.08,1021.38,1.5,7.624,0.948,0.677
BGW-12,Baghewala-12 (pad C),2024-06-07T00:00:00,6,production,46.64,12.67,909.72,17.87,8.7,23.17,456.86,6.345,7.24,72.0,48.0,True,False,29.5,5.9,35.4,4726.21,2.34,5.44,65.88,0.711,102.87,0,0,0,194.98,8.12,1165.54,1.5,6.609,0.914,0.669
BGW-12,Baghewala-12 (pad C),2024-06-08T00:00:00,6,production,46.57,12.82,904.94,17.84,8.64,23.26,450.33,6.255,7.84,72.0,48.0,True,False,29.37,5.87,35.24,4755.57,2.18,4.23,63.08,0.748,99.17,0,0,0,181.42,7.56,1147.61,1.5,6.178,0.89,0.611
BGW-12,Baghewala-12 (pad C),2024-06-09T00:00:00,6,production,46.5,13.39,806.07,18.33,8.51,22.91,415.6,5.772,7.39,72.0,48.0,True,False,27.41,5.48,32.89,4782.98,2.33,5.12,61.54,0.73,102.13,0,0,0,190.63,7.94,1061.88,1.5,6.955,0.781,0.564
BGW-12,Baghewala-12 (pad C),2024-06-10T00:00:00,6,production,46.44,12.47,1030.62,17.58,8.29,23.58,465.23,6.461,7.53,72.0,48.0,True,False,30.58,6.12,36.69,4813.55,2.44,5.55,59.93,0.63,110.24,0,0,0,187.27,7.8,1185.54,1.5,6.125,0.95,0.705
BGW-12,Baghewala-12 (pad C),2024-06-11T00:00:00,6,production,46.39,12.41,857.98,18.3,8.57,22.62,457.14,6.349,7.47,72.0,48.0,True,False,31.85,6.37,38.22,4845.41,2.42,5.46,67.76,0.719,102.95,0,0,0,198.19,8.26,1166.62,1.5,6.222,0.85,0.642
BGW-12,Baghewala-12 (pad C),2024-06-12T00:00:00,6,production,46.26,12.72,889.25,18.1,8.35,22.02,466.31,6.477,7.62,72.0,48.0,True,False,27.87,5.57,33.45,4873.28,2.27,5.56,73.65,0.691,102.49,1,0,0,194.24,8.09,1189.09,1.5,6.968,0.886,0.648
BGW-12,Baghewala-12 (pad C),2024-06-13T00:00:00,6,production,46.21,12.41,959.72,17.84,8.57,21.29,455.91,6.332,7.45,72.0,48.0,True,False,35.29,7.06,42.35,4908.57,2.4,5.81,71.5,0.617,109.4,0,0,0,197.75,8.24,1163.51,1.5,5.604,0.95,0.722
BGW-12,Baghewala-12 (pad C),2024-06-14T00:00:00,6,production,46.19,12.94,969.11,17.71,8.36,23.87,457.01,6.347,7.72,72.0,48.0,True,False,26.85,5.37,32.22,4935.42,2.43,5.49,61.17,0.674,109.64,0,0,0,198.65,8.28,1166.36,1.5,7.399,0.95,0.697
BGW-12,Baghewala-12 (pad C),2024-06-15T00:00:00,6,production,46.1,12.68,893.76,18.01,8.54,24.81,470.49,6.535,7.23,72.0,48.0,True,False,23.54,4.71,28.24,4958.96,2.45,5.01,54.42,0.695,101.11,0,0,0,187.52,7.81,1198.73,1.66,7.967,0.885,0.655
BGW-12,Baghewala-12 (pad C),2024-06-16T00:00:00,6,production,46.07,12.16,900.53,18.06,8.37,23.13,492.85,6.845,7.19,72.0,48.0,True,False,32.45,6.49,38.94,4991.41,2.46,5.78,73.65,0.643,104.12,0,0,0,195.15,8.13,1255.55,1.5,6.013,0.909,0.685
BGW-12,Baghewala-12 (pad C),2024-06-17T00:00:00,6,production,46.0,12.24,838.48,18.22,8.5,25.26,446.46,6.201,7.58,72.0,48.0,True,False,32.79,6.56,39.34,5024.19,2.34,5.91,59.38,0.696,105.95,0,0,0,194.56,8.11,1139.49,1.5,5.934,0.84,0.617
BGW-12,Baghewala-12 (pad C),2024-06-18T00:00:00,6,production,45.99,12.62,957.3,17.84,8.22,23.32,417.34,5.796,8.57,72.0,48.0,True,False,28.21,5.64,33.85,5052.4,2.31,5.36,72.96,0.644,104.87,0,0,0,192.8,8.03,1066.5,1.5,6.835,0.95,0.657
BGW-12,Baghewala-12 (pad C),2024-06-19T00:00:00,6,production,45.88,12.34,910.18,18.11,8.61,22.14,407.62,5.661,7.73,72.0,48.0,True,False,32.42,6.48,38.9,5084.82,2.44,5.87,64.87,0.656,107.03,0,0,0,202.74,8.45,1043.39,1.5,6.254,0.935,0.693
BGW-12,Baghewala-12 (pad C),2024-06-20T00:00:00,6,production,45.8,12.6,829.27,18.4,8.89,23.15,447.24,6.212,7.25,72.0,48.0,True,False,26.94,5.39,32.32,5111.75,2.42,4.91,69.52,0.762,102.36,0,0,0,188.9,7.87,1140.77,1.5,7.013,0.811,0.595
BGW-12,Baghewala-12 (pad C),2024-06-21T00:00:00,6,production,45.79,12.36,860.24,18.28,8.13,23.29,429.08,5.959,7.24,72.0,48.0,True,False,28.06,5.61,33.68,5139.82,2.29,6.6,58.56,0.673,104.09,0,0,0,204.87,8.54,1097.29,1.5,7.3,0.864,0.637
BGW-12,Baghewala-12 (pad C),2024-06-22T00:00:00,6,production,45.72,12.63,948.91,17.97,8.67,24.46,435.75,6.052,7.69,72.0,48.0,True,False,32.66,6.53,39.19,5172.48,2.47,5.69,64.6,0.639,110.46,0,0,0,196.23,8.18,1112.92,1.5,6.008,0.95,0.747
BGW-12,Baghewala-12 (pad C),2024-06-23T00:00:00,6,production,45.66,12.68,1019.74,17.68,8.24,22.31,421.7,5.857,7.61,72.0,48.0,True,False,25.44,5.09,30.53,5197.92,2.38,5.24,70.81,0.682,105.62,0,0,0,193.61,8.07,1077.48,1.5,7.61,0.95,0.667
BGW-12,Baghewala-12 (pad C),2024-06-24T00:00:00,6,production,45.64,12.94,945.9,17.89,8.48,23.82,459.42,6.381,7.65,72.0,48.0,True,True,28.98,5.8,34.78,5226.91,2.42,6.04,54.93,0.654,107.46,0,0,0,195.06,8.13,1171.96,1.5,6.73,0.95,0.745
BGW-12,Baghewala-12 (pad C),2024-06-25T00:00:00,6,production,45.51,12.53,920.36,18.07,8.81,24.24,426.2,5.919,7.27,72.0,48.0,True,True,33.51,6.7,40.22,5260.42,2.32,5.56,57.61,0.695,105.43,0,0,0,192.02,8.0,1088.55,1.5,5.729,0.94,0.692
BGW-12,Baghewala-12 (pad C),2024-06-26T00:00:00,6,production,45.43,12.28,985.34,17.85,8.9,23.77,433.64,6.023,7.51,72.0,48.0,True,True,29.08,5.82,34.9,5289.5,2.43,6.76,62.67,0.587,113.23,0,0,0,204.82,8.53,1108.68,1.5,7.043,0.95,0.764
BGW-12,Baghewala-12 (pad C),2024-06-27T00:00:00,6,production,45.32,12.27,859.22,18.3,8.06,24.81,496.82,6.9,7.85,72.0,48.0,True,True,31.19,6.24,37.42,5320.69,2.58,6.55,66.09,0.643,102.83,0,0,0,216.88,9.04,1268.08,1.5,6.954,0.854,0.587
BGW-12,Baghewala-12 (pad C),2024-06-28T00:00:00,7,production,44.0,12.95,971.45,18.08,8.46,24.63,434.54,6.035,7.39,72.0,48.0,True,True,27.89,5.58,33.46,5348.58,2.41,5.29,67.74,0.674,109.44,0,0,0,197.94,8.25,1110.11,1.5,7.098,0.95,0.706
BGW-15,Baghewala-15 (pad C),2024-01-01T00:00:00,1,injection,48.19,12.53,893.92,17.7,8.64,15.77,413.7,4.642,6.91,89.13,50.02,False,False,28.25,5.65,33.9,28.25,2.44,4.35,67.44,0.717,103.49,0,0,0,186.47,7.77,1056.63,1.5,6.601,0.897,0.64
BGW-15,Baghewala-15 (pad C),2024-01-02T00:00:00,1,injection,49.53,12.55,883.46,17.58,8.25,13.33,436.11,7.175,7.74,60.78,47.6,False,False,32.42,6.48,38.9,60.66,2.53,4.48,58.4,0.704,99.04,0,0,0,186.16,7.76,1112.61,1.5,5.743,0.862,0.635
BGW-15,Baghewala-15 (pad C),2024-01-03T00:00:00,1,injection,50.89,12.62,718.0,18.01,8.51,15.04,453.58,5.969,6.93,76.0,40.3,False,False,31.12,6.22,37.35,91.79,2.47,4.49,62.66,0.81,92.06,0,1,0,182.33,7.6,1155.84,1.5,5.859,0.62,0.379
BGW-15,Baghewala-15 (pad C),2024-01-04T00:00:00,1,soak,50.81,12.37,735.42,18.01,8.63,15.7,450.0,6.25,7.06,72.0,48.0,False,False,37.14,7.43,44.56,128.92,2.39,4.0,59.77,0.833,92.85,0,0,0,174.39,7.27,1145.93,1.5,4.696,0.646,0.427
BGW-15,Baghewala-15 (pad C),2024-01-05T00:00:00,1,soak,50.73,12.59,679.31,18.51,8.27,15.34,450.0,6.25,8.63,72.0,48.0,False,False,39.13,7.83,46.96,168.06,2.44,4.0,63.36,0.891,91.22,0,0,0,173.63,7.23,1145.84,1.5,4.437,0.568,0.389
BGW-15,Baghewala-15 (pad C),2024-01-06T00:00:00,1,soak,50.61,12.76,695.89,18.35,8.38,16.85,450.0,6.25,8.21,72.0,48.0,False,False,40.1,8.02,48.12,208.15,2.25,4.0,65.83,0.882,91.49,0,0,0,182.32,7.6,1146.88,1.5,4.547,0.59,0.407
BGW-15,Baghewala-15 (pad C),2024-01-07T00:00:00,1,production,50.6,12.58,766.26,17.91,8.42,15.99,467.26,6.49,7.81,72.0,48.0,True,False,38.42,7.68,46.11,246.57,2.45,6.06,66.57,0.736,98.15,0,0,0,201.12,8.38,1192.29,1.5,5.235,0.711,0.453
BGW-15,Baghewala-15 (pad C),2024-01-08T00:00:00,1,production,50.57,12.29,750.21,17.85,8.41,14.4,456.15,6.335,7.64,72.0,48.0,True,False,41.32,8.26,49.59,287.89,2.37,5.84,69.83,0.761,97.24,0,0,0,186.89,7.79,1162.8,1.5,4.523,0.686,0.508
BGW-15,Baghewala-15 (pad C),2024-01-09T00:00:00,1,production,50.47,12.61,738.44,18.13,8.55,14.59,470.06,6.529,8.06,72.0,48.0,True,False,40.73,8.15,48.87,328.62,2.6,5.1,68.3,0.788,96.35,0,0,0,194.65,8.11,1198.51,1.5,4.779,0.667,0.481
BGW-15,Baghewala-15 (pad C),2024-01-10T00:00:00,1,production,50.41,12.78,696.95,18.22,8.56,15.13,481.62,6.689,7.19,72.0,48.0,True,False,35.62,7.12,42.75,364.25,2.36,5.54,70.33,0.801,96.79,0,0,0,189.14,7.88,1226.73,1.5,5.309,0.618,0.435
BGW-15,Baghewala-15 (pad C),2024-01-11T00:00:00,1,production,50.3,12.42,705.71,18.27,8.5,15.58,433.97,6.027,7.7,72.0,48.0,True,False,42.17,8.43,50.61,406.42,2.39,5.44,66.21,0.769,91.76,0,0,0,186.78,7.78,1107.35,1.5,4.429,0.603,0.412
BGW-15,Baghewala-15 (pad C),2024-01-12T00:00:00,1,production,50.26,12.36,711.59,18.27,8.72,14.66,447.5,6.215,7.68,72.0,48.0,True,False,40.7,8.14,48.84,447.12,2.31,5.65,72.85,0.756,95.82,0,0,0,194.87,8.12,1142.12,1.5,4.788,0.631,0.447
BGW-15,Baghewala-15 (pad C),2024-01-13T00:00:00,1,production,50.12,12.16,696.8,18.39,8.82,17.15,474.11,6.585,6.73,72.0,48.0,True,False,39.35,7.87,47.22,486.47,2.34,5.44,68.22,0.797,93.96,0,0,0,193.68,8.07,1208.51,1.5,4.922,0.603,0.429
BGW-15,Baghewala-15 (pad C),2024-01-14T00:00:00,1,production,50.04,12.16,762.66,17.85,8.38,15.12,421.13,5.849,8.13,72.0,48.0,True,False,32.37,6.47,38.84,518.84,2.57,5.29,62.44,0.741,98.53,0,0,0,186.68,7.78,1075.22,1.5,5.767,0.708,0.507
BGW-15,Baghewala-15 (pad C),2024-01-15T00:00:00,1,production,49.96,12.31,799.44,17.88,8.71,15.98,466.58,6.48,7.07,72.0,48.0,True,False,42.61,8.52,51.13,561.45,2.26,5.22,64.56,0.755,100.0,0,0,0,195.19,8.13,1189.87,1.5,4.581,0.762,0.507
BGW-15,Baghewala-15 (pad C),2024-01-16T00:00:00,1,production,49.92,12.17,635.6,18.68,8.38,14.77,432.7,6.01,7.39,72.0,48.0,True,False,39.16,7.83,46.99,600.62,2.28,5.5,62.79,0.809,91.34,0,0,0,189.09,7.88,1104.44,1.5,4.828,0.514,0.382
BGW-15,Baghewala-15 (pad C),2024-01-17T00:00:00,1,production,49.91,12.29,686.16,18.41,8.19,15.55,452.24,6.281,7.23,72.0,48.0,True,False,39.87,7.97,47.85,640.49,2.45,5.09,72.75,0.806,93.82,0,0,0,194.77,8.12,1153.96,1.5,4.885,0.589,0.42
BGW-15,Baghewala-15 (pad C),2024-01-18T00:00:00,1,production,49.78,12.84,708.91,18.29,8.55,16.12,468.57,6.508,7.51,72.0,48.0,True,False,36.2,7.24,43.44,676.68,2.32,5.96,68.2,0.77,98.84,0,0,0,196.43,8.18,1194.98,1.5,5.427,0.643,0.464
BGW-15,Baghewala-15 (pad C),2024-01-19T00:00:00,1,production,49.64,12.28,687.21,18.37,8.47,16.49,461.84,6.415,7.54,72.0,48.0,True,False,38.5,7.7,46.2,715.19,2.46,5.68,67.62,0.793,95.92,0,0,0,192.88,8.04,1177.76,1.5,5.009,0.601,0.405
BGW-15,Baghewala-15 (pad C),2024-01-20T00:00:00,1,production,49.53,12.67,706.94,18.45,8.44,13.51,441.44,6.131,7.79,72.0,48.0,True,False,40.11,8.02,48.13,755.3,2.53,6.16,66.71,0.76,98.49,0,0,0,190.95,7.96,1126.51,1.5,4.761,0.639,0.424
BGW-15,Baghewala-15 (pad C),2024-01-21T00:00:00,1,production,49.47,13.19,797.4,17.96,8.35,16.29,446.92,6.207,7.85,72.0,48.0,True,False,39.39,7.88,47.27,794.69,2.37,5.92,68.2,0.732,103.63,0,0,0,198.61,8.28,1141.13,1.5,5.042,0.777,0.595
BGW-15,Baghewala-15 (pad C),2024-01-22T00:00:00,1,production,49.36,12.25,784.8,18.04,8.59,16.76,451.77,6.275,8.12,72.0,48.0,True,False,32.62,6.52,39.15,827.31,2.51,4.86,63.8,0.76,98.1,0,0,0,183.0,7.63,1151.38,1.5,5.609,0.734,0.513
BGW-15,Baghewala-15 (pad C),2024-01-23T00:00:00,1,production,49.34,12.29,771.58,18.18,8.64,15.98,439.66,6.106,7.89,72.0,48.0,True,False,36.63,7.33,43.95,863.94,2.49,6.06,58.81,0.72,100.84,0,0,0,202.13,8.42,1123.4,1.5,5.519,0.731,0.525
BGW-15,Baghewala-15 (pad C),2024-01-24T00:00:00,1,production,49.24,12.71,830.48,17.79,8.97,16.62,441.31,6.129,8.45,72.0,48.0,True,False,30.97,6.19,37.16,894.91,2.57,5.68,63.82,0.711,102.18,0,0,0,193.65,8.07,1126.51,1.5,6.253,0.811,0.597
BGW-15,Baghewala-15 (pad C),2024-01-25T00:00:00,1,production,49.15,12.02,748.83,18.28,8.67,16.02,462.48,6.423,7.12,72.0,48.0,True,False,29.87,5.97,35.84,924.78,2.44,4.92,59.82,0.796,93.4,0,0,0,196.2,8.17,1179.76,1.5,6.569,0.666,0.438
BGW-15,Baghewala-15 (pad C),2024-01-26T00:00:00,1,production,49.07,12.92,872.39,17.64,8.62,15.93,423.93,5.888,7.75,72.0,48.0,True,True,32.78,6.56,39.33,957.56,2.4,5.83,66.02,0.687,101.33,0,0,0,190.12,7.92,1082.65,1.5,5.8,0.86,0.586
BGW-15,Baghewala-15 (pad C),2024-01-27T00:00:00,1,production,48.98,12.32,686.69,18.6,8.54,16.55,440.05,6.112,7.86,72.0,48.0,True,True,37.23,7.45,44.67,994.78,2.49,5.63,59.55,0.804,98.11,0,0,0,196.59,8.19,1123.71,1.5,5.281,0.611,0.452
BGW-15,Baghewala-15 (pad C),2024-01-28T00:00:00,1,production,48.93,12.3,697.7,18.43,8.55,16.31,451.84,6.276,8.01,72.0,48.0,True,True,35.35,7.07,42.42,1030.13,2.24,5.2,57.92,0.796,96.76,0,0,0,185.08,7.71,1151.82,1.5,5.236,0.618,0.481
BGW-15,Baghewala-15 (pad C),2024-01-29T00:00:00,1,production,48.82,11.93,880.75,17.63,8.17,15.62,446.8,6.206,8.33,72.0,48.0,True,True,27.87,5.57,33.44,1058.0,2.52,5.28,61.22,0.728,107.55,0,0,0,191.58,7.98,1139.99,1.5,6.874,0.901,0.649
BGW-15,Baghewala-15 (pad C),2024-01-30T00:00:00,2,production,47.17,12.8,763.28,18.53,8.68,16.38,433.43,6.02,7.71,72.0,48.0,True,True,31.78,6.36,38.13,1089.78,2.39,4.9,72.71,0.737,100.35,0,0,0,192.26,8.01,1106.65,1.5,6.051,0.718,0.533
BGW-15,Baghewala-15 (pad C),2024-01-31T00:00:00,2,injection,48.4,12.77,721.41,18.49,8.51,17.64,447.92,5.956,7.92,75.2,42.32,False,False,38.46,7.69,46.15,1128.24,2.48,4.86,69.08,0.796,97.9,0,0,0,189.61,7.9,1142.55,1.5,4.93,0.654,0.507
BGW-15,Baghewala-15 (pad C),2024-02-01T00:00:00,2,injection,49.72,12.77,815.85,17.82,8.64,16.95,426.41,6.405,7.24,66.58,44.19,False,False,33.66,6.73,40.39,1161.89,2.29,4.41,67.08,0.8,96.46,0,1,0,183.0,7.63,1087.98,1.5,5.437,0.765,0.541
BGW-15,Baghewala-15 (pad C),2024-02-02T00:00:00,2,injection,51.39,12.46,706.9,18.18,8.92,16.8,508.18,8.397,7.75,60.52,53.22,False,False,42.51,8.5,51.01,1204.4,2.29,4.58,60.31,0.816,96.13,0,0,0,193.15,8.05,1293.62,1.5,4.544,0.627,0.45
BGW-15,Baghewala-15 (pad C),2024-02-03T00:00:00,2,soak,51.29,12.46,798.87,17.59,8.19,17.71,450.0,6.25,7.99,72.0,48.0,False,False,34.92,6.98,41.9,1239.32,2.29,4.0,68.22,0.81,94.09,0,0,0,179.51,7.48,1146.54,1.5,5.141,0.732,0.517
BGW-15,Baghewala-15 (pad C),2024-02-04T00:00:00,2,soak,51.22,13.0,667.99,18.38,8.68,15.7,450.0,6.25,7.79,72.0,48.0,False,False,39.03,7.81,46.84,1278.35,2.43,4.0,66.85,0.879,91.01,0,0,0,184.79,7.7,1147.18,1.5,4.734,0.553,0.385
BGW-15,Baghewala-15 (pad C),2024-02-05T00:00:00,2,soak,51.12,12.88,752.49,17.89,8.53,17.76,450.0,6.25,8.27,72.0,48.0,False,False,33.43,6.69,40.11,1311.78,2.39,4.0,61.07,0.826,94.98,0,0,0,183.53,7.65,1147.02,1.5,5.49,0.678,0.465
BGW-15,Baghewala-15 (pad C),2024-02-06T00:00:00,2,production,51.05,12.62,778.58,17.77,8.74,16.52,447.28,6.212,7.19,72.0,48.0,True,False,36.52,7.3,43.82,1348.3,2.42,5.0,63.49,0.752,95.72,0,0,0,195.79,8.16,1141.69,1.5,5.361,0.714,0.501
BGW-15,Baghewala-15 (pad C),2024-02-07T00:00:00,2,production,51.0,12.16,774.28,17.84,8.37,17.14,430.19,5.975,7.39,72.0,48.0,True,False,35.43,7.09,42.52,1383.73,2.35,6.08,62.41,0.733,104.47,0,0,0,198.86,8.29,1099.33,1.5,5.612,0.753,0.545
BGW-15,Baghewala-15 (pad C),2024-02-08T00:00:00,2,production,50.98,12.41,684.86,18.07,8.8,16.19,449.57,6.244,7.59,72.0,48.0,True,False,37.43,7.49,44.91,1421.16,2.26,5.85,65.37,0.77,96.47,0,0,0,195.96,8.16,1147.44,1.5,5.236,0.601,0.451
BGW-15,Baghewala-15 (pad C),2024-02-09T00:00:00,2,production,50.9,12.44,765.81,17.86,8.48,16.43,437.22,6.073,7.15,72.0,48.0,True,False,33.9,6.78,40.68,1455.06,2.36,4.94,63.94,0.751,96.29,0,0,0,190.82,7.95,1115.96,1.5,5.629,0.701,0.485
BGW-15,Baghewala-15 (pad C),2024-02-10T00:00:00,2,production,50.83,12.47,779.03,17.78,8.85,16.87,462.58,6.425,7.34,72.0,48.0,True,False,35.26,7.05,42.31,1490.32,2.62,5.37,62.32,0.747,99.01,0,0,0,190.28,7.93,1179.29,1.5,5.397,0.731,0.543
BGW-15,Baghewala-15 (pad C),2024-02-11T00:00:00,2,production,50.69,12.39,750.68,18.03,8.66,16.17,430.54,5.98,7.83,72.0,48.0,True,False,41.36,8.27,49.64,1531.69,2.29,6.3,59.07,0.671,94.14,0,0,0,195.43,8.14,1099.8,1.5,4.725,0.672,0.445
BGW-15,Baghewala-15 (pad C),2024-02-12T00:00:00,2,production,50.59,12.26,763.29,17.83,8.59,17.6,437.49,6.076,7.69,72.0,48.0,True,False,41.27,8.25,49.53,1572.96,2.42,6.44,63.95,0.745,101.42,0,0,0,194.23,8.09,1117.04,1.5,4.706,0.724,0.561
BGW-15,Baghewala-15 (pad C),2024-02-13T00:00:00,2,production,50.55,12.48,682.46,18.32,8.49,16.83,475.23,6.6,7.48,72.0,48.0,True,False,41.63,8.33,49.96,1614.59,2.43,4.85,59.13,0.858,98.81,0,0,0,190.7,7.95,1210.95,1.5,4.581,0.61,0.445
BGW-15,Baghewala-15 (pad C),2024-02-14T00:00:00,2,production,50.47,12.57,676.98,18.37,8.29,18.62,469.89,6.526,7.86,72.0,48.0,True,False,42.28,8.46,50.74,1656.87,2.41,5.8,56.92,0.787,100.14,0,0,0,192.19,8.01,1197.79,1.5,4.545,0.609,0.476
BGW-15,Baghewala-15 (pad C),2024-02-15T00:00:00,2,production,50.42,12.86,726.52,18.19,8.63,18.45,453.89,6.304,8.4,72.0,48.0,True,False,38.04,7.61,45.64,1694.91,2.44,6.51,64.12,0.711,99.53,0,0,0,210.96,8.79,1160.03,1.5,5.546,0.669,0.485
BGW-15,Baghewala-15 (pad C),2024-02-16T00:00:00,2,production,50.39,12.73,720.39,18.19,8.33,19.23,449.15,6.238,7.72,72.0,48.0,True,False,38.66,7.73,46.39,1733.57,2.33,6.25,74.97,0.779,97.48,0,0,0,192.23,8.01,1145.94,1.5,4.972,0.65,0.518
BGW-15,Baghewala-15 (pad C),2024-02-17T00:00:00,2,production,50.26,12.25,660.87,18.47,8.58,16.62,438.7,6.093,7.49,72.0,48.0,True,False,39.95,7.99,47.94,1773.52,2.54,5.9,72.92,0.796,98.43,0,0,0,200.62,8.36,1120.81,1.5,5.022,0.581,0.425
BGW-15,Baghewala-15 (pad C),2024-02-18T00:00:00,2,production,50.1,12.8,849.51,17.54,8.65,17.18,395.35,5.491,7.03,72.0,48.0,True,False,34.68,6.94,41.62,1808.2,2.35,5.68,68.32,0.729,102.45,1,0,0,195.24,8.13,1011.81,1.5,5.63,0.837,0.607
BGW-15,Baghewala-15 (pad C),2024-02-19T00:00:00,2,production,49.94,12.72,765.81,18.03,8.55,17.44,456.97,6.347,7.29,72.0,48.0,True,False,36.25,7.25,43.5,1844.45,2.36,5.82,63.43,0.767,99.99,0,1,0,195.27,8.14,1165.85,1.5,5.386,0.72,0.536
BGW-15,Baghewala-15 (pad C),2024-02-20T00:00:00,2,production,49.89,12.22,790.48,17.87,8.4,18.19,429.99,5.972,8.01,72.0,48.0,True,False,36.98,7.4,44.38,1881.44,2.34,5.97,68.19,0.708,100.69,0,0,0,205.26,8.55,1099.62,1.5,5.55,0.754,0.572
BGW-15,Baghewala-15 (pad C),2024-02-21T00:00:00,2,production,49.79,12.72,710.7,18.22,8.42,17.31,437.42,6.075,7.89,72.0,48.0,True,False,37.62,7.52,45.14,1919.05,2.34,5.61,56.57,0.795,96.72,0,0,0,205.79,8.57,1118.24,1.5,5.471,0.634,0.437
BGW-15,Baghewala-15 (pad C),2024-02-22T00:00:00,2,production,49.71,11.97,723.51,18.24,8.27,18.23,426.76,5.927,6.94,72.0,48.0,True,False,40.26,8.05,48.32,1959.32,2.55,5.71,59.46,0.761,97.47,0,0,0,183.21,7.63,1088.89,1.5,4.55,0.654,0.483
BGW-15,Baghewala-15 (pad C),2024-02-23T00:00:00,2,production,49.58,12.19,811.94,17.88,8.64,16.39,464.22,6.447,7.48,72.0,48.0,True,False,39.11,7.82,46.93,1998.43,2.27,5.64,58.71,0.735,100.57,0,0,0,194.49,8.1,1183.88,1.5,4.973,0.78,0.587
BGW-15,Baghewala-15 (pad C),2024-02-24T00:00:00,2,production,49.5,12.87,695.97,18.5,8.41,16.6,450.69,6.26,7.8,72.0,48.0,True,False,36.92,7.38,44.3,2035.35,2.41,5.14,64.05,0.812,96.15,0,0,0,187.96,7.83,1149.29,1.5,5.091,0.613,0.463
BGW-15,Baghewala-15 (pad C),2024-02-25T00:00:00,2,production,49.44,12.63,680.65,18.52,8.56,17.92,431.58,5.994,6.61,72.0,48.0,True,True,35.3,7.06,42.36,2070.65,2.47,5.27,69.95,0.803,97.18,0,0,0,185.52,7.73,1101.21,1.5,5.255,0.599,0.42
BGW-15,Baghewala-15 (pad C),2024-02-26T00:00:00,2,production,49.37,13.19,657.09,18.64,8.46,16.33,467.78,6.497,7.5,72.0,48.0,True,True,36.36,7.27,43.63,2107.01,2.31,5.24,70.44,0.829,91.69,0,0,0,189.95,7.91,1192.25,1.5,5.224,0.542,0.386
BGW-15,Baghewala-15 (pad C),2024-02-27T00:00:00,2,production,49.28,12.36,774.72,17.95,8.57,16.59,432.69,6.01,7.86,72.0,48.0,True,True,38.35,7.67,46.02,2145.36,2.43,5.7,63.48,0.774,99.09,0,0,0,193.77,8.07,1104.97,1.5,5.053,0.726,0.521
BGW-15,Baghewala-15 (pad C),2024-02-28T00:00:00,2,production,49.22,12.4,684.94,18.5,8.5,18.75,457.09,6.348,7.66,72.0,48.0,True,True,32.8,6.56,39.37,2178.17,2.32,5.42,58.45,0.799,88.82,0,0,0,199.27,8.3,1166.63,1.5,6.074,0.563,0.366
BGW-15,Baghewala-15 (pad C),2024-02-29T00:00:00,3,production,47.66,11.77,788.94,18.3,8.31,18.77,445.8,6.192,7.98,72.0,48.0,True,True,38.58,7.72,46.29,2216.74,2.48,5.05,65.27,0.744,99.1,0,0,0,193.61,8.07,1137.73,1.5,5.019,0.744,0.539
BGW-15,Baghewala-15 (pad C),2024-03-01T00:00:00,3,injection,49.14,12.53,793.32,18.04,8.6,16.39,494.88,8.681,7.28,57.01,42.05,False,False,32.69,6.54,39.23,2249.44,2.45,4.04,65.69,0.829,95.8,0,0,0,186.93,7.79,1259.64,1.5,5.718,0.733,0.515
BGW-15,Baghewala-15 (pad C),2024-03-02T00:00:00,3,injection,50.4,12.62,833.49,17.58,8.37,17.63,477.49,6.929,7.44,68.92,46.29,False,False,32.63,6.53,39.16,2282.07,2.43,4.53,65.32,0.767,98.08,0,0,0,184.23,7.68,1215.84,1.5,5.646,0.795,0.534
BGW-15,Baghewala-15 (pad C),2024-03-03T00:00:00,3,injection,51.79,12.45,765.36,17.75,8.31,17.24,453.95,7.878,7.72,57.62,49.14,False,False,39.26,7.85,47.11,2321.32,2.49,4.28,63.06,0.76,95.27,0,0,0,191.2,7.97,1157.82,1.5,4.87,0.696,0.515
BGW-15,Baghewala-15 (pad C),2024-03-04T00:00:00,3,soak,51.66,12.74,704.49,17.98,8.4,17.5,450.0,6.25,7.55,72.0,48.0,False,False,39.86,7.97,47.84,2361.19,2.31,4.0,62.02,0.828,90.77,0,0,0,177.15,7.38,1146.26,1.5,4.444,0.597,0.431
BGW-15,Baghewala-15 (pad C),2024-03-05T00:00:00,3,soak,51.59,12.01,636.53,18.52,8.79,19.48,450.0,6.25,7.14,72.0,48.0,False,False,35.46,7.09,42.55,2396.65,2.37,4.0,67.0,0.896,91.52,0,0,0,190.08,7.92,1147.81,1.5,5.36,0.516,0.398
BGW-15,Baghewala-15 (pad C),2024-03-06T00:00:00,3,soak,51.52,12.28,748.89,17.8,8.23,19.59,450.0,6.25,6.96,72.0,48.0,False,False,33.11,6.62,39.73,2429.76,2.55,4.0,74.61,0.815,95.64,0,1,0,180.05,7.5,1146.61,1.5,5.438,0.677,0.463
BGW-15,Baghewala-15 (pad C),2024-03-07T00:00:00,3,production,51.41,12.52,792.64,17.58,8.43,19.7,435.41,6.047,7.15,72.0,48.0,True,False,32.94,6.59,39.53,2462.7,2.32,5.32,67.49,0.732,98.28,0,1,0,189.66,7.9,1111.27,1.5,5.758,0.745,0.528
BGW-15,Baghewala-15 (pad C),2024-03-08T00:00:00,3,production,51.32,12.38,713.72,18.08,8.75,17.34,460.75,6.399,7.05,72.0,48.0,True,False,37.54,7.51,45.05,2500.24,2.54,5.59,61.77,0.757,96.92,0,0,0,205.88,8.58,1176.58,1.5,5.484,0.639,0.447
BGW-15,Baghewala-15 (pad C),2024-03-09T00:00:00,3,production,51.28,12.42,684.14,18.3,8.88,20.53,436.93,6.068,7.31,72.0,48.0,True,False,32.58,6.52,39.1,2532.82,2.34,5.54,68.82,0.817,92.88,0,0,0,188.03,7.83,1114.88,1.5,5.771,0.582,0.417
BGW-15,Baghewala-15 (pad C),2024-03-10T00:00:00,3,production,51.18,12.46,642.72,18.48,8.66,18.29,440.47,6.118,7.35,72.0,48.0,True,False,48.0,9.6,57.59,2580.81,2.55,5.93,71.88,0.835,95.52,0,0,0,194.66,8.11,1124.55,1.5,4.056,0.543,0.388
BGW-15,Baghewala-15 (pad C),2024-03-11T00:00:00,3,production,51.08,12.25,853.55,17.43,8.44,17.69,411.75,5.719,7.35,72.0,48.0,True,False,35.76,7.15,42.91,2616.57,2.37,5.33,61.08,0.734,98.01,0,0,0,195.61,8.15,1052.85,1.5,5.47,0.819,0.54
BGW-15,Baghewala-15 (pad C),2024-03-12T00:00:00,3,production,50.98,13.05,607.26,18.62,8.89,18.58,456.94,6.346,7.73,72.0,48.0,True,False,38.95,7.79,46.74,2655.53,2.35,5.68,62.15,0.853,91.98,0,0,0,194.72,8.11,1165.72,1.5,4.999,0.481,0.362
BGW-15,Baghewala-15 (pad C),2024-03-13T00:00:00,3,production,50.85,11.96,694.27,18.17,8.52,19.47,413.44,5.742,6.87,72.0,48.0,True,False,35.53,7.11,42.64,2691.06,2.29,5.67,74.75,0.78,95.82,0,0,0,191.9,8.0,1056.63,1.5,5.401,0.609,0.448
BGW-15,Baghewala-15 (pad C),2024-03-14T00:00:00,3,production,50.72,12.92,779.31,17.82,8.44,19.35,447.47,6.215,6.5,72.0,48.0,True,False,30.41,6.08,36.49,2721.47,2.25,5.17,67.92,0.762,99.28,0,0,0,200.81,8.37,1142.77,1.5,6.603,0.733,0.562
BGW-15,Baghewala-15 (pad C),2024-03-15T00:00:00,3,production,50.58,12.5,671.92,18.46,8.53,18.25,432.38,6.005,7.9,72.0,48.0,True,False,40.49,8.1,48.59,2761.96,2.49,5.5,67.82,0.83,98.39,0,0,0,197.14,8.21,1104.6,1.5,4.868,0.594,0.481
BGW-15,Baghewala-15 (pad C),2024-03-16T00:00:00,3,production,50.54,12.95,779.14,17.92,8.74,20.51,446.58,6.202,7.79,72.0,48.0,True,False,37.32,7.46,44.78,2799.28,2.45,5.11,65.32,0.739,93.33,0,0,0,184.77,7.7,1138.62,1.5,4.952,0.703,0.486
BGW-15,Baghewala-15 (pad C),2024-03-17T00:00:00,3,production,50.5,12.29,809.76,17.71,8.38,18.95,427.33,5.935,7.03,72.0,48.0,True,False,34.48,6.9,41.37,2833.75,2.38,5.83,65.91,0.705,103.31,0,0,0,190.63,7.94,1091.19,1.5,5.529,0.791,0.615
BGW-15,Baghewala-15 (pad C),2024-03-18T00:00:00,3,production,50.38,12.21,740.98,18.21,8.73,17.94,496.51,6.896,7.35,72.0,48.0,True,False,43.16,8.63,51.79,2876.91,2.45,5.32,61.4,0.806,95.92,0,0,0,202.5,8.44,1265.57,1.5,4.692,0.668,0.483
BGW-15,Baghewala-15 (pad C),2024-03-19T00:00:00,3,production,50.28,12.62,767.27,17.9,8.57,20.11,467.35,6.491,7.14,72.0,48.0,True,False,37.69,7.54,45.23,2914.6,2.49,5.1,69.64,0.792,98.99,0,0,0,179.71,7.49,1189.94,1.5,4.768,0.717,0.493
BGW-15,Baghewala-15 (pad C),2024-03-20T00:00:00,3,production,50.16,12.44,756.12,17.95,8.53,18.76,433.32,6.018,7.95,72.0,48.0,True,False,36.62,7.32,43.94,2951.22,2.55,4.98,61.67,0.769,99.4,0,0,0,186.75,7.78,1105.71,1.5,5.1,0.705,0.523
BGW-15,Baghewala-15 (pad C),2024-03-21T00:00:00,3,production,50.04,12.62,775.47,17.88,8.42,17.8,450.24,6.253,7.54,72.0,48.0,True,False,32.99,6.6,39.59,2984.2,2.31,5.84,63.89,0.704,97.6,0,0,0,199.08,8.29,1149.48,1.5,6.035,0.72,0.52
BGW-15,Baghewala-15 (pad C),2024-03-22T00:00:00,3,production,49.94,12.41,802.71,17.89,8.49,18.06,471.61,6.55,6.99,72.0,48.0,True,False,38.89,7.78,46.67,3023.09,2.3,5.57,62.37,0.754,101.94,0,0,0,197.07,8.21,1202.68,1.5,5.068,0.776,0.582
BGW-15,Baghewala-15 (pad C),2024-03-23T00:00:00,3,production,49.88,11.94,739.24,18.11,8.58,19.8,447.26,6.212,7.37,72.0,48.0,True,False,40.17,8.03,48.2,3063.26,2.32,5.52,67.45,0.758,98.31,0,1,0,194.91,8.12,1141.55,1.5,4.852,0.678,0.448
BGW-15,Baghewala-15 (pad C),2024-03-24T00:00:00,3,production,49.82,12.64,736.37,18.25,8.73,20.63,457.7,6.357,7.38,72.0,48.0,True,False,46.79,9.36,56.15,3110.05,2.31,5.18,63.61,0.776,95.97,0,0,0,186.6,7.77,1166.64,1.5,3.988,0.663,0.452
BGW-15,Baghewala-15 (pad C),2024-03-25T00:00:00,3,production,49.79,12.67,712.1,18.37,8.27,18.9,412.82,5.734,7.28,72.0,48.0,True,False,42.49,8.5,50.99,3152.54,2.33,6.67,63.01,0.74,100.12,0,0,0,197.33,8.22,1055.72,1.5,4.644,0.663,0.518
BGW-15,Baghewala-15 (pad C),2024-03-26T00:00:00,3,production,49.67,12.42,822.74,17.78,8.67,20.61,450.32,6.254,7.52,72.0,48.0,True,True,39.0,7.8,46.8,3191.54,2.34,5.47,58.05,0.732,101.5,0,0,0,194.89,8.12,1149.18,1.5,4.997,0.798,0.586
BGW-15,Baghewala-15 (pad C),2024-03-27T00:00:00,3,production,49.54,12.52,918.62,17.35,8.41,20.29,431.62,5.995,7.12,72.0,48.0,True,True,35.24,7.05,42.29,3226.78,2.43,5.91,56.52,0.697,104.92,0,0,0,192.82,8.03,1102.18,1.5,5.471,0.935,0.633
BGW-15,Baghewala-15 (pad C),2024-03-28T00:00:00,3,production,49.41,12.6,782.62,18.08,8.63,16.81,464.02,6.445,8.1,72.0,48.0,True,True,34.44,6.89,41.32,3261.22,2.41,5.85,59.07,0.774,96.07,0,0,0,190.86,7.95,1182.95,1.5,5.542,0.721,0.491
BGW-15,Baghewala-15 (pad C),2024-03-29T00:00:00,3,production,49.22,12.38,780.22,17.97,8.48,19.7,463.92,6.443,7.46,72.0,48.0,True,True,35.68,7.14,42.82,3296.9,2.45,5.7,58.81,0.734,99.65,0,0,0,202.34,8.43,1184.08,1.5,5.671,0.736,0.518
BGW-15,Baghewala-15 (pad C),2024-03-30T00:00:00,4,production,47.69,12.95,920.42,17.56,8.49,19.66,442.66,6.148,6.52,72.0,48.0,True,True,30.99,6.2,37.19,3327.9,2.44,5.8,77.28,0.695,103.54,0,0,0,197.41,8.23,1130.34,1.5,6.369,0.931,0.657
BGW-15,Baghewala-15 (pad C),2024-03-31T00:00:00,4,injection,49.34,13.01,900.4,17.46,8.43,19.23,490.72,6.713,7.69,73.1,46.33,False,False,32.14,6.43,38.57,3360.04,2.42,4.71,66.66,0.697,100.76,0,0,0,197.17,8.22,1250.45,1.5,6.134,0.892,0.629
BGW-15,Baghewala-15 (pad C),2024-04-01T00:00:00,4,injection,50.65,13.07,690.33,18.17,8.46,21.0,416.0,6.003,6.87,69.3,39.6,False,False,36.9,7.38,44.28,3396.94,2.55,4.53,62.73,0.798,91.6,0,0,0,176.21,7.34,1061.14,1.5,4.775,0.583,0.407
BGW-15,Baghewala-15 (pad C),2024-04-02T00:00:00,4,injection,52.3,12.85,765.45,17.64,8.43,19.14,545.3,7.382,8.16,73.87,47.43,False,False,36.06,7.21,43.27,3433.0,2.28,5.02,64.78,0.737,98.22,0,0,0,194.91,8.12,1386.64,1.5,5.406,0.71,0.474
BGW-15,Baghewala-15 (pad C),2024-04-03T00:00:00,4,soak,52.25,12.5,688.78,18.12,8.6,19.2,450.0,6.25,6.91,72.0,48.0,False,False,39.64,7.93,47.56,3472.64,2.32,4.0,61.99,0.879,91.93,0,0,0,177.76,7.41,1146.33,1.5,4.485,0.583,0.406
BGW-15,Baghewala-15 (pad C),2024-04-04T00:00:00,4,soak,52.18,12.39,577.71,18.76,8.6,20.16,450.0,6.25,7.04,72.0,48.0,False,False,41.7,8.34,50.04,3514.34,2.41,4.0,61.94,0.906,88.32,0,0,0,185.78,7.74,1147.29,1.5,4.455,0.426,0.316
BGW-15,Baghewala-15 (pad C),2024-04-05T00:00:00,4,soak,52.17,12.72,669.11,18.24,8.65,18.96,450.0,6.25,6.85,72.0,48.0,False,False,36.58,7.32,43.9,3550.92,2.21,4.0,62.22,0.873,91.66,0,0,0,184.39,7.68,1147.13,1.5,5.041,0.557,0.395
BGW-15,Baghewala-15 (pad C),2024-04-06T00:00:00,4,production,52.13,12.73,645.95,18.28,8.54,21.37,470.46,6.534,8.05,72.0,48.0,True,False,41.59,8.32,49.9,3592.5,2.46,5.92,65.13,0.787,95.0,0,0,0,191.62,7.98,1199.15,1.5,4.608,0.545,0.387
BGW-15,Baghewala-15 (pad C),2024-04-07T00:00:00,4,production,52.04,12.93,633.48,18.4,8.45,20.0,458.91,6.374,7.88,72.0,48.0,True,False,45.94,9.19,55.13,3638.44,2.37,5.61,56.65,0.831,92.21,0,0,0,192.69,8.03,1170.39,1.5,4.194,0.515,0.342
BGW-15,Baghewala-15 (pad C),2024-04-08T00:00:00,4,production,51.89,12.24,744.99,17.73,8.2,19.43,449.38,6.241,7.05,72.0,48.0,True,False,39.14,7.83,46.97,3677.58,2.53,4.9,67.53,0.777,97.48,0,0,0,193.7,8.07,1146.69,1.5,4.949,0.681,0.477
BGW-15,Baghewala-15 (pad C),2024-04-09T00:00:00,4,production,51.79,12.09,771.04,17.57,8.32,19.84,458.17,6.363,7.17,72.0,48.0,True,False,32.63,6.53,39.16,3710.22,2.32,5.07,64.41,0.729,95.25,0,0,0,186.83,7.78,1167.85,1.5,5.725,0.703,0.466
BGW-15,Baghewala-15 (pad C),2024-04-10T00:00:00,4,production,51.7,12.68,669.83,18.11,8.85,19.44,468.74,6.51,7.34,72.0,48.0,True,False,39.25,7.85,47.1,3749.46,2.42,5.49,61.56,0.769,97.13,0,0,0,196.15,8.17,1195.4,1.5,4.998,0.585,0.435
BGW-15,Baghewala-15 (pad C),2024-04-11T00:00:00,4,production,51.65,12.82,712.92,18.09,8.37,17.67,424.81,5.9,7.31,72.0,48.0,True,False,42.67,8.53,51.21,3792.14,2.27,5.44,63.2,0.772,95.3,0,0,0,197.14,8.21,1085.68,1.5,4.62,0.63,0.483
BGW-15,Baghewala-15 (pad C),2024-04-12T00:00:00,4,production,51.53,12.72,605.92,18.47,8.78,18.59,450.16,6.252,7.63,72.0,48.0,True,False,44.89,8.98,53.87,3837.03,2.3,5.9,65.19,0.796,91.65,0,0,0,193.74,8.07,1148.65,1.5,4.316,0.478,0.342
BGW-15,Baghewala-15 (pad C),2024-04-13T00:00:00,4,production,51.41,12.06,697.38,18.13,8.46,21.55,448.99,6.236,7.59,72.0,48.0,True,False,40.37,8.07,48.45,3877.4,2.36,5.17,73.17,0.791,93.58,0,0,0,193.56,8.07,1145.7,1.5,4.794,0.602,0.404
BGW-15,Baghewala-15 (pad C),2024-04-14T00:00:00,4,production,51.33,12.91,760.16,17.86,8.47,20.74,456.19,6.336,7.37,72.0,48.0,True,False,37.17,7.43,44.6,3914.57,2.25,5.88,57.06,0.715,99.65,0,0,0,201.83,8.41,1164.69,1.5,5.43,0.711,0.531
BGW-15,Baghewala-15 (pad C),2024-04-15T00:00:00,4,production,51.21,12.76,801.2,17.72,8.43,20.86,463.27,6.434,7.32,72.0,48.0,True,False,33.17,6.63,39.8,3947.74,2.43,6.45,70.62,0.724,101.1,0,1,0,199.45,8.31,1182.12,1.5,6.013,0.769,0.546
BGW-15,Baghewala-15 (pad C),2024-04-16T00:00:00,4,production,51.09,12.75,694.37,18.12,8.62,20.4,443.78,6.164,7.61,72.0,48.0,True,False,36.93,7.39,44.32,3984.67,2.39,6.01,70.2,0.771,95.02,0,0,0,207.58,8.65,1134.35,1.5,5.62,0.606,0.45
BGW-15,Baghewala-15 (pad C),2024-04-17T00:00:00,4,production,50.96,12.44,738.74,17.86,8.45,19.84,455.5,6.326,8.1,72.0,48.0,True,False,41.02,8.2,49.23,4025.7,2.41,5.77,61.47,0.723,99.91,0,0,0,189.85,7.91,1161.52,1.5,4.628,0.685,0.506
BGW-15,Baghewala-15 (pad C),2024-04-18T00:00:00,4,production,50.87,12.78,754.45,17.78,8.49,21.61,429.51,5.965,7.54,72.0,48.0,True,False,42.67,8.53,51.21,4068.37,2.64,5.77,66.23,0.728,100.57,0,0,0,196.8,8.2,1097.4,1.5,4.612,0.708,0.552
BGW-15,Baghewala-15 (pad C),2024-04-19T00:00:00,4,production,50.81,12.68,780.87,17.71,8.83,18.43,457.85,6.359,7.91,72.0,48.0,True,False,41.12,8.22,49.34,4109.49,2.34,6.26,62.12,0.708,101.12,0,0,0,203.31,8.47,1169.03,1.5,4.944,0.744,0.549
BGW-15,Baghewala-15 (pad C),2024-04-20T00:00:00,4,production,50.69,12.22,765.61,17.78,8.29,19.87,485.76,6.747,7.5,72.0,48.0,True,False,40.2,8.04,48.23,4149.68,2.29,5.74,70.98,0.742,97.88,0,0,0,200.52,8.35,1238.47,1.5,4.989,0.709,0.52
BGW-15,Baghewala-15 (pad C),2024-04-21T00:00:00,4,production,50.62,12.59,743.69,18.04,8.42,19.31,456.78,6.344,8.23,72.0,48.0,True,False,39.33,7.87,47.2,4189.01,2.35,5.39,62.17,0.758,97.51,0,0,0,186.66,7.78,1164.35,1.5,4.746,0.68,0.517
BGW-15,Baghewala-15 (pad C),2024-04-22T00:00:00,4,production,50.57,13.03,888.64,17.14,8.87,21.08,466.93,6.485,7.72,72.0,48.0,True,False,33.35,6.67,40.02,4222.36,2.27,6.48,65.65,0.651,105.64,0,0,0,220.36,9.18,1193.77,1.524,6.608,0.901,0.665
BGW-15,Baghewala-15 (pad C),2024-04-23T00:00:00,4,production,50.49,12.46,645.81,18.48,8.4,20.14,410.14,5.696,7.93,72.0,48.0,True,False,35.2,7.04,42.24,4257.56,2.41,5.91,68.55,0.782,96.14,0,0,0,196.61,8.19,1048.95,1.5,5.585,0.55,0.417
BGW-15,Baghewala-15 (pad C),2024-04-24T00:00:00,4,production,50.4,12.34,800.0,17.76,8.74,20.88,428.51,5.952,7.33,72.0,48.0,True,False,36.95,7.39,44.34,4294.51,2.25,5.28,64.41,0.73,94.77,0,0,0,188.93,7.87,1093.95,1.5,5.113,0.736,0.499
BGW-15,Baghewala-15 (pad C),2024-04-25T00:00:00,4,production,50.34,13.41,793.05,17.76,8.42,19.04,434.77,6.038,7.34,72.0,48.0,True,True,33.47,6.69,40.17,4327.99,2.41,5.07,62.85,0.77,99.73,0,0,0,197.01,8.21,1110.56,1.5,5.885,0.752,0.562
BGW-15,Baghewala-15 (pad C),2024-04-26T00:00:00,4,production,50.15,12.72,672.27,18.34,8.65,21.58,444.5,6.174,7.84,72.0,48.0,True,True,39.37,7.87,47.24,4367.35,2.45,5.48,58.65,0.807,96.67,0,0,0,198.51,8.27,1135.08,1.5,5.043,0.586,0.406
BGW-15,Baghewala-15 (pad C),2024-04-27T00:00:00,4,production,50.18,13.33,816.95,17.68,8.86,20.06,495.7,6.885,7.73,72.0,48.0,True,True,41.68,8.34,50.01,4409.03,2.48,6.17,70.32,0.738,103.15,0,0,0,210.76,8.78,1264.53,1.5,5.057,0.799,0.574
BGW-15,Baghewala-15 (pad C),2024-04-28T00:00:00,4,production,50.08,12.78,684.06,18.3,8.67,20.43,476.09,6.612,7.24,72.0,48.0,True,True,30.77,6.15,36.92,4439.8,2.4,5.73,62.3,0.778,97.19,0,0,0,199.87,8.33,1214.2,1.5,6.496,0.604,0.449
BGW-15,Baghewala-15 (pad C),2024-04-29T00:00:00,5,production,48.43,12.6,817.37,18.1,8.42,21.24,455.12,6.321,7.9,72.0,48.0,True,True,33.86,6.77,40.63,4473.66,2.38,5.52,63.15,0.753,101.08,0,0,0,191.25,7.97,1160.76,1.5,5.648,0.79,0.575
BGW-15,Baghewala-15 (pad C),2024-04-30T00:00:00,5,injection,49.91,12.2,815.87,17.68,8.32,20.73,448.94,8.181,7.94,54.87,41.87,False,False,36.87,7.37,44.24,4510.53,2.31,4.68,69.49,0.765,97.16,0,0,0,182.35,7.6,1144.23,1.5,4.946,0.768,0.509
BGW-15,Baghewala-15 (pad C),2024-05-01T00:00:00,5,injection,51.25,11.92,664.14,18.33,8.78,21.43,436.87,7.219,6.91,60.51,49.74,False,False,45.13,9.03,54.15,4555.65,2.3,4.88,63.09,0.834,90.99,0,0,0,184.85,7.7,1114.36,1.5,4.096,0.548,0.381
BGW-15,Baghewala-15 (pad C),2024-05-02T00:00:00,5,injection,52.72,12.04,632.47,18.29,8.71,23.55,441.96,6.712,7.66,65.85,55.15,False,False,47.01,9.4,56.41,4602.66,2.48,4.7,67.42,0.872,90.74,0,0,0,184.77,7.7,1127.07,1.5,3.931,0.507,0.343
BGW-15,Baghewala-15 (pad C),2024-05-03T00:00:00,5,soak,52.68,12.67,659.42,18.07,8.54,21.37,450.0,6.25,7.21,72.0,48.0,False,False,39.66,7.93,47.59,4642.32,2.54,4.0,56.93,0.854,91.71,0,0,0,182.99,7.62,1146.96,1.5,4.614,0.545,0.358
BGW-15,Baghewala-15 (pad C),2024-05-04T00:00:00,5,soak,52.54,13.18,639.17,18.27,8.56,22.2,450.0,6.25,7.34,72.0,48.0,False,False,36.95,7.39,44.34,4679.27,2.21,4.0,63.39,0.897,85.47,0,0,0,184.65,7.69,1147.16,1.5,4.997,0.489,0.294
BGW-15,Baghewala-15 (pad C),2024-05-05T00:00:00,5,soak,52.49,12.59,656.75,18.08,8.78,20.46,450.0,6.25,7.86,72.0,48.0,False,False,34.07,6.81,40.88,4713.34,2.48,4.0,65.86,0.901,95.16,0,0,0,179.88,7.5,1146.59,1.5,5.281,0.559,0.414
BGW-15,Baghewala-15 (pad C),2024-05-06T00:00:00,5,production,52.4,12.07,706.07,17.97,8.61,22.65,453.66,6.301,7.81,72.0,48.0,True,False,47.79,9.56,57.35,4761.13,2.37,6.41,63.5,0.763,98.97,0,0,0,199.07,8.29,1158.04,1.5,4.165,0.64,0.477
BGW-15,Baghewala-15 (pad C),2024-05-07T00:00:00,5,production,52.39,12.63,666.91,18.26,8.79,20.56,450.44,6.256,7.52,72.0,48.0,True,False,49.69,9.94,59.63,4810.82,2.41,5.91,63.84,0.8,98.56,0,0,0,198.65,8.28,1149.93,1.5,3.998,0.589,0.46
BGW-15,Baghewala-15 (pad C),2024-05-08T00:00:00,5,production,52.26,13.03,518.47,18.9,8.47,19.98,430.24,5.976,7.97,72.0,48.0,True,False,48.58,9.72,58.3,4859.4,2.45,6.28,69.07,0.813,92.2,0,0,0,197.51,8.23,1099.31,1.5,4.066,0.372,0.276
BGW-15,Baghewala-15 (pad C),2024-05-09T00:00:00,5,production,52.15,12.8,685.85,18.13,8.48,22.2,423.42,5.881,7.92,72.0,48.0,True,False,46.48,9.3,55.77,4905.88,2.42,5.97,65.73,0.779,99.95,0,0,0,201.73,8.41,1082.76,1.5,4.34,0.62,0.504
BGW-15,Baghewala-15 (pad C),2024-05-10T00:00:00,5,production,52.04,12.39,709.33,17.93,8.23,21.93,459.84,6.387,7.25,72.0,48.0,True,False,42.74,8.55,51.29,4948.62,2.51,5.4,66.93,0.792,97.3,0,1,0,199.21,8.3,1173.51,1.5,4.661,0.636,0.49
BGW-15,Baghewala-15 (pad C),2024-05-11T00:00:00,5,production,51.92,12.36,750.41,17.69,8.52,22.33,444.93,6.18,7.9,72.0,48.0,True,False,39.74,7.95,47.68,4988.36,2.31,5.39,62.97,0.747,100.64,0,0,0,193.84,8.08,1135.58,1.5,4.878,0.704,0.516
BGW-15,Baghewala-15 (pad C),2024-05-12T00:00:00,5,production,51.86,12.59,685.66,18.24,8.85,22.78,434.28,6.032,7.42,72.0,48.0,True,False,42.01,8.4,50.41,5030.37,2.32,5.3,64.03,0.84,97.89,0,0,0,190.21,7.93,1108.54,1.5,4.528,0.609,0.462
BGW-15,Baghewala-15 (pad C),2024-05-13T00:00:00,5,production,51.74,12.45,665.71,18.23,8.3,21.72,452.64,6.287,7.51,72.0,48.0,True,False,43.05,8.61,51.66,5073.42,2.4,6.1,66.0,0.783,95.51,0,0,0,192.55,8.02,1154.7,1.5,4.473,0.572,0.413
BGW-15,Baghewala-15 (pad C),2024-05-14T00:00:00,5,production,51.72,12.41,684.69,18.11,8.39,23.33,437.97,6.083,7.5,72.0,48.0,True,False,44.09,8.82,52.9,5117.5,2.47,6.02,75.13,0.784,99.06,0,0,0,209.08,8.71,1120.0,1.5,4.742,0.614,0.499
BGW-15,Baghewala-15 (pad C),2024-05-15T00:00:00,5,production,51.66,12.29,747.96,17.73,8.53,21.71,438.19,6.086,7.15,72.0,48.0,True,False,34.41,6.88,41.3,5151.92,2.41,5.8,63.83,0.751,101.53,0,0,0,195.27,8.14,1118.9,1.5,5.674,0.705,0.545
BGW-15,Baghewala-15 (pad C),2024-05-16T00:00:00,5,production,51.59,12.33,782.15,17.51,8.13,21.21,450.91,6.263,7.42,72.0,48.0,True,False,37.99,7.6,45.59,5189.91,2.27,5.81,67.17,0.73,101.43,0,0,0,196.34,8.18,1150.84,1.5,5.168,0.747,0.575
BGW-15,Baghewala-15 (pad C),2024-05-17T00:00:00,5,production,51.52,12.45,669.29,18.26,8.33,21.78,447.15,6.21,7.72,72.0,48.0,True,False,47.74,9.55,57.29,5237.64,2.39,6.24,54.74,0.768,98.85,0,0,0,207.43,8.64,1142.78,1.5,4.345,0.593,0.457
BGW-15,Baghewala-15 (pad C),2024-05-18T00:00:00,5,production,51.46,12.67,773.49,17.7,8.43,22.23,488.39,6.783,7.87,72.0,48.0,True,False,39.26,7.85,47.12,5276.91,2.51,5.73,80.09,0.746,102.12,0,0,0,202.6,8.44,1245.3,1.5,5.16,0.74,0.549
BGW-15,Baghewala-15 (pad C),2024-05-19T00:00:00,5,production,51.44,12.82,794.82,17.55,8.81,22.16,474.5,6.59,7.93,72.0,48.0,True,False,37.15,7.43,44.58,5314.06,2.52,5.72,60.61,0.69,100.19,0,0,0,200.2,8.34,1210.29,1.5,5.389,0.757,0.587
BGW-15,Baghewala-15 (pad C),2024-05-20T00:00:00,5,production,51.46,12.81,832.75,17.33,8.36,22.38,454.26,6.309,7.67,72.0,48.0,True,False,39.77,7.95,47.72,5353.82,2.45,5.75,70.12,0.736,99.32,0,0,0,194.12,8.09,1158.94,1.5,4.882,0.8,0.59
BGW-15,Baghewala-15 (pad C),2024-05-21T00:00:00,5,production,51.36,12.48,730.89,17.84,8.65,20.26,453.02,6.292,7.5,72.0,48.0,True,False,40.87,8.17,49.05,5394.7,2.57,5.44,71.94,0.784,97.22,0,0,0,199.41,8.31,1156.49,1.5,4.879,0.662,0.431
BGW-15,Baghewala-15 (pad C),2024-05-22T00:00:00,5,production,51.24,12.29,669.95,18.4,8.69,21.65,426.59,5.925,7.27,72.0,48.0,True,False,39.88,7.98,47.86,5434.57,2.35,4.44,68.46,0.881,91.34,0,0,0,186.93,7.79,1088.9,1.5,4.687,0.557,0.384
BGW-15,Baghewala-15 (pad C),2024-05-23T00:00:00,5,production,51.21,12.49,788.65,17.74,8.61,22.72,451.79,6.275,7.3,72.0,48.0,True,False,37.44,7.49,44.93,5472.01,2.43,5.57,61.55,0.739,100.43,0,0,0,196.44,8.18,1153.06,1.5,5.247,0.75,0.511
BGW-15,Baghewala-15 (pad C),2024-05-24T00:00:00,5,production,51.08,12.81,670.95,18.37,8.72,23.34,456.03,6.334,7.39,72.0,48.0,True,False,48.6,9.72,58.33,5520.62,2.54,6.31,67.9,0.764,99.43,0,0,0,203.59,8.48,1164.51,1.5,4.189,0.598,0.474
BGW-15,Baghewala-15 (pad C),2024-05-25T00:00:00,5,production,50.94,12.51,646.81,18.56,8.4,22.28,449.35,6.241,6.94,72.0,48.0,True,True,41.78,8.36,50.13,5562.4,2.28,5.81,58.32,0.785,94.13,0,0,0,206.38,8.6,1148.14,1.5,4.94,0.542,0.412
BGW-15,Baghewala-15 (pad C),2024-05-26T00:00:00,5,production,50.92,12.13,756.59,17.96,8.2,23.2,440.12,6.113,7.65,72.0,48.0,True,True,34.77,6.95,41.73,5597.17,2.29,5.61,70.87,0.755,96.18,0,0,0,183.32,7.64,1122.31,1.5,5.272,0.689,0.477
BGW-15,Baghewala-15 (pad C),2024-05-27T00:00:00,5,production,50.9,12.16,793.36,17.76,8.51,21.14,447.59,6.217,7.15,72.0,48.0,True,True,35.75,7.15,42.9,5632.92,2.33,5.17,71.01,0.75,97.3,0,0,0,194.47,8.1,1142.31,1.5,5.44,0.741,0.484
BGW-15,Baghewala-15 (pad C),2024-05-28T00:00:00,5,production,50.93,12.5,763.69,17.88,8.87,23.11,445.03,6.181,7.47,72.0,48.0,True,True,34.57,6.91,41.48,5667.49,2.32,5.5,54.85,0.772,102.35,0,0,0,196.19,8.17,1136.12,1.5,5.675,0.729,0.531
BGW-15,Baghewala-15 (pad C),2024-05-29T00:00:00,6,production,49.35,12.34,655.07,18.64,8.63,22.28,478.35,6.644,6.71,72.0,48.0,True,True,43.25,8.65,51.9,5710.74,2.39,6.06,60.65,0.803,96.47,0,1,0,202.18,8.42,1220.13,1.5,4.675,0.564,0.434
BGW-15,Baghewala-15 (pad C),2024-05-30T00:00:00,6,injection,51.05,12.46,742.21,17.98,8.47,25.0,505.13,6.018,8.04,83.94,39.11,False,False,35.3,7.06,42.36,5746.04,2.43,4.4,66.52,0.807,94.53,0,0,0,184.81,7.7,1285.0,1.5,5.236,0.663,0.415
BGW-15,Baghewala-15 (pad C),2024-05-31T00:00:00,6,injection,52.51,13.06,617.49,18.31,8.74,24.22,402.71,4.807,8.41,83.77,58.45,False,False,45.37,9.07,54.45,5791.41,2.53,4.65,58.58,0.871,93.46,0,0,0,180.81,7.53,1028.48,1.5,3.985,0.502,0.399
BGW-15,Baghewala-15 (pad C),2024-06-01T00:00:00,6,injection,53.69,12.76,740.46,17.39,8.52,21.16,409.02,5.245,7.54,77.98,53.45,False,False,41.87,8.37,50.24,5833.27,2.38,4.95,68.44,0.785,94.01,0,0,0,191.06,7.96,1045.47,1.5,4.564,0.658,0.421
BGW-15,Baghewala-15 (pad C),2024-06-02T00:00:00,6,soak,53.62,13.09,671.56,17.89,8.65,21.84,450.0,6.25,7.61,72.0,48.0,False,False,42.1,8.42,50.52,5875.38,2.45,4.0,61.03,0.885,92.09,0,0,0,176.63,7.36,1146.2,1.5,4.195,0.562,0.373
BGW-15,Baghewala-15 (pad C),2024-06-03T00:00:00,6,soak,53.54,12.49,603.29,18.23,8.69,20.82,450.0,6.25,7.51,72.0,48.0,False,False,42.18,8.44,50.62,5917.56,2.43,4.0,66.61,0.907,88.94,0,0,0,188.01,7.83,1147.56,1.5,4.457,0.461,0.335
BGW-15,Baghewala-15 (pad C),2024-06-04T00:00:00,6,soak,53.39,12.59,693.94,18.01,8.71,24.42,450.0,6.25,7.91,72.0,48.0,False,False,42.95,8.59,51.54,5960.51,2.35,4.0,63.25,0.854,92.64,0,0,0,176.67,7.36,1146.2,1.5,4.113,0.593,0.381
BGW-15,Baghewala-15 (pad C),2024-06-05T00:00:00,6,production,53.3,12.34,765.78,17.3,8.55,23.75,445.26,6.184,7.28,72.0,48.0,True,False,42.05,8.41,50.45,6002.55,2.24,5.76,62.98,0.738,96.71,0,0,0,204.3,8.51,1137.66,1.5,4.859,0.703,0.494
BGW-15,Baghewala-15 (pad C),2024-06-06T00:00:00,6,production,53.15,12.86,714.38,17.77,8.35,24.07,457.65,6.356,7.45,72.0,48.0,True,False,44.73,8.95,53.67,6047.28,2.33,4.71,70.36,0.835,91.63,0,0,0,188.57,7.86,1166.76,1.5,4.216,0.614,0.394
BGW-15,Baghewala-15 (pad C),2024-06-07T00:00:00,6,production,53.1,12.42,694.08,17.71,8.47,24.74,436.49,6.062,7.83,72.0,48.0,True,False,38.82,7.76,46.58,6086.1,2.57,5.05,67.94,0.832,95.62,0,0,0,189.46,7.89,1113.97,1.5,4.881,0.608,0.424
BGW-15,Baghewala-15 (pad C),2024-06-08T00:00:00,6,production,52.98,12.44,677.35,17.88,8.82,22.87,458.19,6.364,7.14,72.0,48.0,True,False,42.27,8.45,50.73,6128.37,2.28,5.3,67.14,0.823,94.11,0,0,0,191.93,8.0,1168.51,1.5,4.54,0.58,0.408
BGW-15,Baghewala-15 (pad C),2024-06-09T00:00:00,6,production,52.92,12.45,604.89,18.48,8.67,23.9,448.74,6.232,7.24,72.0,48.0,True,False,48.81,9.76,58.57,6177.18,2.59,5.21,64.86,0.863,90.42,0,0,0,190.48,7.94,1144.71,1.5,3.902,0.471,0.357
BGW-15,Baghewala-15 (pad C),2024-06-10T00:00:00,6,production,52.82,11.68,637.16,18.12,8.57,24.76,467.65,6.495,6.76,72.0,48.0,True,False,47.35,9.47,56.82,6224.54,2.58,5.7,64.96,0.803,96.26,0,0,0,193.65,8.07,1192.37,1.5,4.089,0.54,0.414
BGW-15,Baghewala-15 (pad C),2024-06-11T00:00:00,6,production,52.84,12.23,591.97,18.18,8.6,23.52,478.02,6.639,8.01,72.0,48.0,True,False,49.73,9.95,59.68,6274.27,2.44,5.89,63.82,0.838,94.47,0,0,0,201.07,8.38,1219.19,1.5,4.043,0.475,0.386
BGW-15,Baghewala-15 (pad C),2024-06-12T00:00:00,6,production,52.77,12.33,658.71,18.05,8.29,24.33,457.54,6.355,8.3,72.0,48.0,True,False,43.3,8.66,51.96,6317.57,2.41,4.97,62.58,0.836,94.14,0,0,0,195.79,8.16,1167.35,1.5,4.522,0.557,0.378
BGW-15,Baghewala-15 (pad C),2024-06-13T00:00:00,6,production,52.69,12.92,570.3,18.71,8.69,24.19,453.21,6.295,7.61,72.0,48.0,True,False,46.26,9.25,55.51,6363.82,2.42,5.54,74.63,0.874,90.45,0,0,0,194.43,8.1,1156.35,1.5,4.203,0.428,0.289
BGW-15,Baghewala-15 (pad C),2024-06-14T00:00:00,6,production,52.7,12.43,641.95,18.27,8.77,25.55,451.26,6.268,8.13,72.0,48.0,True,False,49.39,9.88,59.27,6413.21,2.43,5.54,62.71,0.826,92.9,0,0,0,193.35,8.06,1151.36,1.5,3.915,0.529,0.383
BGW-15,Baghewala-15 (pad C),2024-06-15T00:00:00,6,production,52.65,11.92,659.65,18.12,8.38,22.54,428.96,5.958,7.78,72.0,48.0,True,False,45.56,9.11,54.67,6458.77,2.47,6.5,67.03,0.776,99.32,0,0,0,198.95,8.29,1096.27,1.5,4.367,0.584,0.437
BGW-15,Baghewala-15 (pad C),2024-06-16T00:00:00,6,production,52.56,12.34,707.79,17.81,8.46,21.91,428.44,5.951,7.82,72.0,48.0,True,False,42.76,8.55,51.31,6501.53,2.5,6.56,58.54,0.745,98.24,0,0,0,203.26,8.47,1095.48,1.5,4.754,0.642,0.48
BGW-15,Baghewala-15 (pad C),2024-06-17T00:00:00,6,production,52.55,12.32,694.34,18.04,8.79,24.4,382.04,5.306,7.35,72.0,48.0,True,False,44.72,8.94,53.67,6546.25,2.51,5.57,74.09,0.788,99.34,0,0,0,195.99,8.17,978.63,1.5,4.382,0.627,0.469
BGW-15,Baghewala-15 (pad C),2024-06-18T00:00:00,6,production,52.51,12.64,692.03,17.89,8.44,22.65,457.43,6.353,7.44,72.0,48.0,True,False,37.78,7.56,45.34,6584.04,2.46,5.67,58.93,0.748,99.45,0,0,0,190.76,7.95,1166.46,1.5,5.049,0.625,0.457
BGW-15,Baghewala-15 (pad C),2024-06-19T00:00:00,6,production,52.45,12.17,665.53,18.12,8.66,24.44,472.25,6.559,7.21,72.0,48.0,True,False,42.12,8.42,50.54,6626.16,2.24,6.31,62.11,0.77,96.33,0,0,0,197.34,8.22,1204.31,1.5,4.685,0.576,0.417
BGW-15,Baghewala-15 (pad C),2024-06-20T00:00:00,6,production,52.36,12.59,700.4,17.99,8.31,23.56,455.07,6.32,7.71,72.0,48.0,True,False,40.99,8.2,49.18,6667.14,2.25,4.99,68.12,0.792,89.69,0,0,0,193.29,8.05,1160.87,1.5,4.716,0.586,0.4
BGW-15,Baghewala-15 (pad C),2024-06-21T00:00:00,6,production,52.27,12.41,697.09,18.01,8.24,24.13,432.52,6.007,7.13,72.0,48.0,True,False,43.53,8.71,52.23,6710.67,2.18,5.45,70.08,0.787,92.75,0,0,0,192.98,8.04,1104.45,1.5,4.434,0.598,0.38
BGW-15,Baghewala-15 (pad C),2024-06-22T00:00:00,6,production,52.17,12.72,650.69,18.4,8.8,24.95,439.28,6.101,6.58,72.0,48.0,True,False,43.85,8.77,52.62,6754.52,2.37,6.26,56.95,0.801,97.68,0,0,0,194.21,8.09,1121.51,1.5,4.429,0.564,0.43
BGW-15,Baghewala-15 (pad C),2024-06-23T00:00:00,6,production,52.08,12.92,656.99,18.29,8.59,22.68,463.66,6.44,6.86,72.0,48.0,True,False,42.72,8.54,51.26,6797.24,2.34,4.61,64.71,0.841,91.38,0,0,0,191.29,7.97,1182.1,1.5,4.478,0.541,0.371
BGW-15,Baghewala-15 (pad C),2024-06-24T00:00:00,6,production,52.08,12.41,752.73,17.58,8.3,22.6,431.11,5.988,7.06,72.0,48.0,True,True,39.8,7.96,47.76,6837.04,2.41,5.36,64.14,0.765,98.72,0,0,0,192.6,8.02,1100.89,1.5,4.839,0.697,0.522
BGW-15,Baghewala-15 (pad C),2024-06-25T00:00:00,6,production,51.94,12.74,709.88,18.12,8.04,23.7,445.66,6.19,7.27,72.0,48.0,True,True,43.04,8.61,51.64,6880.08,2.44,5.65,65.78,0.752,97.27,0,0,0,200.51,8.35,1138.2,1.5,4.659,0.636,0.466
BGW-15,Baghewala-15 (pad C),2024-06-26T00:00:00,6,production,51.84,12.18,666.85,18.18,8.95,24.37,415.04,5.764,8.04,72.0,48.0,True,True,38.74,7.75,46.48,6918.81,2.33,5.22,62.06,0.79,93.89,0,0,0,185.71,7.74,1059.88,1.5,4.794,0.566,0.419
BGW-15,Baghewala-15 (pad C),2024-06-27T00:00:00,6,production,51.81,13.46,634.05,18.48,8.24,22.5,438.99,6.097,6.99,72.0,48.0,True,True,43.28,8.66,51.94,6962.09,2.34,5.01,68.06,0.86,91.56,0,0,0,190.31,7.93,1120.31,1.5,4.397,0.513,0.342
BGW-15,Baghewala-15 (pad C),2024-06-28T00:00:00,7,production,50.24,12.44,754.82,18.13,8.44,24.95,455.76,6.33,7.29,72.0,48.0,True,True,36.52,7.3,43.82,6998.61,2.2,5.23,67.72,0.744,95.87,0,0,0,194.18,8.09,1162.7,1.5,5.317,0.685,0.462
