well_id,well_name,timestamp,css_cycle_id,phase,reservoir_temperature,reservoir_pressure,oil_viscosity,oil_api,asphaltene_content,water_cut,steam_volume,steam_rate,injection_pressure,injection_duration,soak_time,production_start,production_cutoff,oil_rate_bopd,water_rate,total_fluid_rate,cumulative_oil,stroke_length,spm,vfd_setting,pump_efficiency,rod_load,pump_unsetting_event,rod_floating_event,rod_failure_event,energy_consumption,power,operating_cost,sor,energy_per_barrel,rod_floating_probability,failure_probability
BGW-001,Baghewala Well 1,2024-01-01T00:00:00,1,injection,48.77,12.69,756.53,18.23,8.22,14.83,446.02,6.114,7.34,72.95,40.31,False,False,32.24,6.45,38.69,32.24,2.19,4.5,65.37,0.796,98.65,0,0,0,194.01,8.08,1138.33,1.5,6.018,0.701,0.513
BGW-001,Baghewala Well 1,2024-01-02T00:00:00,1,injection,50.38,12.17,662.95,18.55,8.26,14.99,530.71,6.908,8.03,76.83,45.84,False,False,36.39,7.28,43.67,68.63,2.27,4.56,55.71,0.852,86.45,0,0,0,194.67,8.11,1350.13,1.5,5.35,0.523,0.332
BGW-001,Baghewala Well 1,2024-01-03T00:00:00,1,injection,51.33,12.52,673.03,18.22,8.71,13.7,399.87,6.201,6.88,64.49,40.19,False,False,41.1,8.22,49.32,109.73,2.51,4.51,66.03,0.835,91.93,0,0,0,184.67,7.69,1021.84,1.5,4.493,0.563,0.364
BGW-001,Baghewala Well 1,2024-01-04T00:00:00,1,soak,51.32,12.72,669.8,18.37,8.54,15.91,450.0,6.25,8.02,72.0,48.0,False,False,36.3,7.26,43.56,146.03,2.39,4.0,66.69,0.881,88.29,0,0,0,179.75,7.49,1146.57,1.5,4.952,0.541,0.341
BGW-001,Baghewala Well 1,2024-01-05T00:00:00,1,soak,51.24,13.17,608.95,18.68,8.58,14.02,450.0,6.25,7.54,72.0,48.0,False,False,36.47,7.29,43.76,182.5,2.41,4.0,66.61,0.89,88.58,0,0,0,189.15,7.88,1147.7,1.5,5.186,0.467,0.307
BGW-001,Baghewala Well 1,2024-01-06T00:00:00,1,soak,51.14,12.78,788.46,17.85,8.59,13.38,450.0,6.25,7.75,72.0,48.0,False,False,35.51,7.1,42.62,218.01,2.47,4.0,68.79,0.774,97.07,0,0,0,182.11,7.59,1146.85,1.5,5.128,0.733,0.538
BGW-001,Baghewala Well 1,2024-01-07T00:00:00,1,production,51.02,12.53,710.5,18.07,8.63,15.74,437.84,6.081,8.05,72.0,48.0,True,False,37.99,7.6,45.59,256.0,2.44,4.45,66.04,0.855,98.72,0,0,0,175.72,7.32,1115.68,1.5,4.625,0.644,0.476
BGW-001,Baghewala Well 1,2024-01-08T00:00:00,1,production,51.01,12.55,821.14,17.49,8.76,13.97,433.7,6.024,7.95,72.0,48.0,True,False,35.13,7.03,42.16,291.13,2.43,5.64,63.04,0.73,100.34,0,0,0,203.15,8.46,1108.63,1.5,5.783,0.791,0.531
BGW-001,Baghewala Well 1,2024-01-09T00:00:00,1,production,50.95,12.98,739.79,17.99,8.64,15.25,466.55,6.48,7.18,72.0,48.0,True,False,41.42,8.28,49.71,332.55,2.65,5.16,67.4,0.766,98.52,0,0,0,183.7,7.65,1188.41,1.5,4.435,0.68,0.522
BGW-001,Baghewala Well 1,2024-01-10T00:00:00,1,production,50.91,12.37,767.94,17.71,8.32,15.28,443.38,6.158,7.06,72.0,48.0,True,False,38.58,7.72,46.29,371.13,2.5,5.11,65.83,0.759,102.22,0,0,0,191.4,7.97,1131.42,1.5,4.961,0.734,0.56
BGW-001,Baghewala Well 1,2024-01-11T00:00:00,1,production,50.89,12.56,810.05,17.59,8.47,15.74,470.14,6.53,7.05,72.0,48.0,True,False,41.82,8.36,50.19,412.95,2.48,5.4,64.35,0.725,99.66,0,0,0,183.71,7.65,1197.39,1.5,4.393,0.773,0.565
BGW-001,Baghewala Well 1,2024-01-12T00:00:00,1,production,50.83,12.63,717.54,18.08,8.64,17.83,472.69,6.565,7.69,72.0,48.0,True,False,42.83,8.57,51.4,455.79,2.41,6.21,65.78,0.76,97.84,0,0,0,198.05,8.25,1205.49,1.5,4.624,0.649,0.498
BGW-001,Baghewala Well 1,2024-01-13T00:00:00,1,production,50.78,11.88,727.33,18.07,8.7,15.42,423.74,5.885,8.5,72.0,48.0,True,False,34.48,6.9,41.38,490.27,2.35,5.45,71.49,0.799,93.99,0,0,0,194.96,8.12,1082.75,1.5,5.654,0.642,0.445
BGW-001,Baghewala Well 1,2024-01-14T00:00:00,1,production,50.65,13.13,826.59,17.56,8.45,15.61,478.5,6.646,7.81,72.0,48.0,True,False,28.69,5.74,34.42,518.96,2.11,4.84,62.23,0.735,95.58,0,1,0,194.68,8.11,1219.6,1.5,6.786,0.774,0.52
BGW-001,Baghewala Well 1,2024-01-15T00:00:00,1,production,50.5,12.48,847.76,17.51,8.52,16.28,464.52,6.452,7.61,72.0,48.0,True,False,33.93,6.79,40.72,552.89,2.42,6.01,54.83,0.701,106.31,0,0,0,198.2,8.26,1185.09,1.5,5.841,0.854,0.631
BGW-001,Baghewala Well 1,2024-01-16T00:00:00,1,production,50.35,12.63,746.27,18.01,8.59,15.9,448.13,6.224,7.24,72.0,48.0,True,False,45.18,9.04,54.21,598.06,2.5,5.71,63.29,0.762,97.95,0,0,0,200.89,8.37,1144.43,1.5,4.447,0.685,0.484
BGW-001,Baghewala Well 1,2024-01-17T00:00:00,1,production,50.31,12.7,828.06,17.72,8.26,15.1,459.84,6.387,7.38,72.0,48.0,True,False,35.87,7.17,43.04,633.93,2.34,4.83,62.28,0.739,97.9,0,0,0,193.44,8.06,1172.81,1.5,5.393,0.787,0.524
BGW-001,Baghewala Well 1,2024-01-18T00:00:00,1,production,50.19,12.71,747.46,18.05,8.75,14.19,415.79,5.775,7.94,72.0,48.0,True,False,42.62,8.52,51.14,676.55,2.35,5.62,69.19,0.773,98.65,0,0,0,188.21,7.84,1062.05,1.5,4.416,0.69,0.531
BGW-001,Baghewala Well 1,2024-01-19T00:00:00,1,production,50.2,12.43,717.2,18.21,8.73,14.13,450.97,6.264,7.33,72.0,48.0,True,False,37.19,7.44,44.63,713.74,2.56,4.93,67.18,0.793,99.54,0,1,0,187.8,7.82,1149.97,1.5,5.05,0.657,0.532
BGW-001,Baghewala Well 1,2024-01-20T00:00:00,1,production,50.02,13.02,828.76,17.72,8.47,17.06,429.34,5.963,7.55,72.0,48.0,True,False,29.45,5.89,35.34,743.19,2.42,4.66,65.37,0.771,97.9,0,0,0,192.35,8.01,1096.43,1.5,6.531,0.788,0.546
BGW-001,Baghewala Well 1,2024-01-21T00:00:00,1,production,49.94,12.76,721.93,18.3,8.64,16.22,453.68,6.301,7.69,72.0,48.0,True,False,37.57,7.51,45.08,780.76,2.42,5.29,66.17,0.823,96.66,0,0,0,191.87,7.99,1157.22,1.5,5.107,0.648,0.498
BGW-001,Baghewala Well 1,2024-01-22T00:00:00,1,production,49.88,12.45,688.49,18.4,8.49,15.75,421.06,5.848,7.68,72.0,48.0,True,False,44.07,8.81,52.88,824.83,2.48,5.97,66.22,0.773,96.3,0,0,0,192.62,8.03,1075.76,1.5,4.371,0.605,0.447
BGW-001,Baghewala Well 1,2024-01-23T00:00:00,1,production,49.76,12.64,787.43,17.95,8.16,15.41,467.35,6.491,7.77,72.0,48.0,True,False,40.09,8.02,48.1,864.92,2.42,5.94,69.74,0.723,105.02,0,0,0,199.76,8.32,1192.35,1.5,4.983,0.772,0.629
BGW-001,Baghewala Well 1,2024-01-24T00:00:00,1,production,49.65,12.5,767.3,18.13,8.15,15.13,420.57,5.841,7.48,72.0,48.0,True,False,35.43,7.09,42.52,900.35,2.38,5.02,65.94,0.743,95.17,0,0,0,191.34,7.97,1074.4,1.5,5.4,0.697,0.464
BGW-001,Baghewala Well 1,2024-01-25T00:00:00,1,production,49.54,12.82,773.59,18.19,8.71,15.75,436.32,6.06,7.38,72.0,48.0,True,False,37.81,7.56,45.37,938.16,2.35,5.45,64.86,0.766,96.08,0,0,0,189.0,7.88,1113.49,1.5,4.999,0.71,0.482
BGW-001,Baghewala Well 1,2024-01-26T00:00:00,1,production,49.55,12.88,831.6,17.81,8.57,16.55,448.28,6.226,7.19,72.0,48.0,True,True,35.17,7.03,42.2,973.33,2.42,5.14,62.78,0.771,95.59,0,0,0,189.34,7.89,1143.42,1.5,5.384,0.78,0.497
BGW-001,Baghewala Well 1,2024-01-27T00:00:00,1,production,49.48,12.86,898.44,17.58,8.52,16.92,453.5,6.299,7.37,72.0,48.0,True,True,31.44,6.29,37.73,1004.77,2.34,5.49,58.44,0.693,102.15,0,0,0,191.92,8.0,1156.78,1.5,6.104,0.896,0.653
BGW-001,Baghewala Well 1,2024-01-28T00:00:00,1,production,49.45,12.13,839.9,17.62,8.66,17.43,450.94,6.263,7.61,72.0,48.0,True,True,36.53,7.31,43.83,1041.3,2.41,5.28,69.3,0.742,104.15,0,0,0,189.81,7.91,1150.14,1.5,5.196,0.833,0.619
BGW-001,Baghewala Well 1,2024-01-29T00:00:00,1,production,49.41,12.53,751.28,18.2,8.23,17.08,453.97,6.305,7.92,72.0,48.0,True,True,39.9,7.98,47.88,1081.2,2.38,4.94,71.44,0.797,96.36,0,0,0,187.04,7.79,1157.38,1.5,4.688,0.683,0.491
BGW-001,Baghewala Well 1,2024-01-30T00:00:00,2,production,47.83,12.62,791.81,18.33,8.48,14.9,446.99,6.208,7.78,72.0,48.0,True,True,34.47,6.89,41.37,1115.67,2.33,5.55,68.39,0.711,97.79,0,0,0,196.22,8.18,1141.02,1.5,5.692,0.741,0.493
BGW-001,Baghewala Well 1,2024-01-31T00:00:00,2,injection,48.66,12.83,815.27,18.02,8.89,17.64,373.35,4.702,7.73,79.4,44.1,False,False,26.73,5.35,32.07,1142.4,2.32,4.29,61.77,0.784,96.78,0,0,0,176.77,7.37,954.59,1.5,6.614,0.766,0.585
BGW-001,Baghewala Well 1,2024-02-01T00:00:00,2,injection,49.93,12.31,789.64,17.94,8.62,15.91,488.4,6.845,7.99,71.35,43.32,False,False,35.58,7.12,42.69,1177.98,2.5,4.4,66.5,0.755,97.44,0,0,0,187.37,7.81,1243.5,1.5,5.266,0.737,0.518
BGW-001,Baghewala Well 1,2024-02-02T00:00:00,2,injection,51.02,12.3,725.24,17.96,8.52,17.85,445.5,5.936,7.44,75.04,58.72,False,False,46.12,9.22,55.34,1224.1,2.57,4.41,73.18,0.817,96.24,0,0,0,180.5,7.52,1135.4,1.5,3.914,0.65,0.48
BGW-001,Baghewala Well 1,2024-02-03T00:00:00,2,soak,50.88,12.68,744.21,17.96,8.77,15.62,450.0,6.25,7.48,72.0,48.0,False,False,31.75,6.35,38.1,1255.85,2.48,4.0,68.79,0.833,96.2,0,0,0,179.55,7.48,1146.55,1.5,5.655,0.674,0.491
BGW-001,Baghewala Well 1,2024-02-04T00:00:00,2,soak,50.88,12.55,716.69,18.03,8.27,16.06,450.0,6.25,7.12,72.0,48.0,False,False,36.0,7.2,43.2,1291.85,2.34,4.0,78.15,0.855,92.56,0,0,0,178.72,7.45,1146.45,1.5,4.964,0.621,0.418
BGW-001,Baghewala Well 1,2024-02-05T00:00:00,2,soak,50.85,12.58,743.33,17.82,8.3,16.01,450.0,6.25,7.23,72.0,48.0,False,False,35.03,7.01,42.03,1326.88,2.42,4.0,69.03,0.834,95.28,0,0,0,179.4,7.48,1146.53,1.5,5.122,0.668,0.486
BGW-001,Baghewala Well 1,2024-02-06T00:00:00,2,production,50.79,12.32,685.01,18.44,8.3,15.03,488.47,6.784,7.14,72.0,48.0,True,False,43.7,8.74,52.44,1370.57,2.53,5.2,56.7,0.804,97.89,0,0,0,195.08,8.13,1244.58,1.5,4.464,0.608,0.432
BGW-001,Baghewala Well 1,2024-02-07T00:00:00,2,production,50.67,12.51,822.77,17.58,8.49,17.13,450.98,6.264,7.3,72.0,48.0,True,False,33.67,6.73,40.4,1404.24,2.48,5.99,59.81,0.693,102.29,0,0,0,201.65,8.4,1151.65,1.5,5.99,0.802,0.577
BGW-001,Baghewala Well 1,2024-02-08T00:00:00,2,production,50.63,12.22,730.85,18.16,8.26,16.23,430.77,5.983,8.17,72.0,48.0,True,False,41.08,8.22,49.3,1445.32,2.55,4.51,66.91,0.781,92.94,0,0,0,191.89,8.0,1099.95,1.5,4.671,0.641,0.449
BGW-001,Baghewala Well 1,2024-02-09T00:00:00,2,production,50.5,12.99,671.11,18.31,8.33,15.57,409.78,5.691,7.36,72.0,48.0,True,False,41.39,8.28,49.66,1486.71,2.37,5.04,60.92,0.819,94.16,0,0,0,190.0,7.92,1047.24,1.5,4.591,0.572,0.402
BGW-001,Baghewala Well 1,2024-02-10T00:00:00,2,production,50.48,12.78,735.43,18.09,8.32,18.23,431.14,5.988,7.97,72.0,48.0,True,False,40.87,8.17,49.04,1527.57,2.65,5.91,69.63,0.742,105.98,0,0,0,194.93,8.12,1101.25,1.5,4.77,0.712,0.561
BGW-001,Baghewala Well 1,2024-02-11T00:00:00,2,production,50.33,12.19,767.69,17.93,8.54,15.97,481.24,6.684,7.33,72.0,48.0,True,False,39.33,7.87,47.2,1566.91,2.48,4.98,75.98,0.718,100.19,0,0,0,187.16,7.8,1225.56,1.5,4.758,0.723,0.515
BGW-001,Baghewala Well 1,2024-02-12T00:00:00,2,production,50.34,12.67,654.64,18.49,8.47,16.39,455.23,6.323,7.48,72.0,48.0,True,False,36.39,7.28,43.67,1603.3,2.27,4.96,74.66,0.823,91.23,0,0,0,198.16,8.26,1161.86,1.5,5.446,0.537,0.412
BGW-001,Baghewala Well 1,2024-02-13T00:00:00,2,production,50.2,12.4,702.84,18.38,8.47,17.48,453.36,6.297,8.16,72.0,48.0,True,False,34.79,6.96,41.75,1638.08,2.26,4.78,67.94,0.807,95.22,0,0,0,189.82,7.91,1156.18,1.5,5.456,0.617,0.428
BGW-001,Baghewala Well 1,2024-02-14T00:00:00,2,production,50.12,12.7,817.49,17.85,8.39,16.41,476.92,6.624,7.25,72.0,48.0,True,False,32.72,6.54,39.27,1670.81,2.39,5.07,65.09,0.779,97.1,0,0,0,188.8,7.87,1214.96,1.5,5.77,0.77,0.517
BGW-001,Baghewala Well 1,2024-02-15T00:00:00,2,production,50.08,12.91,714.47,18.2,8.46,18.73,434.07,6.029,7.88,72.0,48.0,True,False,45.21,9.04,54.25,1716.01,2.52,5.83,61.29,0.753,100.54,0,0,0,200.58,8.36,1109.24,1.5,4.437,0.658,0.51
BGW-001,Baghewala Well 1,2024-02-16T00:00:00,2,production,49.91,12.65,774.02,18.09,8.38,17.38,434.39,6.033,7.88,72.0,48.0,True,False,40.52,8.1,48.63,1756.54,2.36,5.94,62.22,0.731,99.61,0,0,0,199.27,8.3,1109.9,1.5,4.918,0.728,0.518
BGW-001,Baghewala Well 1,2024-02-17T00:00:00,2,production,49.82,12.45,740.25,18.31,8.44,18.68,419.92,5.832,7.34,72.0,48.0,True,False,35.68,7.14,42.81,1792.21,2.36,4.67,67.52,0.809,95.25,0,0,0,188.68,7.86,1072.43,1.5,5.288,0.664,0.458
BGW-001,Baghewala Well 1,2024-02-18T00:00:00,2,production,49.78,13.08,741.99,17.97,8.42,15.94,452.27,6.281,8.01,72.0,48.0,True,False,32.3,6.46,38.77,1824.52,2.35,5.21,56.96,0.782,98.08,0,0,0,195.84,8.16,1154.17,1.5,6.062,0.68,0.484
BGW-001,Baghewala Well 1,2024-02-19T00:00:00,2,production,49.64,12.48,779.84,18.1,8.73,18.9,468.6,6.508,7.47,72.0,48.0,True,False,33.49,6.7,40.19,1858.01,2.53,5.3,71.88,0.761,99.35,0,0,0,191.56,7.98,1194.49,1.5,5.72,0.734,0.517
BGW-001,Baghewala Well 1,2024-02-20T00:00:00,2,production,49.54,12.49,724.03,18.14,8.29,17.63,507.09,7.043,7.64,72.0,48.0,True,False,39.28,7.86,47.14,1897.29,2.42,5.8,61.63,0.768,97.47,0,0,0,199.69,8.32,1291.69,1.5,5.084,0.655,0.51
BGW-001,Baghewala Well 1,2024-02-21T00:00:00,2,production,49.47,12.77,764.75,18.22,8.27,16.33,460.69,6.399,7.19,72.0,48.0,True,False,37.6,7.52,45.12,1934.89,2.43,5.39,71.05,0.771,97.96,0,0,0,196.12,8.17,1175.27,1.5,5.216,0.708,0.502
BGW-001,Baghewala Well 1,2024-02-22T00:00:00,2,production,49.39,12.53,755.74,18.16,8.54,17.98,461.36,6.408,7.61,72.0,48.0,True,False,36.02,7.2,43.23,1970.91,2.46,6.46,65.84,0.744,103.44,0,0,0,194.85,8.12,1176.77,1.5,5.409,0.724,0.522
BGW-001,Baghewala Well 1,2024-02-23T00:00:00,2,production,49.35,12.74,771.82,18.13,8.52,16.68,466.04,6.473,7.9,72.0,48.0,True,False,40.11,8.02,48.13,2011.02,2.43,5.41,59.01,0.773,101.19,0,0,0,194.71,8.11,1188.45,1.5,4.854,0.733,0.562
BGW-001,Baghewala Well 1,2024-02-24T00:00:00,2,production,49.27,11.96,844.31,17.86,8.6,16.85,462.54,6.424,7.5,72.0,48.0,True,False,41.46,8.29,49.75,2052.48,2.26,6.05,61.48,0.695,99.97,0,0,0,199.82,8.33,1180.33,1.5,4.82,0.818,0.564
BGW-001,Baghewala Well 1,2024-02-25T00:00:00,2,production,49.18,12.4,778.62,18.14,8.41,17.38,436.28,6.059,7.19,72.0,48.0,True,True,33.56,6.71,40.27,2086.04,2.45,5.31,61.13,0.765,95.87,0,0,0,186.17,7.76,1113.04,1.5,5.547,0.715,0.505
BGW-001,Baghewala Well 1,2024-02-26T00:00:00,2,production,49.13,12.55,843.81,17.81,8.71,16.34,472.05,6.556,8.2,72.0,48.0,True,True,34.86,6.97,41.84,2120.91,2.4,5.57,70.55,0.739,100.38,0,0,0,203.78,8.49,1204.59,1.5,5.845,0.819,0.583
BGW-001,Baghewala Well 1,2024-02-27T00:00:00,2,production,49.05,12.67,812.48,17.87,8.48,17.67,467.68,6.496,7.78,72.0,48.0,True,True,41.02,8.2,49.23,2161.93,2.41,4.84,72.72,0.737,100.25,0,0,0,194.97,8.12,1192.6,1.5,4.752,0.779,0.536
BGW-001,Baghewala Well 1,2024-02-28T00:00:00,2,production,48.92,12.39,832.8,17.97,8.53,17.95,463.93,6.444,6.97,72.0,48.0,True,True,36.58,7.32,43.9,2198.52,2.69,4.48,60.15,0.762,99.71,0,0,0,187.82,7.83,1182.37,1.5,5.134,0.802,0.547
BGW-001,Baghewala Well 1,2024-02-29T00:00:00,3,production,47.36,12.82,747.2,18.43,8.49,17.37,430.02,5.973,7.4,72.0,48.0,True,True,32.83,6.57,39.4,2231.35,2.44,5.11,62.64,0.736,95.96,0,0,0,185.14,7.71,1097.28,1.5,5.639,0.676,0.464
BGW-001,Baghewala Well 1,2024-03-01T00:00:00,3,injection,49.11,12.77,818.2,17.87,8.92,17.96,489.11,6.033,7.66,81.07,39.44,False,False,35.94,7.19,43.13,2267.29,2.53,3.88,74.38,0.808,99.36,0,0,0,185.6,7.73,1245.05,1.5,5.164,0.782,0.554
BGW-001,Baghewala Well 1,2024-03-02T00:00:00,3,injection,50.53,12.58,725.33,18.0,8.76,17.17,453.76,7.421,7.09,61.15,42.84,False,False,34.39,6.88,41.26,2301.68,2.57,4.85,73.41,0.802,96.62,0,0,0,193.11,8.05,1157.57,1.5,5.616,0.652,0.474
BGW-001,Baghewala Well 1,2024-03-03T00:00:00,3,injection,51.46,12.02,642.09,18.3,8.67,17.5,417.26,6.041,7.75,69.07,54.95,False,False,29.63,5.93,35.55,2331.31,2.37,3.96,66.68,0.873,94.05,0,0,0,172.05,7.17,1063.78,1.5,5.807,0.535,0.391
BGW-001,Baghewala Well 1,2024-03-04T00:00:00,3,soak,51.39,12.45,803.96,17.53,8.56,17.77,450.0,6.25,7.73,72.0,48.0,False,False,31.09,6.22,37.31,2362.39,2.34,4.0,70.26,0.806,95.88,0,0,0,180.36,7.52,1146.64,1.5,5.802,0.747,0.537
BGW-001,Baghewala Well 1,2024-03-05T00:00:00,3,soak,51.3,12.75,769.86,17.7,8.1,18.11,450.0,6.25,7.29,72.0,48.0,False,False,33.12,6.62,39.75,2395.52,2.45,4.0,57.06,0.859,100.82,0,0,0,192.22,8.01,1148.07,1.5,5.803,0.729,0.554
BGW-001,Baghewala Well 1,2024-03-06T00:00:00,3,soak,51.3,12.67,807.4,17.54,8.56,17.07,450.0,6.25,7.64,72.0,48.0,False,False,36.66,7.33,43.99,2432.17,2.5,4.0,65.33,0.799,97.25,0,0,0,181.43,7.56,1146.77,1.5,4.95,0.758,0.536
BGW-001,Baghewala Well 1,2024-03-07T00:00:00,3,production,51.25,12.31,735.1,17.75,8.38,17.01,433.56,6.022,7.57,72.0,48.0,True,False,36.42,7.28,43.7,2468.59,2.34,5.53,67.33,0.786,96.43,0,0,0,192.85,8.04,1107.03,1.5,5.296,0.664,0.493
BGW-001,Baghewala Well 1,2024-03-08T00:00:00,3,production,51.14,12.75,795.7,17.46,8.64,18.43,442.98,6.153,7.98,72.0,48.0,True,False,31.81,6.36,38.18,2500.4,2.29,4.66,59.84,0.79,93.55,0,0,0,194.79,8.12,1130.83,1.5,6.123,0.725,0.531
BGW-001,Baghewala Well 1,2024-03-09T00:00:00,3,production,51.13,12.39,740.5,17.92,8.38,15.57,456.75,6.344,8.08,72.0,48.0,True,False,40.25,8.05,48.3,2540.66,2.24,5.66,60.76,0.746,96.23,0,0,0,197.21,8.22,1165.55,1.5,4.9,0.669,0.473
BGW-001,Baghewala Well 1,2024-03-10T00:00:00,3,production,51.09,12.26,708.51,17.99,8.71,17.28,432.03,6.0,7.36,72.0,48.0,True,False,43.21,8.64,51.86,2583.87,2.48,6.25,61.59,0.757,98.08,0,0,0,200.51,8.35,1104.14,1.5,4.64,0.639,0.473
BGW-001,Baghewala Well 1,2024-03-11T00:00:00,3,production,51.01,12.35,857.97,17.33,8.7,17.72,488.04,6.778,7.8,72.0,48.0,True,False,37.56,7.51,45.07,2621.43,2.55,5.57,65.16,0.666,103.29,0,0,0,205.57,8.57,1244.78,1.5,5.473,0.851,0.601
BGW-001,Baghewala Well 1,2024-03-12T00:00:00,3,production,50.87,12.59,673.54,18.31,8.8,17.38,452.22,6.281,7.02,72.0,48.0,True,False,37.73,7.55,45.27,2659.15,2.41,6.1,59.33,0.781,96.01,0,0,0,199.18,8.3,1154.46,1.5,5.28,0.584,0.399
BGW-001,Baghewala Well 1,2024-03-13T00:00:00,3,production,50.77,12.68,682.98,18.24,7.97,18.87,462.83,6.428,7.42,72.0,48.0,True,False,45.92,9.18,55.11,2705.08,2.41,5.22,65.34,0.823,91.49,0,0,0,205.01,8.54,1181.67,1.5,4.464,0.574,0.388
BGW-001,Baghewala Well 1,2024-03-14T00:00:00,3,production,50.67,12.6,709.58,18.19,8.4,18.14,474.99,6.597,7.74,72.0,48.0,True,False,40.0,8.0,48.01,2745.08,2.28,5.55,75.94,0.784,96.55,0,0,0,196.53,8.19,1211.05,1.5,4.913,0.632,0.472
BGW-001,Baghewala Well 1,2024-03-15T00:00:00,3,production,50.67,12.14,801.96,17.83,8.52,18.48,448.52,6.229,7.74,72.0,48.0,True,False,36.53,7.31,43.83,2781.61,2.19,6.21,70.59,0.697,100.96,0,0,0,204.36,8.51,1145.83,1.5,5.595,0.77,0.558
BGW-001,Baghewala Well 1,2024-03-16T00:00:00,3,production,50.7,12.25,667.91,18.32,8.33,18.56,440.17,6.113,7.21,72.0,48.0,True,False,42.65,8.53,51.18,2824.26,2.53,6.0,70.49,0.797,93.09,0,0,0,191.34,7.97,1123.38,1.5,4.486,0.563,0.382
BGW-001,Baghewala Well 1,2024-03-17T00:00:00,3,production,50.56,12.94,759.65,17.79,8.92,18.7,431.41,5.992,7.91,72.0,48.0,True,False,33.83,6.77,40.59,2858.09,2.33,5.12,63.99,0.748,98.4,0,0,0,189.67,7.9,1101.27,1.5,5.607,0.704,0.516
BGW-001,Baghewala Well 1,2024-03-18T00:00:00,3,production,50.45,12.73,793.22,17.83,8.92,18.59,447.49,6.215,7.46,72.0,48.0,True,False,36.72,7.34,44.07,2894.81,2.47,5.3,68.6,0.764,98.16,0,0,0,200.69,8.36,1142.8,1.5,5.465,0.745,0.543
BGW-001,Baghewala Well 1,2024-03-19T00:00:00,3,production,50.38,11.88,668.73,18.41,8.78,18.01,453.73,6.302,7.06,72.0,48.0,True,False,40.33,8.07,48.39,2935.13,2.31,6.62,66.63,0.794,94.41,0,0,0,202.95,8.46,1158.69,1.5,5.033,0.578,0.391
BGW-001,Baghewala Well 1,2024-03-20T00:00:00,3,production,50.28,12.23,873.15,17.47,8.75,19.55,432.7,6.01,7.62,72.0,48.0,True,False,37.01,7.4,44.41,2972.14,2.5,5.37,61.39,0.703,107.6,0,0,0,186.35,7.76,1104.11,1.5,5.035,0.892,0.659
BGW-001,Baghewala Well 1,2024-03-21T00:00:00,3,production,50.23,12.49,671.5,18.38,8.34,18.98,442.95,6.152,7.76,72.0,48.0,True,False,39.23,7.85,47.08,3011.38,2.33,5.92,61.3,0.814,98.75,0,0,0,197.65,8.24,1131.09,1.5,5.038,0.596,0.443
BGW-001,Baghewala Well 1,2024-03-22T00:00:00,3,production,50.13,12.37,766.7,17.94,8.85,18.0,423.23,5.878,7.75,72.0,48.0,True,False,29.88,5.98,35.86,3041.26,2.54,4.34,64.03,0.791,98.13,0,0,0,193.64,8.07,1081.3,1.5,6.481,0.712,0.515
BGW-001,Baghewala Well 1,2024-03-23T00:00:00,3,production,50.03,12.06,696.0,18.45,8.64,20.34,457.34,6.352,7.75,72.0,48.0,True,False,37.35,7.47,44.83,3078.61,2.44,5.74,63.43,0.758,98.03,0,0,0,185.46,7.73,1165.6,1.5,4.965,0.623,0.467
BGW-001,Baghewala Well 1,2024-03-24T00:00:00,3,production,49.89,12.29,833.42,17.68,8.61,20.31,455.02,6.32,8.31,72.0,48.0,True,False,27.89,5.58,33.47,3106.5,2.51,5.48,62.83,0.719,101.33,0,0,0,182.22,7.59,1159.41,1.5,6.533,0.811,0.577
BGW-001,Baghewala Well 1,2024-03-25T00:00:00,3,production,49.9,12.95,778.97,18.0,8.27,18.11,414.93,5.763,7.76,72.0,48.0,True,False,36.31,7.26,43.57,3142.81,2.39,5.89,63.7,0.735,98.75,0,0,0,192.05,8.0,1060.37,1.5,5.29,0.73,0.511
BGW-001,Baghewala Well 1,2024-03-26T00:00:00,3,production,49.7,11.74,907.02,17.39,8.59,18.67,464.48,6.451,7.43,72.0,48.0,True,True,33.39,6.68,40.07,3176.2,2.31,5.77,60.87,0.689,105.75,1,0,0,190.39,7.93,1184.04,1.5,5.702,0.925,0.675
BGW-001,Baghewala Well 1,2024-03-27T00:00:00,3,production,49.64,12.51,776.48,18.1,8.41,19.72,440.11,6.113,7.51,72.0,48.0,True,True,34.06,6.81,40.87,3210.26,2.45,5.14,76.0,0.723,99.55,0,0,0,192.51,8.02,1123.38,1.5,5.652,0.731,0.515
BGW-001,Baghewala Well 1,2024-03-28T00:00:00,3,production,49.58,12.4,799.14,17.83,8.4,18.9,456.45,6.34,7.14,72.0,48.0,True,True,40.3,8.06,48.36,3250.56,2.42,5.72,64.92,0.755,102.92,0,0,0,205.92,8.58,1165.84,1.5,5.109,0.776,0.558
BGW-001,Baghewala Well 1,2024-03-29T00:00:00,3,production,49.44,12.09,764.41,18.13,8.48,21.07,463.2,6.433,7.75,72.0,48.0,True,True,40.91,8.18,49.09,3291.47,2.42,5.34,56.36,0.727,94.09,0,0,0,190.0,7.92,1180.81,1.5,4.644,0.688,0.465
BGW-001,Baghewala Well 1,2024-03-30T00:00:00,4,production,47.89,12.74,854.04,17.89,8.69,20.96,441.55,6.133,7.24,72.0,48.0,True,True,29.3,5.86,35.16,3320.77,2.33,5.06,68.21,0.724,100.22,0,0,0,195.71,8.15,1127.35,1.5,6.68,0.831,0.603
BGW-001,Baghewala Well 1,2024-03-31T00:00:00,4,injection,48.8,12.44,976.91,17.26,8.13,19.69,425.13,5.509,6.41,77.17,41.82,False,False,34.67,6.93,41.6,3355.43,2.35,4.69,61.76,0.673,108.02,0,0,0,188.01,7.83,1085.38,1.5,5.424,0.95,0.68
BGW-001,Baghewala Well 1,2024-04-01T00:00:00,4,injection,50.37,12.96,752.73,18.04,8.6,19.35,537.27,7.543,7.26,71.23,47.39,False,False,36.41,7.28,43.69,3391.84,2.63,4.8,68.64,0.777,95.39,0,0,0,197.19,8.22,1366.84,1.5,5.415,0.68,0.488
BGW-001,Baghewala Well 1,2024-04-02T00:00:00,4,injection,51.97,12.54,794.11,17.48,8.34,18.6,506.16,6.31,7.78,80.21,54.7,False,False,34.48,6.9,41.38,3426.33,2.31,4.49,52.95,0.79,92.55,0,1,0,192.5,8.02,1288.5,1.5,5.582,0.718,0.48
BGW-001,Baghewala Well 1,2024-04-03T00:00:00,4,soak,51.89,12.2,733.67,17.88,8.02,20.2,450.0,6.25,7.34,72.0,48.0,False,False,41.36,8.27,49.63,3467.69,2.44,4.0,69.52,0.832,93.26,0,0,0,185.79,7.74,1147.29,1.5,4.492,0.646,0.408
BGW-001,Baghewala Well 1,2024-04-04T00:00:00,4,soak,51.81,12.53,677.0,18.12,8.46,21.84,450.0,6.25,8.42,72.0,48.0,False,False,36.07,7.21,43.28,3503.76,2.35,4.0,59.36,0.867,91.19,0,0,0,185.55,7.73,1147.27,1.5,5.144,0.565,0.368
BGW-001,Baghewala Well 1,2024-04-05T00:00:00,4,soak,51.77,12.37,646.94,18.35,8.47,19.62,450.0,6.25,7.29,72.0,48.0,False,False,42.49,8.5,50.98,3546.24,2.39,4.0,65.82,0.851,88.99,0,0,0,180.32,7.51,1146.64,1.5,4.244,0.516,0.343
BGW-001,Baghewala Well 1,2024-04-06T00:00:00,4,production,51.67,13.07,741.66,17.66,8.67,20.56,457.53,6.355,7.93,72.0,48.0,True,False,40.64,8.13,48.76,3586.88,2.59,5.53,65.43,0.782,101.57,0,0,0,199.73,8.32,1167.8,1.5,4.915,0.697,0.522
BGW-001,Baghewala Well 1,2024-04-07T00:00:00,4,production,51.64,12.48,748.07,17.84,8.59,22.14,448.6,6.231,7.72,72.0,48.0,True,False,30.11,6.02,36.13,3616.99,2.36,4.06,66.25,0.856,97.03,0,0,0,180.77,7.53,1143.19,1.5,6.003,0.683,0.497
BGW-001,Baghewala Well 1,2024-04-08T00:00:00,4,production,51.68,12.23,728.09,17.94,8.95,21.47,453.42,6.298,7.55,72.0,48.0,True,False,42.15,8.43,50.57,3659.14,2.38,6.24,70.77,0.745,99.14,0,0,0,199.69,8.32,1157.52,1.5,4.738,0.668,0.488
BGW-001,Baghewala Well 1,2024-04-09T00:00:00,4,production,51.53,12.34,715.69,18.14,8.35,22.3,426.8,5.928,7.4,72.0,48.0,True,False,35.99,7.2,43.19,3695.13,2.32,5.34,69.63,0.772,96.92,0,0,0,187.69,7.82,1089.53,1.5,5.215,0.642,0.515
BGW-001,Baghewala Well 1,2024-04-10T00:00:00,4,production,51.39,13.1,758.49,17.81,8.45,20.48,445.66,6.19,8.09,72.0,48.0,True,False,31.01,6.2,37.21,3726.14,2.48,4.73,63.11,0.795,95.78,0,0,0,190.3,7.93,1136.99,1.5,6.137,0.69,0.492
BGW-001,Baghewala Well 1,2024-04-11T00:00:00,4,production,51.31,12.67,671.62,18.43,8.63,19.92,429.47,5.965,7.01,72.0,48.0,True,False,40.7,8.14,48.84,3766.84,2.27,5.83,65.58,0.821,95.96,0,0,0,190.96,7.96,1096.59,1.5,4.692,0.582,0.427
BGW-001,Baghewala Well 1,2024-04-12T00:00:00,4,production,51.21,11.95,729.23,17.86,8.49,18.33,430.12,5.974,7.76,72.0,48.0,True,False,38.51,7.7,46.21,3805.35,2.28,5.88,72.26,0.712,97.84,0,0,0,194.7,8.11,1098.66,1.5,5.056,0.663,0.494
BGW-001,Baghewala Well 1,2024-04-13T00:00:00,4,production,51.13,12.76,774.88,17.76,8.51,19.47,440.09,6.112,7.67,72.0,48.0,True,False,36.37,7.27,43.64,3841.72,2.48,5.7,62.57,0.721,102.41,0,0,0,191.29,7.97,1123.19,1.5,5.26,0.743,0.573
BGW-001,Baghewala Well 1,2024-04-14T00:00:00,4,production,51.08,12.46,813.01,17.56,8.48,19.69,437.4,6.075,6.99,72.0,48.0,True,False,40.68,8.14,48.81,3882.39,2.53,5.77,71.67,0.736,102.93,0,0,0,197.72,8.24,1117.22,1.5,4.861,0.793,0.587
BGW-001,Baghewala Well 1,2024-04-15T00:00:00,4,production,51.0,12.27,826.15,17.49,8.58,20.15,482.55,6.702,7.43,72.0,48.0,True,False,35.3,7.06,42.36,3917.69,2.4,5.22,67.31,0.765,99.11,0,0,0,195.84,8.16,1229.87,1.5,5.548,0.791,0.529
BGW-001,Baghewala Well 1,2024-04-16T00:00:00,4,production,50.91,12.37,809.14,17.73,8.19,20.21,441.24,6.128,7.23,72.0,48.0,True,False,36.97,7.39,44.36,3954.66,2.32,4.98,71.68,0.759,95.42,0,0,0,190.34,7.93,1125.94,1.5,5.149,0.751,0.509
BGW-001,Baghewala Well 1,2024-04-17T00:00:00,4,production,50.87,12.99,851.91,17.39,8.3,19.6,473.41,6.575,7.48,72.0,48.0,True,False,36.09,7.22,43.3,3990.74,2.46,5.25,64.1,0.708,99.53,0,0,0,194.31,8.1,1206.85,1.5,5.385,0.825,0.617
BGW-001,Baghewala Well 1,2024-04-18T00:00:00,4,production,50.83,12.14,705.54,18.02,8.21,20.93,461.3,6.407,7.02,72.0,48.0,True,False,39.37,7.87,47.25,4030.12,2.53,5.3,69.41,0.799,98.45,0,0,0,195.92,8.16,1176.75,1.5,4.976,0.637,0.508
BGW-001,Baghewala Well 1,2024-04-19T00:00:00,4,production,50.69,12.58,817.79,17.57,8.75,19.74,470.77,6.539,7.47,72.0,48.0,True,False,41.13,8.23,49.35,4071.24,2.33,5.54,65.35,0.723,101.7,0,0,0,192.14,8.01,1199.99,1.5,4.672,0.793,0.604
BGW-001,Baghewala Well 1,2024-04-20T00:00:00,4,production,50.66,13.05,788.22,17.67,8.37,20.63,454.35,6.31,7.84,72.0,48.0,True,False,41.11,8.22,49.33,4112.35,2.5,5.58,63.45,0.749,99.08,0,0,0,198.34,8.26,1159.68,1.5,4.825,0.743,0.539
BGW-001,Baghewala Well 1,2024-04-21T00:00:00,4,production,50.57,12.5,728.22,17.95,8.22,20.74,468.66,6.509,7.91,72.0,48.0,True,False,40.89,8.18,49.06,4153.24,2.42,4.73,65.27,0.839,95.67,0,0,0,188.96,7.87,1194.31,1.5,4.621,0.651,0.471
BGW-001,Baghewala Well 1,2024-04-22T00:00:00,4,production,50.49,12.34,667.1,18.46,8.67,20.95,461.89,6.415,7.37,72.0,48.0,True,False,43.26,8.65,51.91,4196.5,2.25,6.06,58.2,0.793,92.67,0,0,0,210.28,8.76,1179.97,1.5,4.861,0.56,0.439
BGW-001,Baghewala Well 1,2024-04-23T00:00:00,4,production,50.52,13.06,679.42,18.33,8.49,21.12,457.63,6.356,7.9,72.0,48.0,True,False,38.89,7.78,46.67,4235.39,2.4,5.5,55.37,0.811,96.81,0,0,0,194.43,8.1,1167.41,1.5,5.0,0.596,0.437
BGW-001,Baghewala Well 1,2024-04-24T00:00:00,4,production,50.38,12.56,700.09,18.23,8.35,21.92,444.84,6.178,7.71,72.0,48.0,True,False,41.68,8.34,50.01,4277.07,2.32,5.42,54.89,0.803,97.36,0,0,0,189.51,7.9,1134.84,1.5,4.547,0.624,0.479
BGW-001,Baghewala Well 1,2024-04-25T00:00:00,4,production,50.44,12.24,788.06,17.86,8.53,19.0,432.41,6.006,7.09,72.0,48.0,True,True,32.65,6.53,39.18,4309.72,2.42,4.84,62.97,0.766,98.41,0,0,0,184.16,7.67,1103.13,1.5,5.641,0.74,0.513
BGW-001,Baghewala Well 1,2024-04-26T00:00:00,4,production,50.27,12.35,836.13,17.6,8.52,22.12,431.58,5.994,7.95,72.0,48.0,True,True,34.23,6.85,41.08,4343.95,2.25,5.83,63.39,0.68,101.55,0,0,0,192.21,8.01,1102.02,1.5,5.615,0.815,0.58
BGW-001,Baghewala Well 1,2024-04-27T00:00:00,4,production,50.18,12.64,729.22,18.03,8.3,19.4,497.81,6.914,7.27,72.0,48.0,True,True,41.07,8.21,49.28,4385.02,2.43,6.11,65.03,0.764,99.04,0,0,0,197.02,8.21,1268.18,1.5,4.797,0.669,0.508
BGW-001,Baghewala Well 1,2024-04-28T00:00:00,4,production,50.06,12.4,743.02,18.21,8.55,20.65,452.69,6.287,7.05,72.0,48.0,True,True,37.36,7.47,44.83,4422.38,2.47,5.83,67.43,0.766,100.04,0,0,0,199.11,8.3,1155.62,1.5,5.329,0.691,0.501
BGW-001,Baghewala Well 1,2024-04-29T00:00:00,5,production,48.51,12.67,966.34,17.23,8.73,20.47,459.43,6.381,7.75,72.0,48.0,True,True,29.69,5.94,35.63,4452.07,2.3,5.52,65.43,0.664,106.04,0,0,0,194.27,8.09,1171.89,1.5,6.543,0.95,0.694
BGW-001,Baghewala Well 1,2024-04-30T00:00:00,5,injection,49.68,12.73,883.72,17.52,8.58,20.51,498.87,6.584,7.56,75.77,44.19,False,False,32.24,6.45,38.69,4484.32,2.34,4.48,69.41,0.726,104.45,0,1,0,189.53,7.9,1269.92,1.5,5.878,0.889,0.644
BGW-001,Baghewala Well 1,2024-05-01T00:00:00,5,injection,51.3,12.73,720.57,18.02,8.79,20.95,479.55,6.435,7.29,74.52,59.25,False,False,35.26,7.05,42.31,4519.57,2.51,4.45,64.09,0.828,97.37,0,0,0,181.63,7.57,1220.68,1.5,5.151,0.65,0.49
BGW-001,Baghewala Well 1,2024-05-02T00:00:00,5,injection,52.67,12.48,663.54,18.11,8.79,21.18,410.94,5.582,7.58,73.62,54.03,False,False,38.28,7.66,45.94,4557.86,2.14,3.96,52.52,0.889,90.4,0,0,0,177.06,7.38,1048.59,1.5,4.625,0.544,0.39
BGW-001,Baghewala Well 1,2024-05-03T00:00:00,5,soak,52.57,12.68,711.84,17.89,8.46,20.1,450.0,6.25,7.37,72.0,48.0,False,False,38.61,7.72,46.33,4596.47,2.43,4.0,69.08,0.873,91.26,0,0,0,181.15,7.55,1146.74,1.5,4.692,0.609,0.419
BGW-001,Baghewala Well 1,2024-05-04T00:00:00,5,soak,52.49,12.7,688.5,18.0,8.68,20.98,450.0,6.25,8.28,72.0,48.0,False,False,37.29,7.46,44.75,4633.76,2.46,4.0,66.6,0.856,92.59,0,1,0,184.53,7.69,1147.14,1.5,4.948,0.586,0.394
BGW-001,Baghewala Well 1,2024-05-05T00:00:00,5,soak,52.47,12.44,722.45,17.76,8.08,20.63,450.0,6.25,7.4,72.0,48.0,False,False,38.54,7.71,46.25,4672.3,2.38,4.0,61.49,0.851,94.48,0,0,0,175.45,7.31,1146.05,1.5,4.553,0.638,0.442
BGW-001,Baghewala Well 1,2024-05-06T00:00:00,5,production,52.41,12.61,620.0,18.21,8.51,22.15,409.46,5.687,7.56,72.0,48.0,True,False,47.61,9.52,57.13,4719.9,2.59,6.05,63.56,0.798,95.29,0,0,0,194.33,8.1,1046.96,1.5,4.082,0.514,0.373
BGW-001,Baghewala Well 1,2024-05-07T00:00:00,5,production,52.31,12.28,641.19,18.22,8.27,20.64,472.31,6.56,7.7,72.0,48.0,True,False,41.53,8.31,49.83,4761.43,2.36,5.67,66.64,0.781,86.26,0,0,0,193.25,8.05,1203.95,1.5,4.654,0.495,0.273
BGW-001,Baghewala Well 1,2024-05-08T00:00:00,5,production,52.2,12.5,685.24,18.1,8.49,22.85,475.91,6.61,7.4,72.0,48.0,True,False,34.84,6.97,41.8,4796.27,2.24,6.02,63.97,0.784,95.4,0,0,0,209.42,8.73,1214.91,1.5,6.012,0.596,0.44
BGW-001,Baghewala Well 1,2024-05-09T00:00:00,5,production,52.08,12.13,684.1,17.96,8.51,22.34,461.58,6.411,7.23,72.0,48.0,True,False,42.09,8.42,50.51,4838.36,2.49,5.61,62.54,0.828,93.29,0,0,0,195.29,8.14,1177.38,1.5,4.64,0.584,0.405
BGW-001,Baghewala Well 1,2024-05-10T00:00:00,5,production,52.04,12.32,653.98,18.12,8.57,22.1,420.3,5.837,7.85,72.0,48.0,True,False,45.84,9.17,55.01,4884.2,2.3,5.89,63.49,0.83,97.95,0,0,0,187.64,7.82,1073.26,1.5,4.093,0.57,0.452
BGW-001,Baghewala Well 1,2024-05-11T00:00:00,5,production,51.8,12.89,678.96,18.24,8.46,20.97,452.66,6.287,7.74,72.0,48.0,True,False,43.92,8.78,52.71,4928.12,2.29,4.66,62.12,0.838,92.68,0,0,0,187.98,7.83,1154.2,1.5,4.28,0.575,0.383
BGW-001,Baghewala Well 1,2024-05-12T00:00:00,5,production,51.71,12.21,734.55,17.82,8.59,20.01,478.97,6.652,7.7,72.0,48.0,True,False,43.9,8.78,52.67,4972.02,2.53,6.03,71.85,0.723,98.87,0,0,0,200.54,8.36,1221.5,1.5,4.569,0.675,0.516
BGW-001,Baghewala Well 1,2024-05-13T00:00:00,5,production,51.66,12.32,716.38,17.86,8.66,19.0,443.03,6.153,7.47,72.0,48.0,True,False,40.52,8.1,48.62,5012.54,2.4,4.9,58.06,0.842,95.44,0,0,0,185.93,7.75,1129.89,1.5,4.589,0.635,0.476
BGW-001,Baghewala Well 1,2024-05-14T00:00:00,5,production,51.55,13.05,690.77,18.22,8.51,23.64,461.01,6.403,7.8,72.0,48.0,True,False,40.89,8.18,49.06,5053.42,2.41,5.3,73.4,0.815,99.4,0,0,0,185.49,7.73,1174.79,1.5,4.536,0.623,0.508
BGW-001,Baghewala Well 1,2024-05-15T00:00:00,5,production,51.47,12.29,718.72,18.01,8.56,23.52,450.58,6.258,7.76,72.0,48.0,True,False,45.54,9.11,54.65,5098.96,2.41,5.53,69.69,0.804,92.96,0,0,0,192.66,8.03,1149.56,1.5,4.231,0.626,0.417
BGW-001,Baghewala Well 1,2024-05-16T00:00:00,5,production,51.38,12.43,660.49,18.22,8.34,21.19,452.51,6.285,7.3,72.0,48.0,True,False,45.55,9.11,54.66,5144.52,2.44,5.51,66.24,0.817,92.55,0,0,0,190.91,7.95,1154.19,1.5,4.191,0.551,0.408
BGW-001,Baghewala Well 1,2024-05-17T00:00:00,5,production,51.27,12.69,722.08,17.91,8.43,22.63,415.76,5.775,7.6,72.0,48.0,True,False,43.22,8.64,51.86,5187.73,2.54,6.33,57.5,0.75,98.42,0,0,0,190.5,7.94,1062.27,1.5,4.408,0.657,0.458
BGW-001,Baghewala Well 1,2024-05-18T00:00:00,5,production,51.23,12.67,628.84,18.43,8.39,22.35,465.74,6.469,7.85,72.0,48.0,True,False,42.75,8.55,51.3,5230.49,2.29,6.6,64.28,0.809,92.34,0,0,0,205.59,8.57,1189.02,1.5,4.809,0.516,0.385
BGW-001,Baghewala Well 1,2024-05-19T00:00:00,5,production,51.22,12.84,690.33,18.15,8.7,22.86,444.51,6.174,7.32,72.0,48.0,True,False,38.39,7.68,46.07,5268.88,2.37,4.9,66.47,0.832,91.95,0,0,0,180.5,7.52,1132.92,1.5,4.702,0.585,0.424
BGW-001,Baghewala Well 1,2024-05-20T00:00:00,5,production,51.17,12.05,741.53,17.8,8.5,22.34,423.51,5.882,7.95,72.0,48.0,True,False,41.93,8.39,50.32,5310.81,2.25,5.79,58.11,0.8,96.12,0,0,0,191.83,7.99,1081.78,1.5,4.575,0.67,0.474
BGW-001,Baghewala Well 1,2024-05-21T00:00:00,5,production,51.06,12.31,726.7,18.02,8.48,23.97,439.58,6.105,7.44,72.0,48.0,True,False,42.79,8.56,51.34,5353.59,2.35,6.38,64.06,0.722,97.17,0,0,0,205.15,8.55,1123.57,1.5,4.795,0.657,0.488
BGW-001,Baghewala Well 1,2024-05-22T00:00:00,5,production,51.11,12.38,735.59,18.03,8.26,23.27,422.4,5.867,7.6,72.0,48.0,True,False,38.5,7.7,46.2,5392.1,2.29,5.63,69.85,0.769,98.95,0,0,0,190.3,7.93,1078.83,1.5,4.943,0.677,0.51
BGW-001,Baghewala Well 1,2024-05-23T00:00:00,5,production,51.0,12.06,736.2,17.94,8.48,22.93,474.47,6.59,7.35,72.0,48.0,True,False,40.13,8.03,48.16,5432.23,2.38,5.32,70.43,0.805,96.07,0,0,0,194.24,8.09,1209.5,1.5,4.84,0.663,0.473
BGW-001,Baghewala Well 1,2024-05-24T00:00:00,5,production,50.91,13.14,677.24,18.33,8.46,20.46,449.39,6.242,7.01,72.0,48.0,True,False,44.45,8.89,53.34,5476.68,2.37,5.74,55.66,0.801,97.71,0,0,0,198.7,8.28,1147.32,1.5,4.47,0.598,0.443
BGW-001,Baghewala Well 1,2024-05-25T00:00:00,5,production,50.74,13.04,725.78,18.14,8.88,20.86,460.96,6.402,7.73,72.0,48.0,True,True,44.35,8.87,53.22,5521.03,2.41,6.21,70.2,0.774,99.39,0,0,0,195.73,8.16,1175.9,1.5,4.413,0.667,0.454
BGW-001,Baghewala Well 1,2024-05-26T00:00:00,5,production,50.58,12.69,679.57,18.41,8.12,20.35,446.87,6.206,6.83,72.0,48.0,True,True,42.32,8.46,50.78,5563.35,2.48,5.15,62.95,0.849,96.09,0,0,0,185.78,7.74,1139.46,1.5,4.391,0.592,0.413
BGW-001,Baghewala Well 1,2024-05-27T00:00:00,5,production,50.52,12.34,887.4,17.36,8.75,25.21,422.24,5.864,7.16,72.0,48.0,True,True,32.91,6.58,39.5,5596.26,2.58,5.36,69.61,0.713,105.88,0,0,0,196.39,8.18,1079.17,1.5,5.967,0.901,0.665
BGW-001,Baghewala Well 1,2024-05-28T00:00:00,5,production,50.38,12.7,721.82,18.19,8.43,23.08,476.1,6.613,7.39,72.0,48.0,True,True,36.99,7.4,44.39,5633.25,2.31,5.82,66.57,0.756,98.02,0,1,0,207.58,8.65,1215.17,1.5,5.612,0.655,0.463
BGW-001,Baghewala Well 1,2024-05-29T00:00:00,6,production,48.89,12.94,881.21,17.69,8.26,23.62,431.89,5.999,6.91,72.0,48.0,True,True,33.39,6.68,40.06,5666.64,2.49,4.93,64.58,0.702,100.52,0,0,0,185.99,7.75,1102.05,1.5,5.571,0.867,0.655
BGW-001,Baghewala Well 1,2024-05-30T00:00:00,6,injection,49.96,12.28,728.38,18.19,8.61,22.11,447.37,6.222,8.25,71.9,43.2,False,False,38.78,7.76,46.53,5705.41,2.5,4.39,62.49,0.836,93.57,0,0,0,190.27,7.93,1141.25,1.5,4.907,0.641,0.449
BGW-001,Baghewala Well 1,2024-05-31T00:00:00,6,injection,51.16,12.7,792.85,17.49,8.35,21.05,436.13,6.565,7.1,66.43,44.67,False,False,33.79,6.76,40.54,5739.2,2.3,4.26,56.24,0.84,96.78,0,0,0,182.74,7.61,1112.24,1.5,5.409,0.737,0.475
BGW-001,Baghewala Well 1,2024-06-01T00:00:00,6,injection,52.4,12.18,724.64,17.71,8.57,22.19,407.83,5.443,7.4,74.93,49.33,False,False,41.33,8.27,49.6,5780.53,2.31,4.38,64.56,0.827,92.84,0,0,0,186.51,7.77,1041.95,1.5,4.512,0.632,0.422
BGW-001,Baghewala Well 1,2024-06-02T00:00:00,6,soak,52.29,12.16,730.26,17.81,8.6,23.71,450.0,6.25,7.96,72.0,48.0,False,False,35.74,7.15,42.89,5816.27,2.38,4.0,58.25,0.827,91.23,0,0,0,177.27,7.39,1146.27,1.5,4.96,0.631,0.413
BGW-001,Baghewala Well 1,2024-06-03T00:00:00,6,soak,52.23,12.86,729.66,17.83,8.49,21.44,450.0,6.25,7.41,72.0,48.0,False,False,36.54,7.31,43.85,5852.82,2.3,4.0,79.64,0.85,93.91,0,0,0,171.17,7.13,1145.54,1.5,4.684,0.644,0.44
BGW-001,Baghewala Well 1,2024-06-04T00:00:00,6,soak,52.12,13.09,681.11,17.95,8.72,22.02,450.0,6.25,8.32,72.0,48.0,False,False,36.54,7.31,43.85,5889.36,2.33,4.0,62.85,0.846,92.71,0,0,0,178.3,7.43,1146.4,1.5,4.88,0.577,0.377
BGW-001,Baghewala Well 1,2024-06-05T00:00:00,6,production,52.1,12.58,681.39,18.06,8.42,22.2,430.2,5.975,7.27,72.0,48.0,True,False,47.67,9.53,57.21,5937.03,2.48,5.7,65.53,0.782,98.1,0,0,0,187.9,7.83,1098.06,1.5,3.941,0.605,0.444
BGW-001,Baghewala Well 1,2024-06-06T00:00:00,6,production,52.12,12.83,693.74,18.06,8.31,25.2,427.89,5.943,7.15,72.0,48.0,True,False,40.37,8.07,48.45,5977.41,2.3,5.45,64.32,0.76,96.76,0,0,0,189.13,7.88,1092.43,1.5,4.685,0.613,0.492
BGW-001,Baghewala Well 1,2024-06-07T00:00:00,6,production,52.03,12.54,554.93,18.76,8.66,23.94,434.1,6.029,8.07,72.0,48.0,True,False,43.92,8.78,52.7,6021.32,2.44,5.93,66.62,0.858,88.35,0,0,0,198.83,8.28,1109.12,1.5,4.527,0.398,0.289
BGW-001,Baghewala Well 1,2024-06-08T00:00:00,6,production,51.97,12.13,709.63,17.9,8.69,22.57,461.43,6.409,7.23,72.0,48.0,True,False,43.93,8.79,52.72,6065.25,2.38,6.26,67.94,0.77,96.73,0,0,0,208.91,8.7,1178.63,1.5,4.755,0.633,0.467
BGW-001,Baghewala Well 1,2024-06-09T00:00:00,6,production,51.9,13.37,765.37,17.67,8.54,24.24,439.71,6.107,8.02,72.0,48.0,True,False,37.77,7.55,45.32,6103.02,2.4,6.22,72.74,0.74,102.81,0,0,0,202.9,8.45,1123.63,1.5,5.373,0.733,0.57
BGW-001,Baghewala Well 1,2024-06-10T00:00:00,6,production,51.81,12.75,718.17,17.88,8.69,23.07,444.54,6.174,7.28,72.0,48.0,True,False,41.84,8.37,50.21,6144.87,2.36,5.4,64.27,0.774,98.19,0,0,0,195.45,8.14,1134.81,1.5,4.671,0.651,0.49
BGW-001,Baghewala Well 1,2024-06-11T00:00:00,6,production,51.74,12.97,682.05,18.14,8.67,23.46,436.37,6.061,7.55,72.0,48.0,True,False,43.05,8.61,51.66,6187.91,2.3,5.15,62.34,0.786,92.02,0,0,0,192.52,8.02,1114.03,1.5,4.472,0.575,0.413
BGW-001,Baghewala Well 1,2024-06-12T00:00:00,6,production,51.68,12.34,760.69,17.81,8.23,23.98,425.68,5.912,7.91,72.0,48.0,True,False,40.12,8.02,48.15,6228.04,2.46,5.16,73.73,0.794,99.07,0,0,0,190.84,7.95,1087.09,1.5,4.756,0.709,0.489
BGW-001,Baghewala Well 1,2024-06-13T00:00:00,6,production,51.63,11.82,703.11,17.99,8.69,23.18,434.14,6.03,8.26,72.0,48.0,True,False,39.78,7.96,47.74,6267.82,2.23,6.01,64.0,0.755,98.77,0,0,0,198.25,8.26,1109.14,1.5,4.984,0.635,0.478
BGW-001,Baghewala Well 1,2024-06-14T00:00:00,6,production,51.61,12.74,762.86,17.75,8.6,25.77,469.45,6.52,7.33,72.0,48.0,True,False,41.66,8.33,49.99,6309.47,2.31,5.83,69.33,0.743,97.07,0,0,0,198.74,8.28,1197.46,1.5,4.771,0.701,0.501
BGW-001,Baghewala Well 1,2024-06-15T00:00:00,6,production,51.48,12.69,703.76,18.0,8.56,22.3,450.95,6.263,7.63,72.0,48.0,True,False,35.13,7.03,42.16,6344.6,2.21,6.26,58.07,0.741,95.01,0,0,0,200.65,8.36,1151.46,1.5,5.712,0.617,0.458
BGW-001,Baghewala Well 1,2024-06-16T00:00:00,6,production,51.41,11.97,703.93,18.15,8.24,22.57,459.57,6.383,7.72,72.0,48.0,True,False,39.45,7.89,47.33,6384.05,2.26,5.29,68.09,0.779,93.55,0,0,0,193.2,8.05,1172.1,1.5,4.898,0.61,0.439
BGW-001,Baghewala Well 1,2024-06-17T00:00:00,6,production,51.33,12.27,684.77,18.14,8.37,22.78,458.3,6.365,7.49,72.0,48.0,True,False,39.75,7.95,47.69,6423.79,2.45,5.52,68.53,0.772,96.01,0,0,0,192.05,8.0,1168.79,1.5,4.832,0.598,0.468
BGW-001,Baghewala Well 1,2024-06-18T00:00:00,6,production,51.21,12.09,683.63,18.11,8.61,24.87,496.79,6.9,7.3,72.0,48.0,True,False,42.71,8.54,51.25,6466.5,2.44,5.3,64.29,0.758,92.23,0,0,0,202.05,8.42,1266.22,1.5,4.731,0.578,0.406
BGW-001,Baghewala Well 1,2024-06-19T00:00:00,6,production,51.12,12.69,713.02,18.16,8.8,24.98,441.37,6.13,7.51,72.0,48.0,True,False,31.78,6.36,38.13,6498.28,2.43,4.19,64.15,0.828,98.19,0,0,0,183.89,7.66,1125.49,1.5,5.787,0.645,0.495
BGW-001,Baghewala Well 1,2024-06-20T00:00:00,6,production,51.0,12.67,646.84,18.52,9.02,22.99,441.13,6.127,7.65,72.0,48.0,True,False,37.13,7.43,44.56,6535.41,2.39,4.59,61.84,0.834,89.95,0,0,0,191.26,7.97,1125.76,1.5,5.151,0.521,0.35
BGW-001,Baghewala Well 1,2024-06-21T00:00:00,6,production,50.93,11.9,714.42,18.22,8.55,23.49,447.61,6.217,7.92,72.0,48.0,True,False,35.29,7.06,42.35,6570.71,2.37,5.04,70.66,0.792,93.23,0,0,0,192.0,8.0,1142.06,1.5,5.44,0.622,0.422
BGW-001,Baghewala Well 1,2024-06-22T00:00:00,6,production,50.87,12.49,694.69,18.32,8.38,24.94,472.0,6.556,7.82,72.0,48.0,True,False,39.54,7.91,47.45,6610.25,2.19,5.67,67.55,0.766,96.26,0,0,0,201.69,8.4,1204.21,1.5,5.1,0.612,0.426
BGW-001,Baghewala Well 1,2024-06-23T00:00:00,6,production,50.75,13.18,736.09,18.17,8.54,24.1,462.33,6.421,7.63,72.0,48.0,True,False,40.3,8.06,48.36,6650.55,2.39,6.32,62.04,0.727,97.22,0,0,0,202.44,8.43,1180.12,1.5,5.023,0.669,0.501
BGW-001,Baghewala Well 1,2024-06-24T00:00:00,6,production,50.69,12.78,830.65,17.51,8.67,23.8,447.68,6.218,8.29,72.0,48.0,True,True,40.49,8.1,48.59,6691.04,2.5,5.05,63.38,0.743,105.06,0,0,0,197.45,8.23,1142.89,1.5,4.876,0.826,0.598
BGW-001,Baghewala Well 1,2024-06-25T00:00:00,6,production,50.6,12.62,692.61,18.23,8.47,22.72,455.16,6.322,7.56,72.0,48.0,True,True,38.31,7.66,45.97,6729.35,2.38,4.81,62.78,0.847,94.45,0,0,0,190.43,7.93,1160.76,1.5,4.971,0.601,0.459
BGW-001,Baghewala Well 1,2024-06-26T00:00:00,6,production,50.52,12.47,696.59,18.22,8.45,22.26,406.33,5.643,7.49,72.0,48.0,True,True,43.14,8.63,51.77,6772.5,2.31,4.77,71.12,0.79,94.99,0,0,0,186.43,7.77,1038.2,1.5,4.321,0.608,0.431
BGW-001,Baghewala Well 1,2024-06-27T00:00:00,6,production,50.4,12.66,778.82,17.85,8.5,25.25,439.98,6.111,6.79,72.0,48.0,True,True,38.87,7.77,46.65,6811.37,2.23,6.73,69.37,0.722,98.24,0,0,0,198.78,8.28,1123.8,1.5,5.113,0.741,0.553
BGW-001,Baghewala Well 1,2024-06-28T00:00:00,7,production,48.83,12.25,812.68,18.02,8.76,23.71,417.95,5.805,7.39,72.0,48.0,True,True,35.59,7.12,42.71,6846.96,2.48,5.7,70.22,0.685,98.71,0,0,0,195.79,8.16,1068.38,1.5,5.502,0.772,0.569
BGW-002,Baghewala Well 2,2024-01-01T00:00:00,1,injection,49.49,13.07,826.06,17.96,8.07,17.59,384.36,4.542,7.87,84.61,52.15,False,False,36.37,7.27,43.64,36.37,2.46,4.92,65.05,0.721,103.19,0,0,0,181.96,7.58,982.72,1.5,5.003,0.811,0.613
BGW-002,Baghewala Well 2,2024-01-02T00:00:00,1,injection,50.81,12.87,746.05,18.0,8.6,14.49,477.77,6.569,7.96,72.73,46.49,False,False,38.39,7.68,46.07,74.76,2.44,5.11,62.6,0.78,97.68,0,0,0,185.8,7.74,1216.71,1.5,4.84,0.683,0.523
BGW-002,Baghewala Well 2,2024-01-03T00:00:00,1,injection,52.08,12.11,666.41,18.18,8.26,15.66,388.18,5.138,8.02,75.55,43.41,False,False,44.53,8.91,53.44,119.29,2.33,4.85,63.58,0.821,91.17,0,0,0,180.34,7.51,992.08,1.5,4.05,0.551,0.389
BGW-002,Baghewala Well 2,2024-01-04T00:00:00,1,soak,51.91,12.43,734.15,17.81,8.74,12.35,450.0,6.25,7.9,72.0,48.0,False,False,42.95,8.59,51.54,162.24,2.38,4.0,74.95,0.823,93.83,0,0,0,182.18,7.59,1146.86,1.5,4.242,0.649,0.48
BGW-002,Baghewala Well 2,2024-01-05T00:00:00,1,soak,51.79,12.25,730.47,17.84,8.63,16.2,450.0,6.25,7.31,72.0,48.0,False,False,41.27,8.25,49.52,203.51,2.4,4.0,63.85,0.895,92.73,0,0,0,189.88,7.91,1147.79,1.5,4.601,0.639,0.448
BGW-002,Baghewala Well 2,2024-01-06T00:00:00,1,soak,51.71,12.64,757.13,17.74,8.23,14.48,450.0,6.25,8.0,72.0,48.0,False,False,34.76,6.95,41.71,238.26,2.5,4.0,63.11,0.84,96.29,0,1,0,179.39,7.47,1146.53,1.5,5.162,0.69,0.474
BGW-002,Baghewala Well 2,2024-01-07T00:00:00,1,production,51.65,12.69,617.24,18.48,8.52,15.15,445.53,6.188,7.52,72.0,48.0,True,False,42.51,8.5,51.01,280.77,2.63,5.22,63.64,0.846,95.61,0,0,0,192.27,8.01,1136.9,1.5,4.523,0.512,0.408
BGW-002,Baghewala Well 2,2024-01-08T00:00:00,1,production,51.55,12.33,707.7,18.11,8.62,14.21,447.55,6.216,7.57,72.0,48.0,True,False,37.33,7.47,44.8,318.1,2.41,5.2,66.66,0.797,94.09,0,0,0,186.6,7.78,1141.26,1.5,4.999,0.618,0.454
BGW-002,Baghewala Well 2,2024-01-09T00:00:00,1,production,51.39,12.43,659.25,18.39,8.57,14.02,449.31,6.24,7.32,72.0,48.0,True,False,45.93,9.19,55.12,364.03,2.3,5.82,64.93,0.803,93.74,0,0,0,195.19,8.13,1146.7,1.5,4.25,0.555,0.413
BGW-002,Baghewala Well 2,2024-01-10T00:00:00,1,production,51.33,13.04,700.91,17.9,8.5,15.9,443.27,6.157,7.2,72.0,48.0,True,False,40.96,8.19,49.15,404.99,2.49,5.93,69.67,0.795,95.19,0,0,0,193.61,8.07,1131.42,1.5,4.727,0.615,0.44
BGW-002,Baghewala Well 2,2024-01-11T00:00:00,1,production,51.28,13.28,726.96,18.04,8.24,14.12,467.54,6.494,7.07,72.0,48.0,True,False,38.11,7.62,45.73,443.1,2.41,4.64,67.88,0.815,95.75,0,0,0,191.95,8.0,1191.9,1.5,5.037,0.65,0.482
BGW-002,Baghewala Well 2,2024-01-12T00:00:00,1,production,51.13,12.9,719.84,18.03,8.27,15.26,471.82,6.553,7.18,72.0,48.0,True,False,37.98,7.6,45.58,481.08,2.17,6.01,67.62,0.786,95.89,0,0,0,198.58,8.27,1203.38,1.5,5.228,0.642,0.458
BGW-002,Baghewala Well 2,2024-01-13T00:00:00,1,production,51.07,12.45,690.32,18.31,8.6,17.16,483.79,6.719,7.58,72.0,48.0,True,False,37.65,7.53,45.18,518.73,2.35,5.77,57.21,0.765,94.6,0,0,0,196.51,8.19,1233.05,1.5,5.22,0.598,0.423
BGW-002,Baghewala Well 2,2024-01-14T00:00:00,1,production,51.03,12.57,790.19,17.66,8.23,15.0,431.84,5.998,7.6,72.0,48.0,True,False,35.94,7.19,43.13,554.67,2.4,5.47,70.53,0.768,99.42,0,0,0,191.62,7.98,1102.61,1.5,5.331,0.747,0.52
BGW-002,Baghewala Well 2,2024-01-15T00:00:00,1,production,50.98,12.56,754.85,17.98,8.57,15.63,444.25,6.17,7.72,72.0,48.0,True,False,43.15,8.63,51.78,597.82,2.49,5.28,68.95,0.782,95.38,0,0,0,191.32,7.97,1133.58,1.5,4.434,0.683,0.46
BGW-002,Baghewala Well 2,2024-01-16T00:00:00,1,production,50.85,12.9,834.4,17.56,8.36,14.71,436.76,6.066,7.98,72.0,48.0,True,False,26.51,5.3,31.81,624.33,2.31,5.36,57.39,0.724,102.0,0,0,0,185.55,7.73,1114.18,1.5,7.0,0.815,0.57
BGW-002,Baghewala Well 2,2024-01-17T00:00:00,1,production,50.8,12.59,842.02,17.57,8.45,15.36,412.91,5.735,7.32,72.0,48.0,True,False,34.61,6.92,41.54,658.94,2.37,5.11,69.88,0.705,101.63,0,0,0,194.47,8.1,1055.62,1.5,5.618,0.823,0.599
BGW-002,Baghewala Well 2,2024-01-18T00:00:00,1,production,50.67,12.6,817.31,17.65,8.32,16.19,434.14,6.03,7.12,72.0,48.0,True,False,34.07,6.81,40.88,693.01,2.23,5.03,67.78,0.75,99.26,0,0,0,184.77,7.7,1107.52,1.5,5.423,0.78,0.567
BGW-002,Baghewala Well 2,2024-01-19T00:00:00,1,production,50.59,12.58,635.81,18.54,8.56,14.1,460.99,6.403,7.7,72.0,48.0,True,False,44.13,8.83,52.95,737.14,2.38,5.25,56.99,0.859,95.09,0,0,0,189.06,7.88,1175.16,1.5,4.284,0.533,0.398
BGW-002,Baghewala Well 2,2024-01-20T00:00:00,1,production,50.65,12.62,749.3,17.83,8.52,14.58,435.5,6.049,7.5,72.0,48.0,True,False,36.73,7.35,44.08,773.87,2.3,5.68,70.74,0.71,98.4,0,0,0,202.76,8.45,1113.09,1.5,5.52,0.691,0.475
BGW-002,Baghewala Well 2,2024-01-21T00:00:00,1,production,50.56,12.5,693.22,18.06,8.53,17.78,468.79,6.511,7.56,72.0,48.0,True,False,32.5,6.5,39.01,806.37,2.28,5.03,71.31,0.796,92.25,0,0,0,195.8,8.16,1195.48,1.5,6.024,0.59,0.445
BGW-002,Baghewala Well 2,2024-01-22T00:00:00,1,production,50.57,12.77,852.88,17.46,8.52,15.37,461.25,6.406,8.57,72.0,48.0,True,False,33.29,6.66,39.95,839.67,2.39,5.64,66.77,0.712,100.85,0,0,0,198.47,8.27,1176.95,1.5,5.961,0.833,0.601
BGW-002,Baghewala Well 2,2024-01-23T00:00:00,1,production,50.44,12.1,741.43,18.1,8.45,14.18,425.74,5.913,7.17,72.0,48.0,True,False,36.49,7.3,43.79,876.16,2.51,4.36,76.81,0.843,94.7,0,0,0,180.37,7.52,1086.0,1.5,4.943,0.663,0.459
BGW-002,Baghewala Well 2,2024-01-24T00:00:00,1,production,50.42,12.27,696.73,18.19,8.58,15.72,457.0,6.347,7.93,72.0,48.0,True,False,34.62,6.92,41.54,910.77,2.48,5.12,66.21,0.799,94.96,0,0,0,192.17,8.01,1165.56,1.5,5.552,0.608,0.409
BGW-002,Baghewala Well 2,2024-01-25T00:00:00,1,production,50.41,12.24,693.84,18.27,8.39,14.82,450.07,6.251,7.89,72.0,48.0,True,False,38.13,7.63,45.76,948.91,2.44,5.33,61.02,0.792,92.15,0,0,0,183.34,7.64,1147.18,1.5,4.808,0.591,0.388
BGW-002,Baghewala Well 2,2024-01-26T00:00:00,1,production,50.3,12.39,687.31,18.4,8.05,17.18,449.06,6.237,7.57,72.0,48.0,True,True,36.96,7.39,44.35,985.87,2.27,5.3,57.1,0.829,94.47,0,0,0,191.98,8.0,1145.68,1.5,5.194,0.594,0.414
BGW-002,Baghewala Well 2,2024-01-27T00:00:00,1,production,50.23,12.41,837.78,17.64,8.66,12.94,415.5,5.771,7.21,72.0,48.0,True,True,35.45,7.09,42.53,1021.31,2.28,5.25,64.22,0.726,100.12,0,0,0,196.59,8.19,1062.34,1.5,5.546,0.81,0.59
BGW-002,Baghewala Well 2,2024-01-28T00:00:00,1,production,50.13,12.32,774.27,17.89,8.14,17.7,434.46,6.034,6.93,72.0,48.0,True,True,43.26,8.65,51.91,1064.58,2.49,5.96,56.87,0.763,101.27,0,0,0,192.85,8.04,1109.3,1.5,4.458,0.737,0.534
BGW-002,Baghewala Well 2,2024-01-29T00:00:00,1,production,50.05,13.06,730.68,18.15,8.64,15.5,444.41,6.172,7.67,72.0,48.0,True,True,39.29,7.86,47.15,1103.87,2.33,5.62,65.59,0.798,96.05,0,0,0,196.05,8.17,1134.55,1.5,4.99,0.656,0.453
BGW-002,Baghewala Well 2,2024-01-30T00:00:00,2,production,48.42,12.29,797.07,18.07,8.65,16.25,425.54,5.91,6.9,72.0,48.0,True,True,39.32,7.86,47.19,1143.19,2.46,5.41,60.03,0.767,100.45,0,0,0,191.9,8.0,1086.88,1.5,4.88,0.761,0.549
BGW-002,Baghewala Well 2,2024-01-31T00:00:00,2,injection,49.16,12.51,633.85,18.83,8.52,16.12,396.76,4.645,7.79,85.42,45.79,False,False,38.83,7.77,46.6,1182.02,2.51,4.0,65.89,0.863,88.8,0,0,0,174.78,7.28,1012.86,1.5,4.501,0.499,0.357
BGW-002,Baghewala Well 2,2024-02-01T00:00:00,2,injection,50.25,12.81,743.0,18.08,8.19,17.23,496.69,6.273,7.77,79.18,52.87,False,False,37.39,7.48,44.87,1219.42,2.47,4.05,66.28,0.805,98.25,0,0,0,178.27,7.43,1263.13,1.5,4.768,0.682,0.476
BGW-002,Baghewala Well 2,2024-02-02T00:00:00,2,injection,51.49,12.15,809.12,17.53,8.49,17.85,405.56,5.5,7.49,73.74,40.36,False,False,40.62,8.12,48.75,1260.04,2.38,4.57,70.74,0.805,97.08,0,0,0,187.71,7.82,1036.41,1.5,4.621,0.759,0.492
BGW-002,Baghewala Well 2,2024-02-03T00:00:00,2,soak,51.5,11.95,720.49,17.97,8.24,19.29,450.0,6.25,7.73,72.0,48.0,False,False,34.83,6.97,41.8,1294.87,2.45,4.0,64.93,0.811,92.71,0,0,0,175.14,7.3,1146.02,1.5,5.028,0.627,0.423
BGW-002,Baghewala Well 2,2024-02-04T00:00:00,2,soak,51.41,12.37,729.15,17.92,8.28,16.83,450.0,6.25,7.24,72.0,48.0,False,False,34.43,6.89,41.32,1329.31,2.47,4.0,63.77,0.833,91.59,0,0,0,178.02,7.42,1146.36,1.5,5.17,0.632,0.418
BGW-002,Baghewala Well 2,2024-02-05T00:00:00,2,soak,51.39,12.78,666.7,18.24,8.38,18.64,450.0,6.25,7.34,72.0,48.0,False,False,38.25,7.65,45.9,1367.55,2.33,4.0,67.81,0.818,90.49,0,0,0,184.92,7.7,1147.19,1.5,4.835,0.548,0.379
BGW-002,Baghewala Well 2,2024-02-06T00:00:00,2,production,51.31,12.09,739.86,17.89,8.37,16.67,458.91,6.374,7.23,72.0,48.0,True,False,36.15,7.23,43.38,1403.7,2.39,5.87,66.29,0.759,97.21,0,0,0,192.91,8.04,1170.41,1.5,5.336,0.673,0.478
BGW-002,Baghewala Well 2,2024-02-07T00:00:00,2,production,51.18,12.3,669.31,18.25,8.6,17.43,423.62,5.884,7.63,72.0,48.0,True,False,36.35,7.27,43.63,1440.06,2.48,5.61,65.73,0.803,93.33,0,0,0,189.45,7.89,1081.78,1.5,5.211,0.566,0.397
BGW-002,Baghewala Well 2,2024-02-08T00:00:00,2,production,51.12,12.5,740.13,17.78,8.52,17.6,451.71,6.274,7.19,72.0,48.0,True,False,37.51,7.5,45.01,1477.56,2.41,5.06,65.33,0.817,94.73,0,0,0,189.73,7.91,1152.05,1.5,5.059,0.661,0.452
BGW-002,Baghewala Well 2,2024-02-09T00:00:00,2,production,51.01,12.36,750.4,17.81,8.27,18.22,455.73,6.33,7.66,72.0,48.0,True,False,39.41,7.88,47.29,1516.97,2.27,5.97,61.99,0.754,99.25,0,0,0,197.35,8.22,1163.0,1.5,5.008,0.697,0.489
BGW-002,Baghewala Well 2,2024-02-10T00:00:00,2,production,50.83,12.25,769.65,17.89,8.2,18.23,437.53,6.077,7.09,72.0,48.0,True,False,40.57,8.11,48.68,1557.54,2.57,6.24,67.79,0.742,101.35,0,0,0,197.39,8.22,1117.52,1.5,4.866,0.731,0.6
BGW-002,Baghewala Well 2,2024-02-11T00:00:00,2,production,50.74,12.29,653.43,18.39,8.54,16.87,467.87,6.498,7.6,72.0,48.0,True,False,42.68,8.54,51.22,1600.22,2.57,5.76,54.02,0.781,99.47,0,0,0,191.66,7.99,1192.67,1.5,4.491,0.577,0.465
BGW-002,Baghewala Well 2,2024-02-12T00:00:00,2,production,50.66,12.35,810.14,17.75,8.95,17.5,457.06,6.348,7.82,72.0,48.0,True,False,40.83,8.17,49.0,1641.05,2.53,5.81,62.12,0.736,102.47,0,0,0,192.01,8.0,1165.68,1.5,4.703,0.787,0.578
BGW-002,Baghewala Well 2,2024-02-13T00:00:00,2,production,50.55,12.02,861.32,17.32,8.6,16.44,436.51,6.063,6.92,72.0,48.0,True,False,34.28,6.86,41.14,1675.33,2.5,6.46,66.12,0.657,102.93,0,0,0,191.78,7.99,1114.28,1.5,5.595,0.854,0.607
BGW-002,Baghewala Well 2,2024-02-14T00:00:00,2,production,50.4,12.59,691.87,18.35,8.37,17.25,435.8,6.053,7.85,72.0,48.0,True,False,34.14,6.83,40.97,1709.47,2.53,5.59,66.02,0.783,95.52,0,0,0,198.16,8.26,1113.27,1.5,5.804,0.605,0.408
BGW-002,Baghewala Well 2,2024-02-15T00:00:00,2,production,50.28,12.7,751.94,18.04,8.44,16.77,467.48,6.493,7.41,72.0,48.0,True,False,37.57,7.51,45.09,1747.04,2.33,5.72,71.67,0.782,98.34,0,0,0,198.28,8.26,1192.48,1.5,5.278,0.694,0.515
BGW-002,Baghewala Well 2,2024-02-16T00:00:00,2,production,50.07,12.9,880.99,17.46,8.68,15.81,453.11,6.293,7.04,72.0,48.0,True,False,34.98,7.0,41.97,1782.02,2.63,5.09,67.41,0.732,105.81,0,0,0,192.26,8.01,1155.83,1.5,5.497,0.893,0.622
BGW-002,Baghewala Well 2,2024-02-17T00:00:00,2,production,49.91,12.86,709.92,18.24,8.41,18.02,456.17,6.336,7.21,72.0,48.0,True,False,42.42,8.48,50.9,1824.44,2.54,6.0,66.36,0.801,95.5,0,0,0,200.11,8.34,1164.44,1.5,4.717,0.627,0.44
BGW-002,Baghewala Well 2,2024-02-18T00:00:00,2,production,49.83,12.1,769.4,17.86,8.54,17.48,444.98,6.18,7.15,72.0,48.0,True,False,36.79,7.36,44.15,1861.23,2.55,5.03,62.59,0.787,100.97,0,0,0,193.57,8.07,1135.69,1.5,5.261,0.729,0.541
BGW-002,Baghewala Well 2,2024-02-19T00:00:00,2,production,49.72,12.68,705.36,18.27,8.55,16.31,459.43,6.381,8.22,72.0,48.0,True,False,42.87,8.57,51.45,1904.1,2.54,6.04,68.15,0.774,97.46,0,0,0,189.85,7.91,1171.36,1.5,4.428,0.632,0.469
BGW-002,Baghewala Well 2,2024-02-20T00:00:00,2,production,49.63,12.32,887.19,17.49,8.45,16.47,443.97,6.166,7.01,72.0,48.0,True,False,29.57,5.91,35.48,1933.67,2.23,5.6,68.82,0.668,103.32,0,0,0,195.25,8.14,1133.35,1.5,6.603,0.888,0.654
BGW-002,Baghewala Well 2,2024-02-21T00:00:00,2,production,49.52,12.21,647.97,18.56,8.82,17.36,464.31,6.449,7.38,72.0,48.0,True,False,40.88,8.18,49.05,1974.55,2.54,5.24,71.57,0.812,93.24,0,0,0,198.2,8.26,1184.55,1.5,4.849,0.539,0.434
BGW-002,Baghewala Well 2,2024-02-22T00:00:00,2,production,49.43,12.89,752.24,18.17,8.38,17.15,466.27,6.476,8.43,72.0,48.0,True,False,30.66,6.13,36.79,2005.21,2.36,4.69,66.23,0.82,92.97,0,0,0,200.3,8.35,1189.71,1.5,6.534,0.668,0.433
BGW-002,Baghewala Well 2,2024-02-23T00:00:00,2,production,49.3,12.45,778.56,18.0,8.46,18.3,452.84,6.289,7.32,72.0,48.0,True,False,36.5,7.3,43.8,2041.71,2.63,5.7,68.42,0.746,104.02,0,0,0,196.25,8.18,1155.65,1.5,5.377,0.756,0.575
BGW-002,Baghewala Well 2,2024-02-24T00:00:00,2,production,49.23,12.51,813.44,17.97,8.9,17.46,494.87,6.873,7.6,72.0,48.0,True,False,36.82,7.36,44.18,2078.53,2.48,5.78,65.02,0.73,103.93,0,0,0,202.28,8.43,1261.45,1.5,5.494,0.799,0.581
BGW-002,Baghewala Well 2,2024-02-25T00:00:00,2,production,49.22,12.77,757.82,18.23,8.57,18.68,481.47,6.687,7.37,72.0,48.0,True,True,38.4,7.68,46.08,2116.93,2.51,5.16,58.46,0.78,95.29,0,0,0,197.8,8.24,1227.42,1.5,5.151,0.686,0.48
BGW-002,Baghewala Well 2,2024-02-26T00:00:00,2,production,49.05,12.77,708.08,18.44,8.14,17.29,461.83,6.414,7.66,72.0,48.0,True,True,33.54,6.71,40.25,2150.47,2.53,6.51,62.77,0.77,97.23,0,0,0,207.4,8.64,1179.47,1.5,6.183,0.634,0.486
BGW-002,Baghewala Well 2,2024-02-27T00:00:00,2,production,48.87,12.72,865.31,17.67,8.66,15.89,477.45,6.631,7.94,72.0,48.0,True,True,40.05,8.01,48.06,2190.52,2.45,5.53,62.71,0.684,104.26,0,0,0,198.14,8.26,1217.39,1.5,4.947,0.865,0.637
BGW-002,Baghewala Well 2,2024-02-28T00:00:00,2,production,48.86,12.76,817.26,17.88,8.21,19.74,450.57,6.258,7.67,72.0,48.0,True,True,35.82,7.16,42.99,2226.35,2.22,5.61,70.63,0.687,102.28,0,0,0,196.36,8.18,1149.98,1.5,5.481,0.795,0.615
BGW-002,Baghewala Well 2,2024-02-29T00:00:00,3,production,47.31,12.4,958.06,17.6,8.43,16.57,427.73,5.941,7.69,72.0,48.0,True,True,32.02,6.4,38.42,2258.37,2.36,6.0,67.68,0.646,103.26,0,0,0,197.25,8.22,1093.0,1.5,6.16,0.95,0.69
BGW-002,Baghewala Well 2,2024-03-01T00:00:00,3,injection,48.62,12.34,901.11,17.66,8.56,18.41,446.1,5.72,7.85,77.99,46.65,False,False,30.16,6.03,36.19,2288.53,2.49,4.37,50.85,0.727,101.43,0,0,0,184.22,7.68,1137.36,1.5,6.108,0.896,0.626
BGW-002,Baghewala Well 2,2024-03-02T00:00:00,3,injection,49.8,11.99,767.81,17.95,8.76,16.36,449.33,5.332,7.87,84.27,52.74,False,False,37.04,7.41,44.45,2325.56,2.3,4.52,57.96,0.812,96.02,0,0,0,182.08,7.59,1145.17,1.5,4.916,0.702,0.485
BGW-002,Baghewala Well 2,2024-03-03T00:00:00,3,injection,50.97,12.75,754.85,17.92,8.23,18.48,435.41,5.539,7.02,78.6,53.94,False,False,40.93,8.19,49.11,2366.49,2.47,4.27,60.88,0.815,94.39,0,0,0,174.58,7.27,1109.47,1.5,4.266,0.678,0.469
BGW-002,Baghewala Well 2,2024-03-04T00:00:00,3,soak,50.88,12.12,784.97,17.7,8.7,16.71,450.0,6.25,7.42,72.0,48.0,False,False,30.46,6.09,36.55,2396.95,2.46,4.0,73.1,0.853,94.09,0,0,0,181.51,7.56,1146.78,1.5,5.96,0.714,0.495
BGW-002,Baghewala Well 2,2024-03-05T00:00:00,3,soak,50.74,12.31,821.59,17.51,8.47,19.18,450.0,6.25,7.29,72.0,48.0,False,False,36.02,7.2,43.23,2432.97,2.65,4.0,57.34,0.804,96.78,0,0,0,178.17,7.42,1146.38,1.5,4.946,0.773,0.543
BGW-002,Baghewala Well 2,2024-03-06T00:00:00,3,soak,50.66,11.73,820.34,17.61,8.4,18.77,450.0,6.25,7.36,72.0,48.0,False,False,33.68,6.74,40.41,2466.65,2.42,4.0,70.8,0.802,100.88,0,0,0,170.59,7.11,1145.47,1.5,5.066,0.792,0.544
BGW-002,Baghewala Well 2,2024-03-07T00:00:00,3,production,50.59,12.62,757.39,18.02,8.43,18.82,460.66,6.398,7.89,72.0,48.0,True,False,39.79,7.96,47.75,2506.44,2.52,5.44,62.08,0.776,101.51,0,0,0,199.74,8.32,1175.61,1.5,5.019,0.717,0.529
BGW-002,Baghewala Well 2,2024-03-08T00:00:00,3,production,50.59,12.69,831.31,17.57,8.41,20.03,466.81,6.483,7.28,72.0,48.0,True,False,35.4,7.08,42.47,2541.84,2.35,5.35,69.94,0.748,101.5,0,0,0,206.22,8.59,1191.77,1.5,5.826,0.809,0.571
BGW-002,Baghewala Well 2,2024-03-09T00:00:00,3,production,50.49,12.23,763.83,17.99,8.57,17.38,446.27,6.198,7.39,72.0,48.0,True,False,37.61,7.52,45.13,2579.45,2.49,6.07,63.04,0.763,103.12,0,0,0,191.99,8.0,1138.71,1.5,5.105,0.733,0.566
BGW-002,Baghewala Well 2,2024-03-10T00:00:00,3,production,50.45,12.26,761.23,17.89,8.39,19.56,467.5,6.493,7.75,72.0,48.0,True,False,35.97,7.19,43.17,2615.42,2.33,5.17,69.97,0.78,96.6,0,0,0,193.71,8.07,1192.0,1.5,5.385,0.697,0.499
BGW-002,Baghewala Well 2,2024-03-11T00:00:00,3,production,50.47,12.42,761.28,17.8,8.53,17.97,437.6,6.078,7.53,72.0,48.0,True,False,38.93,7.79,46.71,2654.34,2.36,5.16,63.05,0.784,94.05,0,1,0,198.89,8.29,1117.86,1.5,5.109,0.684,0.445
BGW-002,Baghewala Well 2,2024-03-12T00:00:00,3,production,50.31,11.78,786.39,17.79,8.32,18.95,460.29,6.393,6.66,72.0,48.0,True,False,35.57,7.11,42.68,2689.91,2.48,5.34,60.89,0.757,99.48,0,0,0,199.78,8.32,1174.69,1.5,5.617,0.743,0.543
BGW-002,Baghewala Well 2,2024-03-13T00:00:00,3,production,50.33,12.6,785.96,17.83,8.49,18.5,433.22,6.017,7.66,72.0,48.0,True,False,43.12,8.62,51.74,2733.03,2.48,6.17,61.33,0.714,101.2,0,0,0,201.19,8.38,1107.19,1.5,4.666,0.751,0.55
BGW-002,Baghewala Well 2,2024-03-14T00:00:00,3,production,50.2,12.89,708.54,18.3,8.48,18.81,439.93,6.11,7.34,72.0,48.0,True,False,38.18,7.64,45.81,2771.21,2.49,5.29,64.21,0.771,97.39,0,0,0,191.38,7.97,1122.79,1.5,5.013,0.635,0.454
BGW-002,Baghewala Well 2,2024-03-15T00:00:00,3,production,50.04,12.64,715.64,18.19,8.45,18.36,435.01,6.042,7.48,72.0,48.0,True,False,42.99,8.6,51.59,2814.2,2.44,6.36,60.32,0.74,99.84,0,0,0,203.6,8.48,1111.95,1.5,4.736,0.656,0.477
BGW-002,Baghewala Well 2,2024-03-16T00:00:00,3,production,49.85,12.27,766.06,18.03,8.47,17.63,459.47,6.382,7.61,72.0,48.0,True,False,33.24,6.65,39.89,2847.44,2.46,5.0,53.26,0.772,98.08,0,0,0,183.94,7.66,1170.74,1.5,5.533,0.71,0.5
BGW-002,Baghewala Well 2,2024-03-17T00:00:00,3,production,49.77,12.09,866.38,17.52,8.53,18.02,436.78,6.066,7.31,72.0,48.0,True,False,34.46,6.89,41.36,2881.91,2.46,5.48,67.06,0.671,104.26,0,0,0,193.77,8.07,1115.2,1.5,5.622,0.867,0.654
BGW-002,Baghewala Well 2,2024-03-18T00:00:00,3,production,49.78,12.35,668.42,18.56,8.67,20.28,486.22,6.753,7.25,72.0,48.0,True,False,37.1,7.42,44.52,2919.01,2.55,5.4,61.28,0.813,96.54,0,0,0,196.81,8.2,1239.16,1.5,5.304,0.581,0.407
BGW-002,Baghewala Well 2,2024-03-19T00:00:00,3,production,49.67,12.61,733.12,18.33,8.58,19.59,476.36,6.616,7.31,72.0,48.0,True,False,37.47,7.49,44.97,2956.49,2.41,6.07,60.14,0.747,96.34,0,0,0,203.88,8.5,1215.36,1.5,5.441,0.661,0.449
BGW-002,Baghewala Well 2,2024-03-20T00:00:00,3,production,49.62,12.69,876.41,17.53,8.62,19.84,454.13,6.307,7.28,72.0,48.0,True,False,33.65,6.73,40.38,2990.13,2.29,5.87,63.97,0.659,103.69,0,0,0,202.57,8.44,1159.64,1.5,6.02,0.876,0.678
BGW-002,Baghewala Well 2,2024-03-21T00:00:00,3,production,49.6,12.22,818.55,17.85,8.49,19.55,429.75,5.969,7.04,72.0,48.0,True,False,36.72,7.34,44.07,3026.86,2.39,5.22,65.46,0.776,99.23,0,0,0,194.2,8.09,1097.67,1.5,5.288,0.782,0.546
BGW-002,Baghewala Well 2,2024-03-22T00:00:00,3,production,49.44,12.5,776.26,18.03,8.72,18.05,449.19,6.239,7.42,72.0,48.0,True,False,36.39,7.28,43.67,3063.25,2.41,5.54,65.12,0.738,98.45,0,0,0,194.06,8.09,1146.27,1.5,5.332,0.725,0.518
BGW-002,Baghewala Well 2,2024-03-23T00:00:00,3,production,49.41,12.49,737.22,18.21,8.53,17.71,471.22,6.545,7.39,72.0,48.0,True,False,30.45,6.09,36.54,3093.7,2.27,5.62,73.32,0.74,93.79,0,0,0,201.89,8.41,1202.27,1.5,6.63,0.653,0.405
BGW-002,Baghewala Well 2,2024-03-24T00:00:00,3,production,49.29,12.68,922.01,17.29,8.31,19.04,436.5,6.062,6.8,72.0,48.0,True,False,33.27,6.65,39.92,3126.97,2.53,5.92,65.21,0.657,104.98,0,0,0,200.39,8.35,1115.29,1.5,6.023,0.94,0.659
BGW-002,Baghewala Well 2,2024-03-25T00:00:00,3,production,49.25,12.29,813.2,17.93,8.7,18.02,438.35,6.088,7.38,72.0,48.0,True,False,28.16,5.63,33.8,3155.14,2.42,5.11,61.49,0.711,100.03,0,0,0,197.03,8.21,1119.51,1.5,6.996,0.779,0.578
BGW-002,Baghewala Well 2,2024-03-26T00:00:00,3,production,49.2,12.24,743.01,18.11,8.25,18.67,457.1,6.349,7.5,72.0,48.0,True,True,36.3,7.26,43.56,3191.43,2.28,5.73,72.56,0.748,96.5,0,0,0,200.62,8.36,1166.82,1.5,5.527,0.674,0.469
BGW-002,Baghewala Well 2,2024-03-27T00:00:00,3,production,49.12,12.59,928.81,17.35,8.62,18.45,484.74,6.732,7.86,72.0,48.0,True,True,33.07,6.61,39.69,3224.51,2.43,4.83,68.91,0.687,104.86,0,0,0,188.54,7.86,1234.47,1.5,5.701,0.948,0.678
BGW-002,Baghewala Well 2,2024-03-28T00:00:00,3,production,49.04,12.76,804.07,18.06,8.07,19.7,439.07,6.098,7.29,72.0,48.0,True,True,33.4,6.68,40.08,3257.91,2.44,5.59,72.23,0.765,101.4,0,1,0,188.55,7.86,1120.31,1.5,5.645,0.775,0.571
BGW-002,Baghewala Well 2,2024-03-29T00:00:00,3,production,48.93,12.13,820.65,17.92,8.31,20.81,442.68,6.148,8.16,72.0,48.0,True,True,35.43,7.09,42.52,3293.34,2.37,6.83,60.97,0.677,102.84,0,0,0,196.9,8.2,1130.32,1.5,5.558,0.822,0.595
BGW-002,Baghewala Well 2,2024-03-30T00:00:00,4,production,47.41,12.21,839.18,18.2,8.51,19.27,399.17,5.544,7.66,72.0,48.0,True,True,29.35,5.87,35.22,3322.69,2.35,5.85,56.48,0.683,103.23,0,0,0,198.06,8.25,1021.69,1.5,6.748,0.828,0.628
BGW-002,Baghewala Well 2,2024-03-31T00:00:00,4,injection,48.64,12.21,767.41,18.33,8.45,19.32,425.49,6.108,7.33,69.66,34.39,False,False,32.96,6.59,39.55,3355.65,2.38,4.79,69.75,0.8,96.13,0,0,0,186.52,7.77,1086.11,1.5,5.659,0.702,0.499
BGW-002,Baghewala Well 2,2024-04-01T00:00:00,4,injection,49.75,13.04,718.09,18.25,8.61,18.77,401.62,6.726,7.43,59.71,42.28,False,False,39.11,7.82,46.93,3394.75,2.37,4.99,73.5,0.818,96.9,0,0,0,190.3,7.93,1026.88,1.5,4.866,0.645,0.46
BGW-002,Baghewala Well 2,2024-04-02T00:00:00,4,injection,51.49,12.62,695.74,18.16,8.36,19.78,523.7,6.497,7.97,80.61,37.27,False,False,37.81,7.56,45.37,3432.56,2.2,4.87,73.52,0.798,93.9,0,0,0,201.18,8.38,1333.4,1.5,5.321,0.602,0.447
BGW-002,Baghewala Well 2,2024-04-03T00:00:00,4,soak,51.38,12.15,640.84,18.51,8.32,18.49,450.0,6.25,7.46,72.0,48.0,False,False,36.43,7.29,43.72,3469.0,2.4,4.0,62.26,0.897,90.18,0,0,0,185.78,7.74,1147.29,1.5,5.099,0.514,0.365
BGW-002,Baghewala Well 2,2024-04-04T00:00:00,4,soak,51.4,11.97,808.35,17.65,8.35,18.78,450.0,6.25,7.58,72.0,48.0,False,False,35.29,7.06,42.35,3504.29,2.42,4.0,65.99,0.783,99.22,0,0,0,180.52,7.52,1146.66,1.5,5.115,0.769,0.545
BGW-002,Baghewala Well 2,2024-04-05T00:00:00,4,soak,51.3,12.48,710.1,18.27,8.57,20.14,450.0,6.25,7.91,72.0,48.0,False,False,33.69,6.74,40.43,3537.98,2.31,4.0,66.4,0.834,94.04,0,0,0,170.68,7.11,1145.48,1.5,5.066,0.62,0.436
BGW-002,Baghewala Well 2,2024-04-06T00:00:00,4,production,51.25,12.28,781.47,17.67,8.54,21.22,437.78,6.08,7.46,72.0,48.0,True,False,34.82,6.96,41.78,3572.8,2.35,5.45,65.27,0.775,98.95,0,0,0,193.92,8.08,1117.72,1.5,5.569,0.734,0.539
BGW-002,Baghewala Well 2,2024-04-07T00:00:00,4,production,51.21,12.12,682.77,18.18,8.7,19.69,430.5,5.979,7.56,72.0,48.0,True,False,39.08,7.82,46.9,3611.88,2.35,5.67,63.23,0.839,98.13,0,0,0,201.62,8.4,1100.45,1.5,5.159,0.607,0.434
BGW-002,Baghewala Well 2,2024-04-08T00:00:00,4,production,51.1,12.85,716.06,18.0,8.28,19.29,432.45,6.006,8.24,72.0,48.0,True,False,38.73,7.75,46.47,3650.61,2.6,6.0,56.75,0.783,100.62,0,0,0,200.07,8.34,1105.12,1.5,5.166,0.661,0.495
BGW-002,Baghewala Well 2,2024-04-09T00:00:00,4,production,51.03,12.15,765.2,18.03,8.52,19.66,489.36,6.797,7.77,72.0,48.0,True,False,37.54,7.51,45.05,3688.15,2.42,6.11,65.23,0.757,102.46,0,0,0,209.52,8.73,1248.55,1.5,5.581,0.731,0.587
BGW-002,Baghewala Well 2,2024-04-10T00:00:00,4,production,50.92,12.7,666.36,18.3,8.66,21.18,432.76,6.011,7.7,72.0,48.0,True,False,43.14,8.63,51.77,3731.3,2.52,5.47,67.54,0.825,97.28,0,0,0,190.43,7.93,1104.76,1.5,4.414,0.582,0.444
BGW-002,Baghewala Well 2,2024-04-11T00:00:00,4,production,50.83,12.38,777.85,17.81,8.64,18.66,452.38,6.283,7.01,72.0,48.0,True,False,40.4,8.08,48.48,3771.69,2.34,6.19,72.24,0.706,100.36,0,0,0,204.25,8.51,1155.45,1.5,5.056,0.737,0.518
BGW-002,Baghewala Well 2,2024-04-12T00:00:00,4,production,50.81,12.44,741.96,17.91,8.58,20.37,474.52,6.591,7.8,72.0,48.0,True,False,42.22,8.44,50.67,3813.91,2.42,5.88,63.44,0.763,99.29,0,0,0,203.82,8.49,1210.76,1.5,4.827,0.686,0.549
BGW-002,Baghewala Well 2,2024-04-13T00:00:00,4,production,50.77,12.35,670.81,18.27,8.48,19.35,430.91,5.985,7.34,72.0,48.0,True,False,41.09,8.22,49.31,3855.0,2.27,5.73,65.44,0.789,96.75,0,0,0,197.54,8.23,1100.99,1.5,4.808,0.585,0.476
BGW-002,Baghewala Well 2,2024-04-14T00:00:00,4,production,50.76,11.96,901.54,17.2,8.49,22.06,454.94,6.319,6.87,72.0,48.0,True,False,37.4,7.48,44.88,3892.4,2.49,5.73,63.7,0.677,105.78,0,0,0,198.87,8.29,1161.21,1.5,5.318,0.918,0.646
BGW-002,Baghewala Well 2,2024-04-15T00:00:00,4,production,50.69,13.24,806.31,17.74,8.35,20.02,453.38,6.297,7.21,72.0,48.0,True,False,36.48,7.3,43.77,3928.88,2.55,5.57,64.69,0.715,102.31,0,0,0,197.65,8.24,1157.17,1.5,5.418,0.782,0.572
BGW-002,Baghewala Well 2,2024-04-16T00:00:00,4,production,50.63,12.57,721.61,18.04,8.6,18.75,466.99,6.486,7.02,72.0,48.0,True,False,36.05,7.21,43.26,3964.92,2.42,4.45,66.53,0.839,94.4,0,0,0,189.29,7.89,1190.18,1.5,5.251,0.637,0.465
BGW-002,Baghewala Well 2,2024-04-17T00:00:00,4,production,50.47,12.49,775.96,17.93,8.63,19.81,453.94,6.305,7.31,72.0,48.0,True,False,38.31,7.66,45.97,4003.24,2.35,5.05,65.26,0.743,99.17,0,1,0,191.62,7.98,1157.85,1.5,5.002,0.728,0.551
BGW-002,Baghewala Well 2,2024-04-18T00:00:00,4,production,50.35,12.46,751.19,17.99,8.49,19.58,483.13,6.71,7.08,72.0,48.0,True,False,34.72,6.94,41.66,4037.95,2.25,5.68,66.06,0.752,99.56,0,0,0,200.43,8.35,1231.88,1.5,5.774,0.699,0.483
BGW-002,Baghewala Well 2,2024-04-19T00:00:00,4,production,50.37,12.77,825.61,17.5,8.45,19.19,431.6,5.994,8.01,72.0,48.0,True,False,33.09,6.62,39.71,4071.05,2.49,5.17,65.2,0.757,102.1,0,0,0,178.15,7.42,1100.38,1.5,5.383,0.805,0.571
BGW-002,Baghewala Well 2,2024-04-20T00:00:00,4,production,50.36,12.44,801.52,17.7,8.21,19.34,474.33,6.588,7.05,72.0,48.0,True,False,35.98,7.2,43.18,4107.03,2.26,5.72,67.37,0.729,97.36,0,0,0,199.77,8.32,1209.79,1.5,5.552,0.751,0.515
BGW-002,Baghewala Well 2,2024-04-21T00:00:00,4,production,50.21,12.67,777.89,17.87,8.63,18.77,447.79,6.219,7.47,72.0,48.0,True,False,37.3,7.46,44.76,4144.32,2.39,6.16,61.13,0.717,100.99,0,0,0,204.16,8.51,1143.98,1.5,5.474,0.74,0.541
BGW-002,Baghewala Well 2,2024-04-22T00:00:00,4,production,50.07,12.38,672.42,18.42,8.59,19.27,461.95,6.416,7.02,72.0,48.0,True,False,40.18,8.04,48.22,4184.51,2.26,4.23,65.35,0.83,92.1,0,0,0,175.91,7.33,1175.98,1.5,4.378,0.564,0.383
BGW-002,Baghewala Well 2,2024-04-23T00:00:00,4,production,49.94,12.61,709.3,18.28,8.45,19.46,476.64,6.62,7.94,72.0,48.0,True,False,38.97,7.79,46.77,4223.48,2.44,6.67,62.25,0.727,97.4,0,0,0,203.2,8.47,1215.99,1.5,5.214,0.647,0.475
BGW-002,Baghewala Well 2,2024-04-24T00:00:00,4,production,49.93,12.6,833.55,17.71,8.31,19.94,418.01,5.806,7.96,72.0,48.0,True,False,31.55,6.31,37.86,4255.04,2.46,5.28,68.54,0.72,100.51,0,0,0,198.93,8.29,1068.9,1.5,6.305,0.807,0.569
BGW-002,Baghewala Well 2,2024-04-25T00:00:00,4,production,49.84,12.64,672.12,18.44,8.54,20.15,463.42,6.436,7.75,72.0,48.0,True,True,37.63,7.53,45.16,4292.67,2.5,5.05,70.08,0.812,94.41,0,0,0,195.81,8.16,1182.06,1.5,5.203,0.575,0.403
BGW-002,Baghewala Well 2,2024-04-26T00:00:00,4,production,49.8,12.81,664.68,18.36,8.77,20.33,403.53,5.605,8.21,72.0,48.0,True,True,37.87,7.57,45.45,4330.54,2.43,5.49,63.89,0.837,93.99,0,0,0,189.91,7.91,1031.61,1.5,5.015,0.563,0.407
BGW-002,Baghewala Well 2,2024-04-27T00:00:00,4,production,49.74,12.45,829.38,17.66,8.68,19.84,462.28,6.421,7.61,72.0,48.0,True,True,35.6,7.12,42.72,4366.14,2.26,5.67,61.3,0.731,100.61,0,0,0,203.01,8.46,1180.06,1.5,5.703,0.802,0.602
BGW-002,Baghewala Well 2,2024-04-28T00:00:00,4,production,49.63,12.81,809.41,17.76,8.87,18.53,472.44,6.562,7.48,72.0,48.0,True,True,31.29,6.26,37.55,4397.43,2.17,5.92,64.51,0.699,97.36,0,0,0,206.06,8.59,1205.83,1.5,6.585,0.761,0.527
BGW-002,Baghewala Well 2,2024-04-29T00:00:00,5,production,47.98,12.72,715.13,18.49,8.35,19.85,434.16,6.03,7.71,72.0,48.0,True,True,32.49,6.5,38.99,4429.92,2.48,5.74,68.79,0.787,98.66,0,0,0,202.86,8.45,1109.73,1.5,6.244,0.65,0.498
BGW-002,Baghewala Well 2,2024-04-30T00:00:00,5,injection,49.48,12.05,793.62,18.08,8.61,22.23,452.41,5.814,7.78,77.81,43.83,False,False,33.36,6.67,40.03,4463.28,2.39,4.86,53.34,0.77,94.99,0,0,0,186.37,7.77,1153.39,1.5,5.587,0.729,0.522
BGW-002,Baghewala Well 2,2024-05-01T00:00:00,5,injection,50.82,11.88,658.84,18.39,8.49,20.7,450.69,6.81,7.52,66.18,44.78,False,False,42.12,8.42,50.55,4505.4,2.48,4.3,70.73,0.857,92.87,0,0,0,185.63,7.73,1149.0,1.5,4.407,0.55,0.425
BGW-002,Baghewala Well 2,2024-05-02T00:00:00,5,injection,52.28,12.45,649.86,18.22,8.42,22.56,479.38,6.264,7.33,76.53,45.74,False,False,43.79,8.76,52.55,4549.19,2.3,5.17,62.16,0.816,87.57,0,0,0,188.11,7.84,1221.02,1.5,4.296,0.513,0.321
BGW-002,Baghewala Well 2,2024-05-03T00:00:00,5,soak,52.18,12.57,680.52,18.19,8.16,23.15,450.0,6.25,6.6,72.0,48.0,False,False,35.82,7.16,42.99,4585.01,2.24,4.0,63.93,0.869,91.12,0,0,0,180.26,7.51,1146.63,1.5,5.032,0.569,0.44
BGW-002,Baghewala Well 2,2024-05-04T00:00:00,5,soak,52.07,12.43,687.21,17.95,8.89,22.37,450.0,6.25,8.08,72.0,48.0,False,False,38.88,7.78,46.65,4623.89,2.42,4.0,62.09,0.883,88.73,0,0,0,181.77,7.57,1146.81,1.5,4.675,0.565,0.348
BGW-002,Baghewala Well 2,2024-05-05T00:00:00,5,soak,51.98,13.12,614.62,18.43,8.62,20.84,450.0,6.25,7.84,72.0,48.0,False,False,37.19,7.44,44.62,4661.08,2.33,4.0,64.53,0.919,82.9,0,0,0,184.35,7.68,1147.12,1.5,4.957,0.445,0.279
BGW-002,Baghewala Well 2,2024-05-06T00:00:00,5,production,51.87,12.39,760.22,17.64,8.38,20.7,414.8,5.761,7.22,72.0,48.0,True,False,38.51,7.7,46.21,4699.59,2.5,5.26,57.63,0.781,97.72,0,0,0,196.15,8.17,1060.54,1.5,5.093,0.701,0.488
BGW-002,Baghewala Well 2,2024-05-07T00:00:00,5,production,51.76,12.52,664.31,18.15,8.5,20.47,470.07,6.529,7.15,72.0,48.0,True,False,46.59,9.32,55.91,4746.17,2.6,5.43,59.52,0.8,98.61,0,0,0,196.69,8.2,1198.78,1.5,4.222,0.586,0.458
BGW-002,Baghewala Well 2,2024-05-08T00:00:00,5,production,51.69,12.1,703.77,18.04,8.48,22.81,476.93,6.624,7.25,72.0,48.0,True,False,39.8,7.96,47.76,4785.97,2.33,4.98,73.49,0.784,96.57,0,0,0,192.7,8.03,1215.45,1.5,4.842,0.625,0.447
BGW-002,Baghewala Well 2,2024-05-09T00:00:00,5,production,51.61,13.36,645.56,18.27,8.35,21.25,451.31,6.268,6.96,72.0,48.0,True,False,42.64,8.53,51.17,4828.61,2.69,5.24,60.62,0.817,96.36,0,0,0,183.93,7.66,1150.34,1.5,4.314,0.551,0.406
BGW-002,Baghewala Well 2,2024-05-10T00:00:00,5,production,51.5,12.6,683.36,18.13,8.63,21.67,454.19,6.308,7.35,72.0,48.0,True,False,34.9,6.98,41.88,4863.51,2.27,5.09,61.67,0.848,94.13,0,0,0,190.85,7.95,1158.38,1.5,5.469,0.587,0.422
BGW-002,Baghewala Well 2,2024-05-11T00:00:00,5,production,51.38,12.44,651.08,18.43,8.68,22.86,473.8,6.581,7.78,72.0,48.0,True,False,46.71,9.34,56.05,4910.22,2.45,6.29,65.38,0.783,96.76,0,0,0,197.56,8.23,1208.22,1.5,4.23,0.56,0.458
BGW-002,Baghewala Well 2,2024-05-12T00:00:00,5,production,51.24,12.3,784.12,17.71,8.67,21.53,443.32,6.157,8.08,72.0,48.0,True,False,38.77,7.75,46.53,4948.99,2.52,5.94,65.91,0.736,101.84,0,0,0,193.92,8.08,1131.56,1.5,5.002,0.752,0.556
BGW-002,Baghewala Well 2,2024-05-13T00:00:00,5,production,51.11,12.58,815.41,17.48,8.52,21.69,449.64,6.245,7.54,72.0,48.0,True,False,35.86,7.17,43.03,4984.85,2.3,5.11,63.19,0.756,96.77,0,0,0,192.08,8.0,1147.14,1.5,5.357,0.766,0.522
BGW-002,Baghewala Well 2,2024-05-14T00:00:00,5,production,51.13,13.27,688.13,18.04,8.62,22.17,430.56,5.98,7.4,72.0,48.0,True,False,35.2,7.04,42.24,5020.05,2.35,6.89,62.71,0.751,97.18,0,0,0,199.52,8.31,1100.34,1.5,5.668,0.632,0.475
BGW-002,Baghewala Well 2,2024-05-15T00:00:00,5,production,51.08,12.71,822.7,17.47,8.71,21.1,463.65,6.44,7.69,72.0,48.0,True,False,30.71,6.14,36.86,5050.76,2.51,4.13,50.79,0.784,97.05,0,0,0,184.75,7.7,1181.29,1.5,6.015,0.776,0.539
BGW-002,Baghewala Well 2,2024-05-16T00:00:00,5,production,50.94,12.6,782.54,17.71,8.58,20.92,493.07,6.848,8.36,72.0,48.0,True,False,38.9,7.78,46.68,5089.66,2.4,5.47,68.01,0.762,95.2,0,0,0,188.51,7.85,1255.3,1.5,4.846,0.717,0.458
BGW-002,Baghewala Well 2,2024-05-17T00:00:00,5,production,50.89,12.77,680.53,18.12,8.36,20.23,454.59,6.314,7.48,72.0,48.0,True,False,47.88,9.58,57.46,5137.54,2.52,5.78,62.61,0.801,95.62,0,0,0,192.11,8.0,1159.52,1.5,4.012,0.591,0.42
BGW-002,Baghewala Well 2,2024-05-18T00:00:00,5,production,50.8,13.0,774.7,17.76,8.35,22.3,461.27,6.407,8.01,72.0,48.0,True,False,43.13,8.63,51.76,5180.67,2.29,6.04,65.96,0.73,97.84,0,0,0,203.03,8.46,1177.55,1.5,4.707,0.72,0.519
BGW-002,Baghewala Well 2,2024-05-19T00:00:00,5,production,50.81,12.71,773.41,17.95,8.65,22.09,450.3,6.254,7.49,72.0,48.0,True,False,37.15,7.43,44.58,5217.83,2.39,5.92,69.53,0.769,95.97,0,0,0,203.2,8.47,1150.14,1.5,5.469,0.709,0.519
BGW-002,Baghewala Well 2,2024-05-20T00:00:00,5,production,50.76,12.22,833.52,17.5,8.64,21.51,432.31,6.004,7.44,72.0,48.0,True,False,38.38,7.68,46.06,5256.21,2.46,5.63,70.57,0.77,103.36,0,0,0,198.87,8.29,1104.64,1.5,5.181,0.821,0.592
BGW-002,Baghewala Well 2,2024-05-21T00:00:00,5,production,50.68,12.39,723.19,17.95,8.64,20.75,463.94,6.444,7.44,72.0,48.0,True,False,40.21,8.04,48.25,5296.42,2.28,5.91,63.38,0.772,95.77,0,0,0,197.9,8.25,1183.6,1.5,4.922,0.645,0.461
BGW-002,Baghewala Well 2,2024-05-22T00:00:00,5,production,50.6,12.28,740.5,18.13,8.77,23.26,439.07,6.098,7.63,72.0,48.0,True,False,36.11,7.22,43.33,5332.53,2.42,5.86,63.84,0.78,97.15,0,0,0,196.2,8.18,1121.22,1.5,5.433,0.674,0.493
BGW-002,Baghewala Well 2,2024-05-23T00:00:00,5,production,50.56,12.2,786.0,17.84,8.36,20.73,477.28,6.629,7.13,72.0,48.0,True,False,31.93,6.39,38.32,5364.46,2.44,4.69,55.9,0.785,98.84,0,0,0,183.56,7.65,1215.22,1.5,5.749,0.739,0.528
BGW-002,Baghewala Well 2,2024-05-24T00:00:00,5,production,50.62,12.03,678.15,18.36,8.36,22.85,449.5,6.243,7.57,72.0,48.0,True,False,43.32,8.66,51.99,5407.78,2.46,6.24,56.21,0.779,100.4,0,0,0,195.9,8.16,1147.26,1.5,4.522,0.612,0.469
BGW-002,Baghewala Well 2,2024-05-25T00:00:00,5,production,50.51,12.39,714.68,18.26,8.55,21.23,439.26,6.101,7.35,72.0,48.0,True,True,40.41,8.08,48.49,5448.2,2.33,4.91,61.64,0.794,92.32,0,0,0,179.47,7.48,1119.68,1.5,4.441,0.617,0.39
BGW-002,Baghewala Well 2,2024-05-26T00:00:00,5,production,50.4,12.82,730.81,18.21,8.38,23.63,455.01,6.32,7.54,72.0,48.0,True,True,39.8,7.96,47.76,5488.0,2.39,5.97,77.05,0.711,96.88,0,0,0,198.81,8.28,1161.38,1.5,4.995,0.66,0.456
BGW-002,Baghewala Well 2,2024-05-27T00:00:00,5,production,50.32,12.27,659.6,18.47,8.71,21.61,417.17,5.794,6.85,72.0,48.0,True,True,37.87,7.57,45.45,5525.87,2.38,6.21,62.79,0.782,98.9,0,0,0,198.31,8.26,1066.72,1.5,5.236,0.582,0.468
BGW-002,Baghewala Well 2,2024-05-28T00:00:00,5,production,50.21,12.85,766.37,17.92,8.55,22.3,430.55,5.98,7.45,72.0,48.0,True,True,40.37,8.07,48.44,5566.24,2.39,5.69,65.93,0.776,97.55,0,0,0,187.87,7.83,1098.91,1.5,4.654,0.708,0.492
BGW-002,Baghewala Well 2,2024-05-29T00:00:00,6,production,48.73,11.9,859.57,17.7,8.61,22.66,402.98,5.597,7.47,72.0,48.0,True,True,29.88,5.98,35.85,5596.11,2.46,5.63,71.5,0.708,100.22,0,0,0,190.73,7.95,1030.34,1.5,6.384,0.838,0.552
BGW-002,Baghewala Well 2,2024-05-30T00:00:00,6,injection,50.39,12.86,770.75,17.93,8.45,23.84,511.83,9.31,7.41,54.98,40.05,False,False,38.92,7.78,46.71,5635.04,2.35,4.51,67.74,0.826,95.37,0,0,0,195.42,8.14,1303.03,1.5,5.02,0.703,0.477
BGW-002,Baghewala Well 2,2024-05-31T00:00:00,6,injection,51.56,12.77,760.01,17.62,8.88,22.45,490.58,5.849,7.19,83.88,41.31,False,False,41.32,8.26,49.59,5676.36,2.47,3.93,72.04,0.832,97.64,0,0,0,190.38,7.93,1249.29,1.5,4.607,0.701,0.528
BGW-002,Baghewala Well 2,2024-06-01T00:00:00,6,injection,52.73,12.43,819.49,17.11,8.03,22.64,458.46,6.102,7.98,75.13,52.77,False,False,33.69,6.74,40.43,5710.05,2.35,4.34,61.62,0.753,97.33,0,0,0,179.74,7.49,1167.72,1.5,5.335,0.774,0.521
BGW-002,Baghewala Well 2,2024-06-02T00:00:00,6,soak,52.67,12.61,738.96,17.74,8.08,22.28,450.0,6.25,7.22,72.0,48.0,False,False,36.1,7.22,43.32,5746.15,2.31,4.0,57.63,0.862,93.66,0,0,0,192.06,8.0,1148.05,1.5,5.32,0.655,0.466
BGW-002,Baghewala Well 2,2024-06-03T00:00:00,6,soak,52.58,12.26,755.67,17.57,8.44,24.22,450.0,6.25,7.58,72.0,48.0,False,False,33.3,6.66,39.96,5779.45,2.3,4.0,64.9,0.814,93.22,0,0,0,184.24,7.68,1147.11,1.5,5.532,0.673,0.438
BGW-002,Baghewala Well 2,2024-06-04T00:00:00,6,soak,52.49,12.22,773.74,17.49,9.04,21.98,450.0,6.25,7.06,72.0,48.0,False,False,35.73,7.15,42.88,5815.19,2.29,4.0,67.28,0.796,96.38,0,0,0,176.29,7.35,1146.16,1.5,4.934,0.712,0.519
BGW-002,Baghewala Well 2,2024-06-05T00:00:00,6,production,52.48,12.88,679.09,17.92,8.81,23.73,409.96,5.694,7.99,72.0,48.0,True,False,38.83,7.77,46.59,5854.01,2.24,5.62,59.4,0.786,94.95,0,0,0,186.85,7.79,1047.32,1.5,4.812,0.586,0.408
BGW-002,Baghewala Well 2,2024-06-06T00:00:00,6,production,52.33,12.28,659.48,18.36,8.65,23.12,441.57,6.133,7.65,72.0,48.0,True,False,45.76,9.15,54.91,5899.77,2.61,7.01,68.36,0.74,96.63,0,0,0,206.82,8.62,1128.75,1.5,4.52,0.6,0.43
BGW-002,Baghewala Well 2,2024-06-07T00:00:00,6,production,52.25,12.39,672.32,18.06,8.56,21.86,433.74,6.024,7.37,72.0,48.0,True,False,42.89,8.58,51.46,5942.66,2.35,6.08,67.21,0.786,94.12,0,0,0,197.8,8.24,1108.08,1.5,4.612,0.573,0.397
BGW-002,Baghewala Well 2,2024-06-08T00:00:00,6,production,52.14,12.58,739.11,17.75,8.21,24.56,445.17,6.183,8.51,72.0,48.0,True,False,44.74,8.95,53.68,5987.39,2.49,6.23,63.51,0.774,97.32,0,0,0,200.54,8.36,1136.98,1.5,4.483,0.673,0.502
BGW-002,Baghewala Well 2,2024-06-09T00:00:00,6,production,51.96,12.46,778.26,17.59,8.34,24.12,454.86,6.318,7.04,72.0,48.0,True,False,31.93,6.39,38.31,6019.32,2.21,5.42,62.58,0.736,103.2,0,0,0,202.09,8.42,1161.4,1.5,6.33,0.751,0.527
BGW-002,Baghewala Well 2,2024-06-10T00:00:00,6,production,51.82,12.7,765.26,17.62,8.45,23.3,481.34,6.685,7.87,72.0,48.0,True,False,41.93,8.39,50.32,6061.25,2.65,5.05,59.68,0.803,99.94,0,1,0,200.31,8.35,1227.4,1.5,4.777,0.719,0.524
BGW-002,Baghewala Well 2,2024-06-11T00:00:00,6,production,51.85,12.61,623.41,18.46,8.36,21.84,503.07,6.987,7.71,72.0,48.0,True,False,41.8,8.36,50.16,6103.05,2.41,4.98,56.03,0.838,91.48,0,0,0,200.48,8.35,1281.74,1.5,4.796,0.499,0.323
BGW-002,Baghewala Well 2,2024-06-12T00:00:00,6,production,51.67,12.59,811.72,17.52,8.17,24.23,484.09,6.723,7.06,72.0,48.0,True,False,45.36,9.07,54.43,6148.41,2.38,5.32,62.95,0.741,101.34,0,0,0,194.72,8.11,1233.59,1.5,4.293,0.784,0.597
BGW-002,Baghewala Well 2,2024-06-13T00:00:00,6,production,51.62,12.19,728.34,18.08,8.53,23.34,429.63,5.967,7.73,72.0,48.0,True,False,40.46,8.09,48.55,6188.87,2.35,4.95,67.32,0.8,95.73,0,0,0,190.3,7.93,1096.91,1.5,4.704,0.652,0.462
BGW-002,Baghewala Well 2,2024-06-14T00:00:00,6,production,51.53,12.79,689.15,18.15,8.44,24.78,457.66,6.356,7.59,72.0,48.0,True,False,43.51,8.7,52.21,6232.38,2.6,5.66,59.42,0.774,97.53,0,0,0,197.23,8.22,1167.83,1.5,4.533,0.612,0.467
BGW-002,Baghewala Well 2,2024-06-15T00:00:00,6,production,51.49,12.43,679.44,18.2,8.59,23.53,438.26,6.087,7.58,72.0,48.0,True,False,42.56,8.51,51.08,6274.94,2.45,5.83,56.38,0.791,92.53,0,0,0,194.75,8.11,1119.01,1.5,4.575,0.574,0.404
BGW-002,Baghewala Well 2,2024-06-16T00:00:00,6,production,51.34,12.49,792.0,17.68,8.66,20.69,453.83,6.303,7.54,72.0,48.0,True,False,36.25,7.25,43.5,6311.19,2.29,6.19,65.4,0.7,101.69,0,0,0,197.49,8.23,1158.28,1.5,5.448,0.761,0.537
BGW-002,Baghewala Well 2,2024-06-17T00:00:00,6,production,51.3,11.78,664.74,18.27,8.72,23.63,452.35,6.283,7.68,72.0,48.0,True,False,43.6,8.72,52.32,6354.8,2.34,6.02,56.4,0.753,94.02,0,0,0,196.07,8.17,1154.41,1.5,4.497,0.564,0.395
BGW-002,Baghewala Well 2,2024-06-18T00:00:00,6,production,51.12,12.65,638.33,18.68,8.63,22.53,461.47,6.409,7.96,72.0,48.0,True,False,46.0,9.2,55.2,6400.8,2.41,5.43,61.39,0.825,94.63,0,0,0,187.79,7.82,1176.21,1.5,4.082,0.534,0.382
BGW-002,Baghewala Well 2,2024-06-19T00:00:00,6,production,51.03,12.73,766.27,17.92,8.66,23.56,453.46,6.298,7.03,72.0,48.0,True,False,39.93,7.99,47.91,6440.73,2.43,5.41,65.76,0.757,102.73,0,0,0,193.34,8.06,1156.86,1.5,4.842,0.734,0.585
BGW-002,Baghewala Well 2,2024-06-20T00:00:00,6,production,50.98,12.56,774.35,17.78,8.14,22.46,485.18,6.739,8.19,72.0,48.0,True,False,34.12,6.82,40.94,6474.84,2.35,5.56,57.5,0.772,99.63,0,0,0,201.26,8.39,1237.09,1.5,5.899,0.729,0.53
BGW-002,Baghewala Well 2,2024-06-21T00:00:00,6,production,50.93,12.49,669.97,18.44,8.44,22.07,452.97,6.291,7.51,72.0,48.0,True,False,38.31,7.66,45.97,6513.15,2.43,4.73,65.85,0.846,90.95,0,0,0,180.76,7.53,1154.1,1.5,4.719,0.555,0.393
BGW-002,Baghewala Well 2,2024-06-22T00:00:00,6,production,50.82,12.6,759.72,17.85,8.42,23.71,443.21,6.156,7.69,72.0,48.0,True,False,38.19,7.64,45.83,6551.34,2.49,5.39,61.15,0.791,97.48,0,0,0,187.95,7.83,1130.59,1.5,4.921,0.7,0.497
BGW-002,Baghewala Well 2,2024-06-23T00:00:00,6,production,50.76,11.95,856.22,17.5,8.6,24.02,455.71,6.329,6.79,72.0,48.0,True,False,35.41,7.08,42.49,6586.75,2.57,5.03,67.45,0.731,101.76,0,0,0,194.98,8.12,1162.68,1.5,5.507,0.842,0.683
BGW-002,Baghewala Well 2,2024-06-24T00:00:00,6,production,50.75,12.15,700.88,18.11,8.67,23.63,452.04,6.278,7.99,72.0,48.0,True,True,37.46,7.49,44.96,6624.21,2.39,4.56,67.6,0.827,94.03,0,0,0,190.69,7.95,1152.97,1.5,5.09,0.609,0.422
BGW-002,Baghewala Well 2,2024-06-25T00:00:00,6,production,50.71,12.24,681.48,18.24,8.37,22.7,439.94,6.11,8.34,72.0,48.0,True,True,40.96,8.19,49.15,6665.17,2.46,5.81,62.11,0.803,95.02,0,0,0,195.86,8.16,1123.35,1.5,4.782,0.589,0.442
BGW-002,Baghewala Well 2,2024-06-26T00:00:00,6,production,50.6,12.23,693.38,18.23,8.66,23.57,454.03,6.306,7.93,72.0,48.0,True,True,44.57,8.91,53.48,6709.74,2.53,5.99,60.73,0.77,98.67,0,0,0,202.43,8.43,1159.37,1.5,4.542,0.623,0.513
BGW-002,Baghewala Well 2,2024-06-27T00:00:00,6,production,50.47,11.54,714.33,18.13,8.4,24.98,459.81,6.386,6.77,72.0,48.0,True,True,40.11,8.02,48.14,6749.85,2.48,6.37,70.94,0.758,100.9,0,0,0,191.49,7.98,1172.51,1.5,4.774,0.66,0.473
BGW-002,Baghewala Well 2,2024-06-28T00:00:00,7,production,48.94,12.46,841.38,17.79,8.28,24.75,405.42,5.631,6.84,72.0,48.0,True,True,33.68,6.74,40.42,6783.53,2.42,5.44,56.69,0.713,99.09,0,0,0,189.82,7.91,1036.34,1.5,5.636,0.81,0.61
BGW-003,Baghewala Well 3,2024-01-01T00:00:00,1,injection,48.32,12.44,924.71,17.47,8.75,11.91,522.98,7.439,7.35,70.31,46.81,False,False,33.91,6.78,40.69,33.91,2.28,4.34,73.99,0.741,100.55,0,0,0,193.74,8.07,1330.7,1.5,5.714,0.921,0.61
BGW-003,Baghewala Well 3,2024-01-02T00:00:00,1,injection,49.51,12.72,727.58,18.21,8.63,14.57,432.73,6.037,8.01,71.68,47.44,False,False,34.7,6.94,41.64,68.61,2.3,4.45,60.48,0.792,97.04,0,0,0,182.66,7.61,1103.74,1.5,5.264,0.657,0.452
BGW-003,Baghewala Well 3,2024-01-03T00:00:00,1,injection,50.68,12.3,734.66,17.94,8.75,16.22,431.5,5.697,7.43,75.74,61.34,False,False,41.04,8.21,49.25,109.65,2.38,4.97,69.31,0.813,95.55,0,0,0,190.26,7.93,1101.57,1.5,4.636,0.659,0.426
BGW-003,Baghewala Well 3,2024-01-04T00:00:00,1,soak,50.65,12.16,646.97,18.53,8.41,14.49,450.0,6.25,7.11,72.0,48.0,False,False,40.17,8.03,48.2,149.82,2.3,4.0,57.27,0.872,92.39,0,0,0,187.03,7.79,1147.44,1.5,4.656,0.533,0.369
BGW-003,Baghewala Well 3,2024-01-05T00:00:00,1,soak,50.58,12.66,777.61,17.75,8.45,14.73,450.0,6.25,7.29,72.0,48.0,False,False,40.2,8.04,48.24,190.02,2.54,4.0,63.86,0.825,97.77,0,0,0,185.88,7.75,1147.31,1.5,4.624,0.723,0.481
BGW-003,Baghewala Well 3,2024-01-06T00:00:00,1,soak,50.45,12.63,744.87,18.03,8.84,16.38,450.0,6.25,8.12,72.0,48.0,False,False,37.77,7.55,45.32,227.79,2.34,4.0,67.49,0.86,96.85,0,0,0,173.35,7.22,1145.8,1.5,4.59,0.678,0.487
BGW-003,Baghewala Well 3,2024-01-07T00:00:00,1,production,50.47,12.57,638.21,18.45,7.96,16.09,463.13,6.432,7.8,72.0,48.0,True,False,49.5,9.9,59.4,277.3,2.47,5.83,66.77,0.84,92.74,0,0,0,201.83,8.41,1182.04,1.5,4.077,0.524,0.393
BGW-003,Baghewala Well 3,2024-01-08T00:00:00,1,production,50.28,12.3,665.59,18.33,8.48,14.79,407.72,5.663,7.86,72.0,48.0,True,False,40.4,8.08,48.48,317.7,2.4,4.28,64.11,0.839,89.53,0,0,0,181.47,7.56,1041.08,1.5,4.492,0.542,0.338
BGW-003,Baghewala Well 3,2024-01-09T00:00:00,1,production,50.15,11.85,751.84,18.08,8.51,15.46,430.12,5.974,7.55,72.0,48.0,True,False,39.32,7.86,47.18,357.02,2.46,5.73,61.0,0.758,100.09,0,0,0,195.91,8.16,1098.81,1.5,4.983,0.703,0.521
BGW-003,Baghewala Well 3,2024-01-10T00:00:00,1,production,50.03,12.65,739.05,18.18,8.63,17.62,410.67,5.704,7.56,72.0,48.0,True,False,34.97,6.99,41.96,391.99,2.42,5.48,70.41,0.788,96.95,0,0,0,197.25,8.22,1050.35,1.5,5.641,0.671,0.484
BGW-003,Baghewala Well 3,2024-01-11T00:00:00,1,production,50.06,12.27,812.22,17.83,8.51,16.81,477.59,6.633,8.3,72.0,48.0,True,False,38.13,7.63,45.76,430.12,2.45,5.27,55.91,0.757,98.52,0,0,0,191.88,7.99,1217.0,1.5,5.032,0.77,0.522
BGW-003,Baghewala Well 3,2024-01-12T00:00:00,1,production,50.0,12.65,817.74,17.59,8.55,15.41,464.3,6.449,7.41,72.0,48.0,True,False,34.59,6.92,41.51,464.7,2.44,5.31,63.78,0.722,99.15,0,0,0,198.39,8.27,1184.55,1.5,5.736,0.78,0.552
BGW-003,Baghewala Well 3,2024-01-13T00:00:00,1,production,49.9,12.28,801.06,17.82,8.08,16.3,445.37,6.186,7.33,72.0,48.0,True,False,37.75,7.55,45.3,502.45,2.27,5.87,60.52,0.733,100.73,0,0,0,197.29,8.22,1137.11,1.5,5.227,0.767,0.544
BGW-003,Baghewala Well 3,2024-01-14T00:00:00,1,production,49.76,12.67,768.17,18.05,8.86,14.2,397.99,5.528,7.45,72.0,48.0,True,False,36.57,7.31,43.89,539.02,2.3,6.01,52.87,0.739,99.72,0,0,0,190.61,7.94,1017.85,1.5,5.212,0.721,0.53
BGW-003,Baghewala Well 3,2024-01-15T00:00:00,1,production,49.69,12.34,769.44,18.05,7.92,14.28,442.17,6.141,7.43,72.0,48.0,True,False,36.38,7.28,43.65,575.4,2.31,5.62,68.98,0.752,99.49,0,0,0,196.28,8.18,1128.97,1.5,5.395,0.722,0.523
BGW-003,Baghewala Well 3,2024-01-16T00:00:00,1,production,49.58,12.51,639.22,18.75,8.47,16.22,459.62,6.384,7.57,72.0,48.0,True,False,36.3,7.26,43.56,611.7,2.44,5.09,72.58,0.84,91.01,0,0,0,189.28,7.89,1171.77,1.5,5.215,0.517,0.369
BGW-003,Baghewala Well 3,2024-01-17T00:00:00,1,production,49.45,12.06,709.45,18.24,8.47,16.61,461.5,6.41,6.91,72.0,48.0,True,False,38.73,7.75,46.47,650.42,2.46,6.07,66.2,0.715,97.65,0,0,0,199.71,8.32,1177.72,1.5,5.157,0.638,0.471
BGW-003,Baghewala Well 3,2024-01-18T00:00:00,1,production,49.4,12.53,816.34,17.71,8.28,16.6,440.0,6.111,8.06,72.0,48.0,True,False,35.18,7.04,42.22,685.61,2.33,5.1,62.78,0.783,100.25,0,0,0,195.54,8.15,1123.47,1.5,5.558,0.784,0.554
BGW-003,Baghewala Well 3,2024-01-19T00:00:00,1,production,49.31,12.06,838.07,17.71,8.57,16.08,473.82,6.581,7.62,72.0,48.0,True,False,35.21,7.04,42.25,720.81,2.6,5.21,58.22,0.738,102.47,0,0,0,201.18,8.38,1208.69,1.5,5.715,0.822,0.59
BGW-003,Baghewala Well 3,2024-01-20T00:00:00,1,production,49.26,11.82,797.07,18.01,8.38,15.61,434.22,6.031,7.48,72.0,48.0,True,False,37.55,7.51,45.06,758.36,2.31,5.79,64.27,0.71,98.12,0,0,0,193.9,8.08,1108.83,1.5,5.164,0.749,0.511
BGW-003,Baghewala Well 3,2024-01-21T00:00:00,1,production,49.18,11.69,783.17,18.02,8.32,15.3,470.18,6.53,6.87,72.0,48.0,True,False,40.57,8.11,48.69,798.93,2.35,5.04,71.04,0.714,100.07,0,0,0,189.71,7.9,1198.2,1.5,4.676,0.742,0.523
BGW-003,Baghewala Well 3,2024-01-22T00:00:00,1,production,49.02,12.39,925.68,17.39,8.34,18.38,427.94,5.944,7.71,72.0,48.0,True,False,32.36,6.47,38.84,831.3,2.42,5.07,71.31,0.683,104.77,0,0,0,195.94,8.16,1093.37,1.5,6.054,0.943,0.661
BGW-003,Baghewala Well 3,2024-01-23T00:00:00,1,production,48.91,12.42,830.31,17.86,8.75,14.82,465.51,6.465,7.6,72.0,48.0,True,False,31.79,6.36,38.15,863.09,2.25,5.85,62.74,0.711,99.39,0,0,0,192.97,8.04,1186.93,1.5,6.07,0.797,0.561
BGW-003,Baghewala Well 3,2024-01-24T00:00:00,1,production,48.87,12.29,744.24,18.33,8.2,14.96,446.29,6.198,7.05,72.0,48.0,True,False,41.55,8.31,49.86,904.64,2.49,5.96,59.65,0.73,100.18,0,0,0,202.17,8.42,1139.97,1.5,4.866,0.694,0.552
BGW-003,Baghewala Well 3,2024-01-25T00:00:00,1,production,48.73,12.47,834.41,17.93,8.14,14.51,468.79,6.511,7.63,72.0,48.0,True,False,36.91,7.38,44.3,941.55,2.23,4.98,62.93,0.733,100.5,0,0,0,194.62,8.11,1195.33,1.5,5.272,0.808,0.555
BGW-003,Baghewala Well 3,2024-01-26T00:00:00,1,production,48.63,12.55,858.83,17.81,8.53,16.03,468.57,6.508,7.75,72.0,48.0,True,True,33.48,6.7,40.18,975.03,2.47,6.21,69.55,0.687,106.32,0,0,0,204.63,8.53,1195.99,1.5,6.111,0.868,0.657
BGW-003,Baghewala Well 3,2024-01-27T00:00:00,1,production,48.53,12.57,831.06,17.89,8.6,16.39,450.94,6.263,7.05,72.0,48.0,True,True,40.78,8.16,48.94,1015.82,2.46,4.68,53.08,0.777,101.52,0,0,0,191.24,7.97,1150.3,1.5,4.69,0.809,0.604
BGW-003,Baghewala Well 3,2024-01-28T00:00:00,1,production,48.45,12.84,786.25,18.24,8.62,17.02,453.67,6.301,7.59,72.0,48.0,True,True,35.32,7.06,42.38,1051.13,2.33,5.77,62.93,0.77,99.89,0,0,0,196.01,8.17,1157.7,1.5,5.55,0.745,0.554
BGW-003,Baghewala Well 3,2024-01-29T00:00:00,1,production,48.44,12.48,840.78,18.0,8.42,16.76,465.5,6.465,8.0,72.0,48.0,True,True,37.71,7.54,45.25,1088.85,2.36,5.32,64.05,0.73,100.36,0,0,0,200.39,8.35,1187.79,1.5,5.314,0.815,0.573
BGW-003,Baghewala Well 3,2024-01-30T00:00:00,2,production,46.79,11.81,789.64,18.31,8.68,18.28,456.6,6.342,7.63,72.0,48.0,True,True,27.07,5.41,32.49,1115.92,2.42,5.69,69.15,0.755,98.22,0,0,0,193.55,8.06,1164.73,1.5,7.149,0.741,0.509
BGW-003,Baghewala Well 3,2024-01-31T00:00:00,2,injection,48.37,12.7,730.54,18.39,8.4,17.12,469.31,6.723,7.26,69.81,47.18,False,False,32.46,6.49,38.95,1148.38,2.24,4.47,70.14,0.825,90.41,0,0,0,177.82,7.41,1194.62,1.5,5.478,0.628,0.401
BGW-003,Baghewala Well 3,2024-02-01T00:00:00,2,injection,49.84,12.8,828.11,17.81,8.26,16.24,458.09,5.755,7.54,79.6,38.15,False,False,34.33,6.87,41.19,1182.71,2.47,4.36,62.74,0.749,97.73,0,0,0,183.82,7.66,1167.29,1.5,5.355,0.786,0.537
BGW-003,Baghewala Well 3,2024-02-02T00:00:00,2,injection,50.9,12.81,699.18,18.2,8.17,15.73,417.49,5.783,7.1,72.2,38.93,False,False,41.35,8.27,49.62,1224.05,2.33,5.23,60.07,0.812,94.42,0,0,0,189.98,7.92,1066.51,1.5,4.595,0.609,0.416
BGW-003,Baghewala Well 3,2024-02-03T00:00:00,2,soak,50.78,13.05,707.77,18.14,8.81,18.28,450.0,6.25,7.48,72.0,48.0,False,False,36.5,7.3,43.8,1260.56,2.45,4.0,59.35,0.838,91.55,0,0,0,185.84,7.74,1147.3,1.5,5.091,0.605,0.4
BGW-003,Baghewala Well 3,2024-02-04T00:00:00,2,soak,50.7,12.79,751.13,17.94,8.62,16.49,450.0,6.25,7.03,72.0,48.0,False,False,34.32,6.86,41.18,1294.88,2.22,4.0,62.33,0.837,94.1,0,0,0,176.08,7.34,1146.13,1.5,5.131,0.672,0.465
BGW-003,Baghewala Well 3,2024-02-05T00:00:00,2,soak,50.66,11.97,685.81,18.22,8.33,15.73,450.0,6.25,7.16,72.0,48.0,False,False,35.04,7.01,42.05,1329.92,2.24,4.0,61.63,0.875,92.23,0,0,0,186.01,7.75,1147.32,1.5,5.308,0.581,0.404
BGW-003,Baghewala Well 3,2024-02-06T00:00:00,2,production,50.55,13.0,816.91,17.57,8.31,17.3,454.86,6.318,7.64,72.0,48.0,True,False,35.76,7.15,42.91,1365.68,2.4,5.39,69.35,0.72,98.93,0,0,0,201.41,8.39,1161.33,1.5,5.633,0.778,0.602
BGW-003,Baghewala Well 3,2024-02-07T00:00:00,2,production,50.44,12.4,711.5,18.15,8.67,18.31,458.8,6.372,7.74,72.0,48.0,True,False,45.24,9.05,54.29,1410.91,2.39,5.96,65.67,0.769,102.37,0,0,0,203.12,8.46,1171.37,1.5,4.49,0.664,0.499
BGW-003,Baghewala Well 3,2024-02-08T00:00:00,2,production,50.38,12.65,771.68,17.94,8.31,15.78,430.58,5.98,7.4,72.0,48.0,True,False,39.56,7.91,47.47,1450.47,2.43,5.68,61.97,0.734,96.96,0,0,0,196.62,8.19,1100.04,1.5,4.97,0.712,0.465
BGW-003,Baghewala Well 3,2024-02-09T00:00:00,2,production,50.27,12.58,742.92,18.06,8.6,18.37,471.31,6.546,7.19,72.0,48.0,True,False,35.26,7.05,42.32,1485.74,2.29,5.97,58.66,0.764,100.97,0,0,0,202.25,8.43,1202.54,1.5,5.735,0.696,0.496
BGW-003,Baghewala Well 3,2024-02-10T00:00:00,2,production,50.21,12.69,675.94,18.46,8.6,17.1,442.91,6.151,8.02,72.0,48.0,True,False,45.61,9.12,54.74,1531.35,2.39,5.76,60.51,0.804,93.54,0,0,0,196.73,8.2,1130.88,1.5,4.313,0.575,0.377
BGW-003,Baghewala Well 3,2024-02-11T00:00:00,2,production,50.21,12.43,732.75,18.1,8.77,16.11,481.16,6.683,7.25,72.0,48.0,True,False,38.78,7.76,46.54,1570.13,2.32,5.16,64.42,0.781,95.06,0,0,0,197.05,8.21,1226.54,1.5,5.081,0.654,0.479
BGW-003,Baghewala Well 3,2024-02-12T00:00:00,2,production,50.14,13.0,810.87,17.92,8.64,18.09,424.09,5.89,7.96,72.0,48.0,True,False,36.35,7.27,43.61,1606.48,2.5,4.57,63.57,0.823,95.35,0,0,0,181.53,7.56,1082.0,1.5,4.994,0.753,0.536
BGW-003,Baghewala Well 3,2024-02-13T00:00:00,2,production,50.01,12.13,705.9,18.24,8.44,19.06,455.57,6.327,7.37,72.0,48.0,True,False,40.97,8.19,49.17,1647.45,2.46,6.04,63.54,0.768,99.71,0,0,0,194.28,8.1,1162.23,1.5,4.742,0.643,0.46
BGW-003,Baghewala Well 3,2024-02-14T00:00:00,2,production,49.88,12.38,841.04,17.75,8.7,16.79,431.13,5.988,7.19,72.0,48.0,True,False,33.69,6.74,40.43,1681.14,2.39,4.66,61.15,0.722,104.6,0,0,0,187.88,7.83,1100.38,1.5,5.576,0.837,0.604
BGW-003,Baghewala Well 3,2024-02-15T00:00:00,2,production,49.86,12.39,712.71,18.33,8.6,16.42,415.39,5.769,7.12,72.0,48.0,True,False,42.04,8.41,50.45,1723.18,2.4,5.42,68.08,0.769,100.99,0,0,0,188.17,7.84,1061.06,1.5,4.476,0.658,0.473
BGW-003,Baghewala Well 3,2024-02-16T00:00:00,2,production,49.79,12.61,711.67,18.43,8.45,17.56,473.37,6.575,7.49,72.0,48.0,True,False,44.46,8.89,53.35,1767.65,2.35,5.31,72.04,0.785,95.24,0,1,0,196.78,8.2,1207.03,1.5,4.426,0.628,0.462
BGW-003,Baghewala Well 3,2024-02-17T00:00:00,2,production,49.77,12.61,786.31,17.97,8.71,15.94,427.55,5.938,7.09,72.0,48.0,True,False,34.62,6.92,41.54,1802.26,2.48,5.04,59.57,0.778,100.59,0,0,0,191.27,7.97,1091.84,1.5,5.525,0.748,0.541
BGW-003,Baghewala Well 3,2024-02-18T00:00:00,2,production,49.74,12.48,769.0,17.91,8.24,18.13,433.8,6.025,7.85,72.0,48.0,True,False,35.29,7.06,42.35,1837.55,2.41,5.54,70.83,0.761,99.75,0,0,0,199.58,8.32,1108.45,1.5,5.655,0.723,0.512
BGW-003,Baghewala Well 3,2024-02-19T00:00:00,2,production,49.75,12.51,723.43,18.2,8.49,16.98,394.49,5.479,7.68,72.0,48.0,True,False,37.88,7.58,45.45,1875.43,2.33,6.07,64.37,0.772,98.98,0,0,0,198.09,8.25,1010.0,1.5,5.23,0.662,0.496
BGW-003,Baghewala Well 3,2024-02-20T00:00:00,2,production,49.71,12.73,913.21,17.33,8.57,16.81,463.03,6.431,7.29,72.0,48.0,True,False,24.37,4.87,29.24,1899.8,2.27,4.33,61.01,0.726,97.28,0,0,0,185.89,7.75,1179.89,1.5,7.628,0.89,0.565
BGW-003,Baghewala Well 3,2024-02-21T00:00:00,2,production,49.59,12.74,677.24,18.51,8.65,17.62,414.42,5.756,6.94,72.0,48.0,True,False,40.78,8.16,48.94,1940.58,2.36,6.18,64.46,0.751,99.31,0,0,0,195.14,8.13,1059.47,1.5,4.785,0.606,0.467
BGW-003,Baghewala Well 3,2024-02-22T00:00:00,2,production,49.56,11.81,717.82,18.38,8.35,17.61,457.13,6.349,6.1,72.0,48.0,True,False,36.03,7.21,43.23,1976.61,2.41,5.3,56.62,0.774,96.17,0,0,0,195.99,8.17,1166.34,1.5,5.44,0.641,0.468
BGW-003,Baghewala Well 3,2024-02-23T00:00:00,2,production,49.48,12.88,794.01,17.94,8.65,18.15,448.11,6.224,7.51,72.0,48.0,True,False,31.15,6.23,37.38,2007.76,2.32,4.64,64.61,0.731,97.74,0,0,0,188.89,7.87,1142.95,1.5,6.063,0.744,0.507
BGW-003,Baghewala Well 3,2024-02-24T00:00:00,2,production,49.36,12.02,773.02,18.03,8.93,17.17,451.56,6.272,7.72,72.0,48.0,True,False,33.99,6.8,40.79,2041.76,2.45,5.4,67.65,0.765,97.81,0,0,0,192.02,8.0,1151.95,1.5,5.649,0.718,0.503
BGW-003,Baghewala Well 3,2024-02-25T00:00:00,2,production,49.29,12.34,820.05,17.81,8.51,17.34,457.49,6.354,7.25,72.0,48.0,True,True,35.32,7.06,42.39,2077.08,2.23,4.78,66.13,0.772,97.47,0,0,0,197.63,8.23,1167.43,1.5,5.595,0.775,0.554
BGW-003,Baghewala Well 3,2024-02-26T00:00:00,2,production,49.23,12.07,830.15,17.86,8.36,16.94,430.98,5.986,7.33,72.0,48.0,True,True,34.93,6.99,41.91,2112.01,2.54,5.78,62.38,0.7,102.86,0,0,0,196.5,8.19,1101.02,1.5,5.626,0.814,0.622
BGW-003,Baghewala Well 3,2024-02-27T00:00:00,2,production,49.21,12.45,771.2,18.11,8.24,17.43,437.27,6.073,7.74,72.0,48.0,True,True,30.86,6.17,37.03,2142.87,2.41,4.56,69.19,0.827,95.33,0,0,0,187.6,7.82,1115.7,1.5,6.079,0.703,0.478
BGW-003,Baghewala Well 3,2024-02-28T00:00:00,2,production,49.06,12.09,832.47,17.68,8.35,18.46,450.94,6.263,7.82,72.0,48.0,True,True,31.36,6.27,37.63,2174.22,2.52,5.83,74.8,0.699,100.1,0,0,0,208.71,8.7,1152.4,1.5,6.656,0.804,0.565
BGW-003,Baghewala Well 3,2024-02-29T00:00:00,3,production,47.55,13.03,806.85,18.19,8.15,17.76,442.97,6.152,7.54,72.0,48.0,True,True,31.37,6.27,37.64,2205.59,2.47,5.58,74.75,0.741,100.19,0,0,0,190.04,7.92,1130.23,1.5,6.058,0.772,0.57
BGW-003,Baghewala Well 3,2024-03-01T00:00:00,3,injection,48.84,12.26,852.21,17.7,8.66,17.95,453.53,4.968,7.11,91.3,45.97,False,False,34.97,6.99,41.96,2240.56,2.41,4.4,57.43,0.764,96.62,0,0,0,186.97,7.79,1156.27,1.5,5.347,0.811,0.553
BGW-003,Baghewala Well 3,2024-03-02T00:00:00,3,injection,50.33,12.34,636.22,18.62,8.69,17.09,460.7,7.266,8.13,63.4,52.2,False,False,42.16,8.43,50.59,2282.72,2.38,4.38,66.38,0.9,88.54,0,0,0,190.11,7.92,1174.57,1.5,4.509,0.5,0.304
BGW-003,Baghewala Well 3,2024-03-03T00:00:00,3,injection,51.71,12.89,719.93,18.02,8.34,20.53,384.85,5.001,7.13,76.95,51.43,False,False,32.28,6.46,38.73,2315.0,2.51,4.43,58.37,0.847,92.13,0,0,0,185.98,7.75,984.43,1.5,5.762,0.623,0.419
BGW-003,Baghewala Well 3,2024-03-04T00:00:00,3,soak,51.7,12.51,720.13,17.98,8.51,18.51,450.0,6.25,6.75,72.0,48.0,False,False,38.01,7.6,45.62,2353.01,2.45,4.0,72.18,0.813,93.66,0,0,0,179.17,7.47,1146.5,1.5,4.713,0.631,0.417
BGW-003,Baghewala Well 3,2024-03-05T00:00:00,3,soak,51.59,12.7,686.75,18.03,8.23,16.45,450.0,6.25,6.86,72.0,48.0,False,False,38.11,7.62,45.73,2391.12,2.48,4.0,64.94,0.865,94.47,0,0,0,178.13,7.42,1146.38,1.5,4.674,0.593,0.424
BGW-003,Baghewala Well 3,2024-03-06T00:00:00,3,soak,51.51,12.41,631.32,18.55,8.26,19.44,450.0,6.25,7.92,72.0,48.0,False,False,38.23,7.65,45.88,2429.36,2.52,4.0,54.36,0.903,90.2,0,0,0,180.33,7.51,1146.64,1.5,4.716,0.503,0.362
BGW-003,Baghewala Well 3,2024-03-07T00:00:00,3,production,51.35,12.75,719.89,17.9,8.21,18.94,423.5,5.882,7.06,72.0,48.0,True,False,35.12,7.02,42.14,2464.48,2.21,4.81,65.47,0.804,92.48,0,0,0,186.33,7.76,1081.11,1.5,5.306,0.625,0.425
BGW-003,Baghewala Well 3,2024-03-08T00:00:00,3,production,51.31,12.69,756.66,17.86,8.2,18.09,454.48,6.312,7.13,72.0,48.0,True,False,38.87,7.77,46.64,2503.35,2.37,5.25,63.54,0.762,97.21,0,0,0,195.01,8.13,1159.6,1.5,5.017,0.694,0.475
BGW-003,Baghewala Well 3,2024-03-09T00:00:00,3,production,51.34,13.15,695.28,18.14,8.58,18.49,454.28,6.309,7.72,72.0,48.0,True,False,41.42,8.28,49.71,2544.77,2.55,4.68,64.01,0.813,93.96,0,0,0,188.44,7.85,1158.31,1.5,4.549,0.601,0.412
BGW-003,Baghewala Well 3,2024-03-10T00:00:00,3,production,51.28,12.14,673.76,18.27,8.32,18.4,453.72,6.302,7.56,72.0,48.0,True,False,42.2,8.44,50.64,2586.97,2.52,5.88,71.32,0.767,94.53,0,0,0,194.83,8.12,1157.68,1.5,4.616,0.577,0.442
BGW-003,Baghewala Well 3,2024-03-11T00:00:00,3,production,51.18,12.12,796.91,17.59,8.57,18.09,495.26,6.879,7.78,72.0,48.0,True,False,37.6,7.52,45.12,2624.58,2.3,5.11,64.9,0.768,99.83,0,0,0,193.2,8.05,1261.32,1.5,5.138,0.758,0.543
BGW-003,Baghewala Well 3,2024-03-12T00:00:00,3,production,51.1,12.59,655.17,18.36,8.59,19.35,441.49,6.132,7.4,72.0,48.0,True,False,40.67,8.13,48.8,2665.24,2.3,5.02,61.15,0.837,94.89,0,0,0,186.69,7.78,1126.14,1.5,4.591,0.556,0.455
BGW-003,Baghewala Well 3,2024-03-13T00:00:00,3,production,51.06,12.45,749.84,18.02,8.66,16.66,438.12,6.085,8.05,72.0,48.0,True,False,39.74,7.95,47.69,2704.99,2.35,6.83,70.53,0.734,100.58,0,0,0,214.24,8.93,1121.01,1.5,5.39,0.722,0.534
BGW-003,Baghewala Well 3,2024-03-14T00:00:00,3,production,50.97,12.52,867.51,17.28,8.71,18.93,448.87,6.234,7.1,72.0,48.0,True,False,38.22,7.64,45.87,2743.21,2.36,4.57,62.94,0.733,100.82,0,0,0,189.12,7.88,1144.87,1.5,4.948,0.851,0.564
BGW-003,Baghewala Well 3,2024-03-15T00:00:00,3,production,50.8,12.75,782.88,17.79,8.6,18.78,464.17,6.447,8.25,72.0,48.0,True,False,39.41,7.88,47.3,2782.62,2.33,5.27,70.54,0.733,97.36,0,0,0,190.05,7.92,1183.24,1.5,4.822,0.728,0.516
BGW-003,Baghewala Well 3,2024-03-16T00:00:00,3,production,50.69,12.38,678.68,18.32,8.66,19.36,454.22,6.309,7.01,72.0,48.0,True,False,38.64,7.73,46.36,2821.26,2.36,5.57,66.37,0.784,96.77,0,0,0,194.08,8.09,1158.83,1.5,5.023,0.595,0.489
BGW-003,Baghewala Well 3,2024-03-17T00:00:00,3,production,50.58,12.56,842.59,17.4,8.43,19.52,465.67,6.468,7.51,72.0,48.0,True,False,41.42,8.28,49.7,2862.68,2.39,6.34,70.92,0.707,102.33,0,0,0,198.46,8.27,1188.0,1.5,4.791,0.827,0.626
BGW-003,Baghewala Well 3,2024-03-18T00:00:00,3,production,50.58,12.19,763.45,17.83,8.7,20.56,446.15,6.196,7.6,72.0,48.0,True,False,36.54,7.31,43.84,2899.22,2.56,6.09,67.47,0.724,102.02,0,0,0,204.16,8.51,1139.87,1.5,5.588,0.727,0.549
BGW-003,Baghewala Well 3,2024-03-19T00:00:00,3,production,50.51,12.36,787.07,17.78,8.48,18.22,453.25,6.295,7.33,72.0,48.0,True,False,39.45,7.89,47.34,2938.66,2.43,5.91,63.73,0.707,103.27,0,0,0,197.42,8.23,1156.83,1.5,5.005,0.763,0.568
BGW-003,Baghewala Well 3,2024-03-20T00:00:00,3,production,50.46,12.42,671.18,18.37,8.61,17.9,435.79,6.053,7.66,72.0,48.0,True,False,44.44,8.89,53.33,2983.11,2.38,6.33,60.33,0.771,96.78,0,0,0,205.67,8.57,1114.17,1.5,4.628,0.585,0.413
BGW-003,Baghewala Well 3,2024-03-21T00:00:00,3,production,50.47,12.53,720.81,18.05,8.36,20.03,472.27,6.559,7.23,72.0,48.0,True,False,39.51,7.9,47.41,3022.62,2.51,6.04,58.14,0.752,96.85,0,0,0,197.69,8.24,1204.41,1.5,5.003,0.648,0.493
BGW-003,Baghewala Well 3,2024-03-22T00:00:00,3,production,50.34,12.45,827.13,17.68,8.39,20.99,491.38,6.825,7.08,72.0,48.0,True,False,39.05,7.81,46.86,3061.67,2.25,6.15,69.19,0.721,100.27,0,0,0,210.07,8.75,1253.66,1.5,5.379,0.798,0.56
BGW-003,Baghewala Well 3,2024-03-23T00:00:00,3,production,50.26,12.42,801.03,17.71,8.21,18.32,474.33,6.588,7.13,72.0,48.0,True,False,35.23,7.05,42.27,3096.9,2.28,5.94,66.57,0.731,97.18,0,0,0,199.2,8.3,1209.74,1.5,5.655,0.75,0.546
BGW-003,Baghewala Well 3,2024-03-24T00:00:00,3,production,50.22,12.89,805.69,17.69,8.45,18.79,433.28,6.018,7.14,72.0,48.0,True,False,35.38,7.08,42.46,3132.28,2.37,5.84,61.74,0.732,101.26,0,0,0,191.0,7.96,1106.12,1.5,5.398,0.776,0.566
BGW-003,Baghewala Well 3,2024-03-25T00:00:00,3,production,50.13,12.03,691.67,18.29,8.67,18.76,451.15,6.266,7.67,72.0,48.0,True,False,45.96,9.19,55.16,3178.25,2.58,4.31,66.83,0.865,92.74,0,0,0,182.19,7.59,1149.73,1.5,3.964,0.591,0.413
BGW-003,Baghewala Well 3,2024-03-26T00:00:00,3,production,50.12,12.46,697.5,18.39,8.42,18.85,438.28,6.087,8.07,72.0,48.0,True,True,39.51,7.9,47.41,3217.75,2.38,5.58,60.19,0.805,93.49,0,0,0,195.49,8.15,1119.15,1.5,4.948,0.602,0.446
BGW-003,Baghewala Well 3,2024-03-27T00:00:00,3,production,49.97,11.86,852.1,17.58,8.57,18.26,424.74,5.899,7.39,72.0,48.0,True,True,40.51,8.1,48.61,3258.26,2.61,5.92,59.52,0.724,106.15,1,0,0,193.24,8.05,1085.04,1.5,4.771,0.858,0.676
BGW-003,Baghewala Well 3,2024-03-28T00:00:00,3,production,49.87,12.01,786.89,18.01,8.51,20.46,433.86,6.026,7.65,72.0,48.0,True,True,32.75,6.55,39.3,3291.01,2.41,5.69,70.31,0.763,99.36,0,0,0,191.96,8.0,1107.68,1.5,5.861,0.743,0.512
BGW-003,Baghewala Well 3,2024-03-29T00:00:00,3,production,49.8,12.64,638.24,18.62,8.59,19.97,446.04,6.195,8.17,72.0,48.0,True,True,40.44,8.09,48.53,3331.45,2.34,6.37,59.32,0.732,98.11,0,1,0,198.99,8.29,1138.98,1.5,4.92,0.551,0.459
BGW-003,Baghewala Well 3,2024-03-30T00:00:00,4,production,48.24,12.65,848.09,17.84,8.62,20.08,448.54,6.23,7.53,72.0,48.0,True,True,31.29,6.26,37.54,3362.74,2.34,5.53,67.63,0.689,103.14,0,0,0,194.7,8.11,1144.71,1.5,6.223,0.838,0.639
BGW-003,Baghewala Well 3,2024-03-31T00:00:00,4,injection,49.24,12.65,785.6,18.13,8.34,17.96,440.01,5.38,7.72,81.78,43.19,False,False,34.44,6.89,41.32,3397.18,2.1,4.56,57.76,0.766,95.13,0,0,0,192.98,8.04,1123.19,1.5,5.604,0.72,0.457
BGW-003,Baghewala Well 3,2024-04-01T00:00:00,4,injection,50.76,12.83,768.85,17.84,8.62,19.84,432.4,6.531,7.66,66.2,43.17,False,False,37.28,7.46,44.74,3434.46,2.35,4.74,66.28,0.781,94.65,0,0,0,183.35,7.64,1103.0,1.5,4.918,0.697,0.467
BGW-003,Baghewala Well 3,2024-04-02T00:00:00,4,injection,51.99,12.57,602.25,18.37,8.44,21.61,488.9,6.03,7.33,81.08,54.3,False,False,44.62,8.92,53.55,3479.08,2.35,4.29,71.85,0.867,89.02,0,0,0,177.47,7.39,1243.56,1.5,3.977,0.46,0.341
BGW-003,Baghewala Well 3,2024-04-03T00:00:00,4,soak,51.85,12.38,714.11,17.93,8.51,18.89,450.0,6.25,7.66,72.0,48.0,False,False,37.28,7.46,44.73,3516.36,2.46,4.0,58.82,0.813,94.3,0,0,0,179.13,7.46,1146.5,1.5,4.806,0.627,0.418
BGW-003,Baghewala Well 3,2024-04-04T00:00:00,4,soak,51.7,12.67,659.8,18.24,8.74,21.34,450.0,6.25,7.41,72.0,48.0,False,False,39.22,7.84,47.06,3555.58,2.36,4.0,61.19,0.861,90.89,0,0,0,176.73,7.36,1146.21,1.5,4.506,0.542,0.367
BGW-003,Baghewala Well 3,2024-04-05T00:00:00,4,soak,51.67,12.55,749.57,17.7,8.27,20.64,450.0,6.25,7.01,72.0,48.0,False,False,36.7,7.34,44.04,3592.27,2.32,4.0,62.99,0.798,95.39,0,0,0,183.32,7.64,1147.0,1.5,4.996,0.676,0.457
BGW-003,Baghewala Well 3,2024-04-06T00:00:00,4,production,51.51,12.36,711.62,18.12,8.28,19.98,450.49,6.257,7.44,72.0,48.0,True,False,42.51,8.5,51.01,3634.78,2.32,4.98,65.02,0.798,94.84,0,0,0,187.05,7.79,1148.67,1.5,4.401,0.626,0.454
BGW-003,Baghewala Well 3,2024-04-07T00:00:00,4,production,51.37,12.41,706.53,18.06,8.58,18.7,469.12,6.516,7.5,72.0,48.0,True,False,39.58,7.92,47.5,3674.36,2.2,5.42,65.99,0.794,91.73,0,0,0,197.68,8.24,1196.53,1.5,4.994,0.604,0.435
BGW-003,Baghewala Well 3,2024-04-08T00:00:00,4,production,51.31,12.55,736.62,17.83,8.35,17.88,450.14,6.252,7.38,72.0,48.0,True,False,41.55,8.31,49.86,3715.91,2.41,4.66,65.05,0.832,97.61,0,0,0,188.01,7.83,1147.9,1.5,4.525,0.671,0.532
BGW-003,Baghewala Well 3,2024-04-09T00:00:00,4,production,51.26,12.1,693.62,18.13,8.27,19.87,423.07,5.876,6.93,72.0,48.0,True,False,39.93,7.99,47.91,3755.84,2.31,5.55,77.75,0.766,95.47,0,0,0,189.45,7.89,1080.41,1.5,4.745,0.607,0.438
BGW-003,Baghewala Well 3,2024-04-10T00:00:00,4,production,51.1,12.47,812.61,17.49,8.55,19.92,455.06,6.32,7.67,72.0,48.0,True,False,32.56,6.51,39.07,3788.39,2.28,5.09,68.9,0.761,104.0,1,0,0,185.85,7.74,1159.95,1.5,5.708,0.798,0.606
BGW-003,Baghewala Well 3,2024-04-11T00:00:00,4,production,50.96,12.53,809.52,17.48,8.56,20.06,457.88,6.359,7.44,72.0,48.0,True,False,33.68,6.74,40.41,3822.07,2.51,4.84,65.65,0.756,97.74,0,0,0,191.43,7.98,1167.66,1.5,5.684,0.763,0.526
BGW-003,Baghewala Well 3,2024-04-12T00:00:00,4,production,50.87,12.47,737.92,18.11,8.53,20.72,489.21,6.795,6.94,72.0,48.0,True,False,43.35,8.67,52.02,3865.42,2.35,6.94,66.2,0.724,101.34,0,0,0,203.45,8.48,1247.43,1.5,4.693,0.718,0.548
BGW-003,Baghewala Well 3,2024-04-13T00:00:00,4,production,50.76,12.2,850.37,17.42,8.39,20.16,433.8,6.025,8.03,72.0,48.0,True,False,31.87,6.37,38.24,3897.29,2.42,5.01,59.98,0.703,100.55,0,0,0,188.47,7.85,1107.12,1.5,5.914,0.828,0.572
BGW-003,Baghewala Well 3,2024-04-14T00:00:00,4,production,50.62,13.15,775.14,17.92,8.17,20.23,447.3,6.213,7.4,72.0,48.0,True,False,32.46,6.49,38.96,3929.75,2.36,3.78,54.57,0.815,96.56,0,0,0,186.82,7.78,1140.68,1.512,5.755,0.714,0.525
BGW-003,Baghewala Well 3,2024-04-15T00:00:00,4,production,50.61,12.48,804.04,17.59,8.62,21.48,431.48,5.993,7.96,72.0,48.0,True,False,32.34,6.47,38.81,3962.1,2.22,5.6,61.48,0.718,98.84,0,0,0,198.56,8.27,1102.52,1.5,6.139,0.762,0.58
BGW-003,Baghewala Well 3,2024-04-16T00:00:00,4,production,50.45,12.47,735.54,18.11,8.43,20.91,441.93,6.138,7.16,72.0,48.0,True,False,37.97,7.59,45.56,4000.06,2.45,5.71,64.53,0.758,98.27,0,0,0,200.08,8.34,1128.83,1.5,5.27,0.673,0.457
BGW-003,Baghewala Well 3,2024-04-17T00:00:00,4,production,50.35,12.6,760.57,18.0,8.28,21.61,435.7,6.051,7.26,72.0,48.0,True,False,37.69,7.54,45.23,4037.75,2.45,5.66,65.6,0.749,94.88,0,0,0,191.79,7.99,1112.27,1.5,5.089,0.688,0.484
BGW-003,Baghewala Well 3,2024-04-18T00:00:00,4,production,50.33,12.85,803.51,17.72,8.17,20.81,466.55,6.48,7.81,72.0,48.0,True,False,34.05,6.81,40.85,4071.8,2.55,5.23,67.3,0.751,102.55,0,0,0,197.06,8.21,1190.02,1.5,5.788,0.78,0.554
BGW-003,Baghewala Well 3,2024-04-19T00:00:00,4,production,50.38,12.6,796.39,17.8,8.61,20.43,425.81,5.914,7.48,72.0,48.0,True,False,35.44,7.09,42.53,4107.24,2.32,5.83,71.71,0.716,99.85,0,0,0,196.42,8.18,1088.09,1.5,5.542,0.757,0.538
BGW-003,Baghewala Well 3,2024-04-20T00:00:00,4,production,50.34,12.77,760.76,17.95,8.34,19.93,439.71,6.107,7.13,72.0,48.0,True,False,34.44,6.89,41.33,4141.68,2.39,4.85,67.79,0.799,98.86,0,0,0,193.3,8.05,1122.48,1.5,5.612,0.708,0.491
BGW-003,Baghewala Well 3,2024-04-21T00:00:00,4,production,50.22,12.21,807.02,17.88,8.4,18.91,464.99,6.458,7.85,72.0,48.0,True,False,37.71,7.54,45.25,4179.39,2.41,5.11,65.54,0.712,97.13,0,0,0,195.84,8.16,1185.97,1.5,5.194,0.757,0.541
BGW-003,Baghewala Well 3,2024-04-22T00:00:00,4,production,50.1,12.33,859.31,17.5,8.5,19.79,423.87,5.887,7.48,72.0,48.0,True,False,32.71,6.54,39.25,4212.1,2.25,5.38,57.68,0.706,103.19,0,0,0,194.22,8.09,1082.98,1.5,5.938,0.853,0.621
BGW-003,Baghewala Well 3,2024-04-23T00:00:00,4,production,50.04,12.75,749.3,17.96,8.31,20.4,450.54,6.257,7.09,72.0,48.0,True,False,40.62,8.12,48.75,4252.72,2.59,6.12,63.92,0.737,100.65,0,0,0,191.47,7.98,1149.32,1.5,4.713,0.702,0.551
BGW-003,Baghewala Well 3,2024-04-24T00:00:00,4,production,49.89,12.24,898.71,17.37,8.65,20.8,445.14,6.182,7.75,72.0,48.0,True,False,36.1,7.22,43.32,4288.82,2.61,4.58,67.26,0.735,108.33,0,0,0,183.59,7.65,1134.88,1.5,5.086,0.928,0.703
BGW-003,Baghewala Well 3,2024-04-25T00:00:00,4,production,49.86,12.41,764.65,18.15,8.56,22.73,446.28,6.198,7.79,72.0,48.0,True,True,33.34,6.67,40.01,4322.16,2.46,5.2,64.62,0.75,102.84,0,0,0,197.46,8.23,1139.4,1.5,5.923,0.732,0.554
BGW-003,Baghewala Well 3,2024-04-26T00:00:00,4,production,49.79,13.04,701.65,18.34,8.95,20.41,446.36,6.2,7.79,72.0,48.0,True,True,37.15,7.43,44.58,4359.31,2.27,4.96,67.3,0.812,95.59,0,0,0,198.49,8.27,1139.73,1.5,5.343,0.618,0.446
BGW-003,Baghewala Well 3,2024-04-27T00:00:00,4,production,49.76,12.19,801.21,17.78,8.58,21.47,437.53,6.077,7.88,72.0,48.0,True,True,29.8,5.96,35.76,4389.11,2.21,5.53,62.49,0.765,101.54,0,0,0,186.49,7.77,1116.19,1.5,6.257,0.772,0.57
BGW-003,Baghewala Well 3,2024-04-28T00:00:00,4,production,49.63,13.21,817.64,17.74,8.61,20.3,439.34,6.102,7.73,72.0,48.0,True,True,37.11,7.42,44.53,4426.22,2.36,5.25,65.97,0.751,97.79,0,0,0,196.08,8.17,1121.87,1.5,5.284,0.773,0.536
BGW-003,Baghewala Well 3,2024-04-29T00:00:00,5,production,48.17,12.14,762.72,18.13,8.48,22.74,433.66,6.023,7.06,72.0,48.0,True,True,27.47,5.49,32.96,4453.69,2.58,5.25,68.16,0.767,98.81,0,0,0,199.65,8.32,1108.1,1.5,7.269,0.71,0.505
BGW-003,Baghewala Well 3,2024-04-30T00:00:00,5,injection,49.33,12.84,918.62,17.37,8.62,21.02,408.04,4.75,7.46,85.91,53.09,False,False,25.84,5.17,31.01,4479.53,2.28,4.35,64.19,0.709,99.81,0,0,0,181.31,7.55,1041.85,1.5,7.016,0.91,0.66
BGW-003,Baghewala Well 3,2024-05-01T00:00:00,5,injection,50.24,12.69,764.99,17.95,8.52,21.08,484.71,7.327,7.85,66.16,49.44,False,False,31.89,6.38,38.27,4511.42,2.44,4.34,75.21,0.755,92.79,0,0,0,186.13,7.76,1234.1,1.5,5.836,0.683,0.445
BGW-003,Baghewala Well 3,2024-05-02T00:00:00,5,injection,51.51,12.63,762.47,17.67,8.31,21.03,388.45,6.032,7.58,64.4,47.8,False,False,37.07,7.41,44.49,4548.49,2.23,4.7,67.92,0.787,93.21,0,0,0,185.61,7.73,993.41,1.5,5.007,0.682,0.474
BGW-003,Baghewala Well 3,2024-05-03T00:00:00,5,soak,51.47,12.03,638.99,18.48,8.56,20.81,450.0,6.25,7.6,72.0,48.0,False,False,46.12,9.22,55.34,4594.61,2.15,4.0,68.54,0.923,84.64,0,0,0,184.54,7.69,1147.14,1.5,4.002,0.484,0.262
BGW-003,Baghewala Well 3,2024-05-04T00:00:00,5,soak,51.38,12.66,748.44,17.92,8.84,22.14,450.0,6.25,7.83,72.0,48.0,False,False,37.66,7.53,45.2,4632.27,2.27,4.0,63.65,0.859,93.96,0,0,0,174.96,7.29,1146.0,1.5,4.645,0.668,0.45
BGW-003,Baghewala Well 3,2024-05-05T00:00:00,5,soak,51.4,12.41,766.75,17.72,8.57,22.14,450.0,6.25,7.59,72.0,48.0,False,False,34.8,6.96,41.76,4667.07,2.32,4.0,63.43,0.791,94.16,0,0,0,178.62,7.44,1146.43,1.5,5.133,0.692,0.468
BGW-003,Baghewala Well 3,2024-05-06T00:00:00,5,production,51.29,11.75,720.37,18.06,8.3,25.41,455.68,6.329,7.63,72.0,48.0,True,False,41.7,8.34,50.04,4708.77,2.52,5.22,66.14,0.788,99.29,0,0,0,192.76,8.03,1162.34,1.5,4.623,0.659,0.487
BGW-003,Baghewala Well 3,2024-05-07T00:00:00,5,production,51.27,12.76,724.15,17.98,8.62,22.01,442.44,6.145,7.26,72.0,48.0,True,False,38.89,7.78,46.67,4747.66,2.26,5.05,68.61,0.77,94.61,0,0,0,187.41,7.81,1128.6,1.5,4.819,0.641,0.478
BGW-003,Baghewala Well 3,2024-05-08T00:00:00,5,production,51.14,12.21,769.48,17.82,8.58,22.29,426.15,5.919,7.06,72.0,48.0,True,False,39.19,7.84,47.02,4786.85,2.46,5.82,68.68,0.72,100.1,0,0,0,193.31,8.05,1088.57,1.5,4.933,0.725,0.53
BGW-003,Baghewala Well 3,2024-05-09T00:00:00,5,production,51.12,12.19,848.38,17.48,8.7,21.23,472.29,6.56,7.25,72.0,48.0,True,False,37.69,7.54,45.23,4824.54,2.42,5.1,70.06,0.758,100.53,0,0,0,184.75,7.7,1202.9,1.5,4.902,0.826,0.58
BGW-003,Baghewala Well 3,2024-05-10T00:00:00,5,production,51.06,12.41,803.97,17.74,8.48,22.93,441.47,6.132,7.33,72.0,48.0,True,False,38.33,7.67,46.0,4862.87,2.54,5.49,71.45,0.757,95.24,0,0,0,200.21,8.34,1127.7,1.5,5.223,0.744,0.532
BGW-003,Baghewala Well 3,2024-05-11T00:00:00,5,production,50.88,12.18,837.06,17.44,8.52,21.36,447.29,6.212,7.13,72.0,48.0,True,False,28.56,5.71,34.27,4891.43,2.41,4.79,63.7,0.777,98.77,0,0,0,184.34,7.68,1140.35,1.5,6.455,0.803,0.552
BGW-003,Baghewala Well 3,2024-05-12T00:00:00,5,production,50.84,12.69,738.2,18.0,8.54,22.28,433.14,6.016,7.52,72.0,48.0,True,False,39.29,7.86,47.15,4930.73,2.2,5.87,72.8,0.778,101.07,0,0,0,189.52,7.9,1105.6,1.5,4.823,0.691,0.521
BGW-003,Baghewala Well 3,2024-05-13T00:00:00,5,production,50.77,12.91,673.05,18.4,8.93,21.51,418.08,5.807,6.69,72.0,48.0,True,False,37.11,7.42,44.53,4967.83,2.51,4.64,71.36,0.856,90.92,0,0,0,190.69,7.95,1068.08,1.5,5.139,0.558,0.394
BGW-003,Baghewala Well 3,2024-05-14T00:00:00,5,production,50.69,12.62,747.34,17.92,8.63,22.58,446.86,6.206,7.56,72.0,48.0,True,False,36.4,7.28,43.68,5004.24,2.41,5.16,63.64,0.786,97.77,0,0,0,190.89,7.95,1140.05,1.5,5.244,0.686,0.474
BGW-003,Baghewala Well 3,2024-05-15T00:00:00,5,production,50.49,13.05,851.2,17.42,8.55,21.82,424.19,5.891,7.22,72.0,48.0,True,False,34.88,6.98,41.85,5039.11,2.37,5.43,68.38,0.687,103.45,0,0,0,197.07,8.21,1084.11,1.5,5.65,0.844,0.618
BGW-003,Baghewala Well 3,2024-05-16T00:00:00,5,production,50.38,12.43,786.8,17.86,8.27,23.87,444.6,6.175,7.3,72.0,48.0,True,False,40.38,8.08,48.46,5079.5,2.39,5.0,64.47,0.771,96.63,0,0,0,194.81,8.12,1134.86,1.5,4.824,0.729,0.532
BGW-003,Baghewala Well 3,2024-05-17T00:00:00,5,production,50.23,12.11,759.28,18.0,8.56,21.99,465.15,6.46,7.08,72.0,48.0,True,False,40.28,8.06,48.33,5119.77,2.47,5.6,58.9,0.737,100.8,0,0,0,203.14,8.46,1187.26,1.5,5.044,0.716,0.508
BGW-003,Baghewala Well 3,2024-05-18T00:00:00,5,production,50.1,12.45,794.2,17.81,8.59,19.65,438.82,6.095,7.35,72.0,48.0,True,False,39.6,7.92,47.53,5159.38,2.34,6.82,73.58,0.693,99.09,0,0,0,195.66,8.15,1120.52,1.5,4.94,0.77,0.565
BGW-003,Baghewala Well 3,2024-05-19T00:00:00,5,production,50.03,12.48,834.56,17.52,8.51,21.77,422.56,5.869,7.97,72.0,48.0,True,False,33.23,6.65,39.88,5192.61,2.29,5.07,66.39,0.745,100.26,0,0,0,195.28,8.14,1079.83,1.5,5.876,0.807,0.565
BGW-003,Baghewala Well 3,2024-05-20T00:00:00,5,production,49.97,12.6,770.94,18.03,8.49,22.2,454.6,6.314,7.79,72.0,48.0,True,False,36.74,7.35,44.09,5229.35,2.33,5.78,66.18,0.747,100.51,0,0,0,195.4,8.14,1159.95,1.5,5.318,0.729,0.531
BGW-003,Baghewala Well 3,2024-05-21T00:00:00,5,production,49.93,12.15,827.81,17.61,8.58,21.86,449.69,6.246,6.96,72.0,48.0,True,False,39.06,7.81,46.87,5268.41,2.4,5.56,64.74,0.736,104.68,0,0,0,198.12,8.25,1148.0,1.5,5.073,0.821,0.605
BGW-003,Baghewala Well 3,2024-05-22T00:00:00,5,production,49.82,12.25,686.88,18.45,8.57,22.98,459.15,6.377,7.52,72.0,48.0,True,False,37.45,7.49,44.94,5305.85,2.29,6.29,69.43,0.772,95.21,0,0,0,196.26,8.18,1171.44,1.5,5.241,0.597,0.404
BGW-003,Baghewala Well 3,2024-05-23T00:00:00,5,production,49.73,12.9,792.31,17.81,8.48,20.59,399.18,5.544,8.11,72.0,48.0,True,False,36.54,7.31,43.85,5342.39,2.28,5.91,73.22,0.733,97.29,0,0,0,191.49,7.98,1020.93,1.5,5.241,0.739,0.521
BGW-003,Baghewala Well 3,2024-05-24T00:00:00,5,production,49.67,12.59,660.33,18.6,8.79,20.51,475.07,6.598,7.54,72.0,48.0,True,False,39.93,7.99,47.91,5382.32,2.38,4.71,62.62,0.842,96.77,0,0,0,191.55,7.98,1210.66,1.5,4.797,0.572,0.402
BGW-003,Baghewala Well 3,2024-05-25T00:00:00,5,production,49.51,12.28,790.25,18.05,8.57,22.52,468.96,6.513,7.32,72.0,48.0,True,True,35.62,7.12,42.75,5417.95,2.48,4.98,63.08,0.793,100.59,0,0,0,182.12,7.59,1194.24,1.5,5.112,0.753,0.53
BGW-003,Baghewala Well 3,2024-05-26T00:00:00,5,production,49.46,12.54,791.92,17.85,8.75,23.85,443.15,6.155,7.9,72.0,48.0,True,True,33.54,6.71,40.25,5451.49,2.4,5.52,79.73,0.74,98.64,0,0,0,191.46,7.98,1130.85,1.5,5.708,0.746,0.561
BGW-003,Baghewala Well 3,2024-05-27T00:00:00,5,production,49.36,12.2,783.11,18.08,8.39,23.15,435.54,6.049,7.57,72.0,48.0,True,True,31.55,6.31,37.87,5483.04,2.37,5.65,66.39,0.743,100.89,0,0,0,188.59,7.86,1111.48,1.5,5.977,0.746,0.524
BGW-003,Baghewala Well 3,2024-05-28T00:00:00,5,production,49.25,12.59,843.68,17.73,8.67,21.75,474.61,6.592,7.9,72.0,48.0,True,True,31.31,6.26,37.57,5514.35,2.38,4.96,64.14,0.749,98.83,0,0,0,195.42,8.14,1209.97,1.5,6.241,0.811,0.556
BGW-003,Baghewala Well 3,2024-05-29T00:00:00,6,production,47.69,12.27,861.18,17.93,8.44,23.79,421.24,5.85,7.79,72.0,48.0,True,True,34.91,6.98,41.9,5549.26,2.4,5.07,70.28,0.712,101.23,0,0,0,187.71,7.82,1075.61,1.5,5.376,0.845,0.611
BGW-003,Baghewala Well 3,2024-05-30T00:00:00,6,injection,48.9,12.55,901.45,17.74,8.62,19.4,455.68,7.642,7.79,59.63,48.85,False,False,38.79,7.76,46.55,5588.06,2.4,4.32,58.71,0.741,97.0,0,0,0,178.18,7.42,1160.59,1.5,4.593,0.874,0.582
BGW-003,Baghewala Well 3,2024-05-31T00:00:00,6,injection,50.2,12.42,768.89,18.13,8.24,23.02,406.62,5.449,6.78,74.62,41.59,False,False,35.31,7.06,42.37,5623.36,2.47,4.34,68.17,0.799,94.53,0,0,0,181.02,7.54,1038.28,1.5,5.127,0.696,0.469
BGW-003,Baghewala Well 3,2024-06-01T00:00:00,6,injection,51.39,12.37,618.86,18.69,8.47,21.69,505.37,7.84,7.98,64.46,36.71,False,False,42.97,8.59,51.56,5666.33,2.26,4.59,71.33,0.854,89.08,0,0,0,196.62,8.19,1287.01,1.5,4.576,0.481,0.344
BGW-003,Baghewala Well 3,2024-06-02T00:00:00,6,soak,51.37,12.62,714.99,18.0,8.86,23.77,450.0,6.25,8.17,72.0,48.0,False,False,33.14,6.63,39.77,5699.47,2.4,4.0,65.26,0.842,90.44,0,0,0,175.84,7.33,1146.1,1.5,5.306,0.608,0.4
BGW-003,Baghewala Well 3,2024-06-03T00:00:00,6,soak,51.33,12.05,675.89,18.34,8.58,22.83,450.0,6.25,7.78,72.0,48.0,False,False,33.15,6.63,39.78,5732.62,2.41,4.0,63.95,0.861,92.37,0,0,0,178.48,7.44,1146.42,1.5,5.384,0.569,0.405
BGW-003,Baghewala Well 3,2024-06-04T00:00:00,6,soak,51.24,12.44,660.74,18.45,8.34,22.71,450.0,6.25,7.73,72.0,48.0,False,False,36.74,7.35,44.09,5769.36,2.5,4.0,55.26,0.858,92.01,0,0,0,179.81,7.49,1146.58,1.5,4.894,0.548,0.366
BGW-003,Baghewala Well 3,2024-06-05T00:00:00,6,production,51.14,12.65,840.35,17.43,8.76,23.33,476.37,6.616,7.42,72.0,48.0,True,False,32.29,6.46,38.75,5801.66,2.52,6.01,64.74,0.693,99.15,0,0,0,190.74,7.95,1213.83,1.5,5.907,0.809,0.577
BGW-003,Baghewala Well 3,2024-06-06T00:00:00,6,production,51.09,12.29,733.37,17.93,8.5,22.64,452.16,6.28,7.94,72.0,48.0,True,False,43.12,8.62,51.74,5844.77,2.51,5.82,66.0,0.755,98.53,0,0,0,200.17,8.34,1154.42,1.5,4.643,0.672,0.508
BGW-003,Baghewala Well 3,2024-06-07T00:00:00,6,production,51.02,11.97,795.95,17.79,8.61,22.58,460.09,6.39,7.36,72.0,48.0,True,False,34.52,6.9,41.42,5879.29,2.53,4.78,60.51,0.772,99.3,0,0,0,188.9,7.87,1172.89,1.5,5.473,0.754,0.527
BGW-003,Baghewala Well 3,2024-06-08T00:00:00,6,production,50.94,12.42,687.39,18.24,8.61,25.37,425.04,5.903,7.78,72.0,48.0,True,False,32.51,6.5,39.01,5911.79,2.57,5.23,68.09,0.774,97.75,0,0,0,183.88,7.66,1084.67,1.5,5.657,0.61,0.439
BGW-003,Baghewala Well 3,2024-06-09T00:00:00,6,production,50.88,12.16,881.65,17.18,8.37,24.28,446.05,6.195,7.56,72.0,48.0,True,False,37.89,7.58,45.47,5949.69,2.32,5.27,52.48,0.687,102.55,0,0,0,189.34,7.89,1137.86,1.5,4.997,0.877,0.581
BGW-003,Baghewala Well 3,2024-06-10T00:00:00,6,production,50.84,12.3,718.89,17.91,8.23,23.16,454.46,6.312,8.33,72.0,48.0,True,False,48.63,9.73,58.35,5998.31,2.64,5.85,64.16,0.803,99.72,0,0,0,200.47,8.35,1160.2,1.5,4.123,0.66,0.466
BGW-003,Baghewala Well 3,2024-06-11T00:00:00,6,production,50.72,12.65,776.29,17.76,8.6,24.74,459.73,6.385,6.87,72.0,48.0,True,False,44.35,8.87,53.22,6042.66,2.4,5.98,69.63,0.756,96.79,0,0,0,199.53,8.31,1173.27,1.5,4.499,0.717,0.515
BGW-003,Baghewala Well 3,2024-06-12T00:00:00,6,production,50.64,12.92,722.58,18.13,8.36,22.82,470.7,6.537,8.16,72.0,48.0,True,False,40.79,8.16,48.95,6083.46,2.33,6.04,68.47,0.792,98.55,0,0,0,201.64,8.4,1200.94,1.5,4.943,0.658,0.506
BGW-003,Baghewala Well 3,2024-06-13T00:00:00,6,production,50.58,12.27,739.15,17.94,8.62,24.63,456.05,6.334,7.56,72.0,48.0,True,False,33.01,6.6,39.61,6116.46,2.45,5.72,63.45,0.769,102.09,0,0,0,200.03,8.33,1164.14,1.5,6.06,0.697,0.533
BGW-003,Baghewala Well 3,2024-06-14T00:00:00,6,production,50.53,12.55,768.23,17.91,8.77,22.85,461.34,6.408,7.66,72.0,48.0,True,False,42.29,8.46,50.75,6158.75,2.19,4.79,62.23,0.782,93.43,0,0,0,192.95,8.04,1176.51,1.5,4.563,0.69,0.48
BGW-003,Baghewala Well 3,2024-06-15T00:00:00,6,production,50.43,12.06,696.19,18.34,8.46,24.25,431.74,5.996,8.07,72.0,48.0,True,False,41.42,8.28,49.7,6200.17,2.33,5.01,76.41,0.835,95.81,0,0,0,194.13,8.09,1102.65,1.5,4.687,0.612,0.448
BGW-003,Baghewala Well 3,2024-06-16T00:00:00,6,production,50.31,12.23,702.5,18.19,8.58,24.69,495.46,6.881,7.28,72.0,48.0,True,False,31.78,6.36,38.13,6231.95,2.46,4.92,65.81,0.815,93.17,0,0,0,192.69,8.03,1261.76,1.5,6.064,0.606,0.393
BGW-003,Baghewala Well 3,2024-06-17T00:00:00,6,production,50.21,12.26,789.4,17.62,8.18,23.12,454.17,6.308,6.98,72.0,48.0,True,False,38.08,7.62,45.7,6270.03,2.36,5.46,63.64,0.752,96.03,0,0,0,196.17,8.17,1158.97,1.5,5.151,0.729,0.475
BGW-003,Baghewala Well 3,2024-06-18T00:00:00,6,production,50.07,12.03,788.82,17.91,8.36,23.43,455.78,6.33,7.38,72.0,48.0,True,False,30.26,6.05,36.31,6300.29,2.38,3.98,61.48,0.789,97.3,0,0,0,182.54,7.61,1161.37,1.5,6.033,0.735,0.561
BGW-003,Baghewala Well 3,2024-06-19T00:00:00,6,production,49.99,12.72,709.43,18.25,8.7,23.46,465.76,6.469,7.8,72.0,48.0,True,False,39.48,7.9,47.37,6339.77,2.6,5.89,72.21,0.749,98.67,0,0,0,194.25,8.09,1187.71,1.5,4.921,0.643,0.472
BGW-003,Baghewala Well 3,2024-06-20T00:00:00,6,production,49.85,12.5,821.55,17.8,8.24,23.9,440.14,6.113,7.12,72.0,48.0,True,False,38.58,7.72,46.3,6378.35,2.49,5.42,58.71,0.711,101.02,0,0,0,191.86,7.99,1123.37,1.5,4.973,0.795,0.533
BGW-003,Baghewala Well 3,2024-06-21T00:00:00,6,production,49.75,11.96,816.9,17.77,8.83,24.67,457.47,6.354,7.38,72.0,48.0,True,False,33.18,6.64,39.82,6411.54,2.33,5.22,61.86,0.762,98.12,0,0,0,196.49,8.19,1167.25,1.5,5.921,0.774,0.541
BGW-003,Baghewala Well 3,2024-06-22T00:00:00,6,production,49.74,12.13,715.7,18.29,8.52,22.55,409.33,5.685,8.08,72.0,48.0,True,False,38.7,7.74,46.44,6450.24,2.34,5.4,61.89,0.814,95.92,0,0,0,186.47,7.77,1045.7,1.5,4.818,0.637,0.46
BGW-003,Baghewala Well 3,2024-06-23T00:00:00,6,production,49.69,12.41,712.17,18.46,8.27,22.17,439.87,6.109,6.9,72.0,48.0,True,False,38.51,7.7,46.21,6488.75,2.28,4.89,61.59,0.79,91.03,0,0,0,192.33,8.01,1122.75,1.5,4.994,0.608,0.417
BGW-003,Baghewala Well 3,2024-06-24T00:00:00,6,production,49.65,12.32,694.94,18.34,8.07,21.61,488.01,6.778,7.82,72.0,48.0,True,True,34.51,6.9,41.41,6523.26,2.31,5.06,61.05,0.813,92.93,0,0,0,180.85,7.54,1241.72,1.5,5.241,0.596,0.42
BGW-003,Baghewala Well 3,2024-06-25T00:00:00,6,production,49.55,12.69,735.7,18.34,8.68,23.46,443.28,6.157,6.72,72.0,48.0,True,True,30.96,6.19,37.16,6554.22,2.46,4.82,62.56,0.819,92.63,0,0,0,189.23,7.88,1130.9,1.5,6.111,0.645,0.433
BGW-003,Baghewala Well 3,2024-06-26T00:00:00,6,production,49.48,12.55,757.12,18.15,8.12,23.37,440.97,6.125,7.79,72.0,48.0,True,True,36.34,7.27,43.6,6590.56,2.23,6.36,63.4,0.71,99.04,0,0,0,203.5,8.48,1126.85,1.5,5.601,0.704,0.53
BGW-003,Baghewala Well 3,2024-06-27T00:00:00,6,production,49.38,12.0,839.82,17.73,8.63,24.07,461.52,6.41,7.59,72.0,48.0,True,True,32.8,6.56,39.36,6623.35,2.23,6.28,62.04,0.687,103.37,0,0,0,187.28,7.8,1176.26,1.5,5.711,0.829,0.621
BGW-003,Baghewala Well 3,2024-06-28T00:00:00,7,production,47.8,11.92,883.96,17.9,8.57,24.13,444.43,6.173,7.03,72.0,48.0,True,True,30.23,6.05,36.28,6653.58,2.4,6.09,71.82,0.666,100.1,0,0,0,196.19,8.17,1134.62,1.5,6.49,0.868,0.64
